time_step time kinetic_energy potential_energy
0    0.000000000000e+00    9.395048645794e-03    8.028535053199e-03
10    2.500000000000e-01    9.275169628604e-03    7.983555872670e-03
20    5.000000000000e-01    9.270010378929e-03    7.925013724162e-03
30    7.500000000000e-01    9.293369174286e-03    7.877539504989e-03
40    1.000000000000e+00    9.340439613112e-03    7.855976804422e-03
50    1.250000000000e+00    9.401619093886e-03    7.867328864450e-03
60    1.500000000000e+00    9.390156782397e-03    7.833305232452e-03
70    1.750000000000e+00    9.361753778981e-03    7.813296383574e-03
80    2.000000000000e+00    9.338280757212e-03    7.824658244317e-03
90    2.250000000000e+00    9.331026234938e-03    7.867981533309e-03
100    2.500000000000e+00    9.339983056605e-03    7.929450034680e-03
110    2.750000000000e+00    9.296361970370e-03    7.925264909318e-03
120    3.000000000000e+00    9.265671026154e-03    7.912755142570e-03
130    3.250000000000e+00    9.266145639737e-03    7.906457515674e-03
140    3.500000000000e+00    9.302063130811e-03    7.913024302070e-03
150    3.750000000000e+00    9.355365262634e-03    7.922058718577e-03
160    4.000000000000e+00    9.354409586321e-03    7.872124576352e-03
170    4.250000000000e+00    9.354121226503e-03    7.832219303054e-03
180    4.500000000000e+00    9.363232958025e-03    7.821683945622e-03
190    4.750000000000e+00    9.384202862089e-03    7.848091745473e-03
200    5.000000000000e+00    9.395583827481e-03    7.887949910582e-03
210    5.250000000000e+00    9.347653865330e-03    7.882335636168e-03
220    5.500000000000e+00    9.305796750297e-03    7.886552450145e-03
230    5.750000000000e+00    9.288095403981e-03    7.906825177088e-03
240    6.000000000000e+00    9.303755877035e-03    7.943019323648e-03
250    6.250000000000e+00    9.323688085077e-03    7.961278248331e-03
260    6.500000000000e+00    9.307454647194e-03    7.921955368147e-03
270    6.750000000000e+00    9.307865509608e-03    7.886092100307e-03
280    7.000000000000e+00    9.330658306918e-03    7.869286214373e-03
290    7.250000000000e+00    9.375258776567e-03    7.880526416557e-03
300    7.500000000000e+00    9.397479619564e-03    7.882040852564e-03
310    7.750000000000e+00    9.371747184161e-03    7.851161710278e-03
320    8.000000000000e+00    9.349791229773e-03    7.840515005228e-03
330    8.250000000000e+00    9.342824001513e-03    7.857630230319e-03
340    8.500000000000e+00    9.357919382594e-03    7.903191236437e-03
350    8.750000000000e+00    9.348293615246e-03    7.921902272756e-03
360    9.000000000000e+00    9.310350092538e-03    7.903444028670e-03
370    9.250000000000e+00    9.291724847851e-03    7.892933646872e-03
380    9.500000000000e+00    9.300800939831e-03    7.898607025709e-03
390    9.750000000000e+00    9.339802384819e-03    7.925404713205e-03
400    1.000000000000e+01    9.345659898258e-03    7.913485215795e-03
410    1.025000000000e+01    9.327190629877e-03    7.876835949901e-03
420    1.050000000000e+01    9.321288444315e-03    7.857749075811e-03
430    1.075000000000e+01    9.333919376139e-03    7.865113617299e-03
440    1.100000000000e+01    9.368079119924e-03    7.902520340394e-03
450    1.125000000000e+01    9.352982138144e-03    7.896446515588e-03
460    1.150000000000e+01    9.320188137055e-03    7.876593074798e-03
470    1.175000000000e+01    9.302662763564e-03    7.874047801124e-03
480    1.200000000000e+01    9.308309041579e-03    7.894180735093e-03
490    1.225000000000e+01    9.341370678307e-03    7.938952428049e-03
500    1.250000000000e+01    9.320423947386e-03    7.923149972157e-03
510    1.275000000000e+01    9.296147200961e-03    7.897625803707e-03
520    1.300000000000e+01    9.291921408659e-03    7.886691881140e-03
530    1.325000000000e+01    9.313014804594e-03    7.897105904703e-03
540    1.350000000000e+01    9.357165144903e-03    7.928696787530e-03
550    1.375000000000e+01    9.341546550126e-03    7.899477071987e-03
560    1.400000000000e+01    9.323627392680e-03    7.870750571783e-03
570    1.425000000000e+01    9.321362698164e-03    7.862766443395e-03
580    1.450000000000e+01    9.339871604447e-03    7.881296728556e-03
590    1.475000000000e+01    9.372198213798e-03    7.918576601696e-03
600    1.500000000000e+01    9.344007176169e-03    7.897100656010e-03
610    1.525000000000e+01    9.318278404001e-03    7.879483844590e-03
620    1.550000000000e+01    9.311571402180e-03    7.880682917857e-03
630    1.575000000000e+01    9.329622090232e-03    7.904961858912e-03
640    1.600000000000e+01    9.358371385035e-03    7.936967332171e-03
650    1.625000000000e+01    9.332859702492e-03    7.909667695458e-03
660    1.650000000000e+01    9.315110725959e-03    7.887057935477e-03
670    1.675000000000e+01    9.317911019813e-03    7.883176022915e-03
680    1.700000000000e+01    9.345176548285e-03    7.903322060884e-03
690    1.725000000000e+01    9.373377713586e-03    7.924834147161e-03
700    1.750000000000e+01    9.349091216822e-03    7.894470407336e-03
710    1.775000000000e+01    9.331871414601e-03    7.874527575950e-03
720    1.800000000000e+01    9.332813149481e-03    7.876925312303e-03
730    1.825000000000e+01    9.356273672698e-03    7.905812940407e-03
740    1.850000000000e+01    9.371097481288e-03    7.928248261123e-03
750    1.875000000000e+01    9.339728230079e-03    7.904217970463e-03
760    1.900000000000e+01    9.319366642508e-03    7.890707860497e-03
770    1.925000000000e+01    9.320649514080e-03    7.897041349679e-03
780    1.950000000000e+01    9.347993009085e-03    7.926802760267e-03
790    1.975000000000e+01    9.360435510113e-03    7.937803519781e-03
800    2.000000000000e+01    9.335353857236e-03    7.907365986284e-03
810    2.025000000000e+01    9.323469770841e-03    7.888753098996e-03
820    2.050000000000e+01    9.332771299128e-03    7.891596485024e-03
830    2.075000000000e+01    9.366209504844e-03    7.920305007246e-03
840    2.100000000000e+01    9.372248039913e-03    7.923298820970e-03
850    2.125000000000e+01    9.345369612461e-03    7.895527950495e-03
860    2.150000000000e+01    9.330711969761e-03    7.883404980021e-03
870    2.175000000000e+01    9.336314751507e-03    7.894622054664e-03
880    2.200000000000e+01    9.366184616881e-03    7.932160291602e-03
890    2.225000000000e+01    9.359827713142e-03    7.932627798255e-03
900    2.250000000000e+01    9.330879778953e-03    7.908305039564e-03
910    2.275000000000e+01    9.318037533611e-03    7.898088609181e-03
920    2.300000000000e+01    9.328479472054e-03    7.909052454124e-03
930    2.325000000000e+01    9.365338157392e-03    7.944618292640e-03
940    2.350000000000e+01    9.356511289290e-03    7.931686761367e-03
950    2.375000000000e+01    9.333438599557e-03    7.903323845312e-03
960    2.400000000000e+01    9.326140522325e-03    7.891630586528e-03
970    2.425000000000e+01    9.340448677057e-03    7.903675280431e-03
980    2.450000000000e+01    9.379125676692e-03    7.942852686938e-03
990    2.475000000000e+01    9.359566282196e-03    7.924814735816e-03
1000    2.500000000000e+01    9.333523908944e-03    7.902024158284e-03
1010    2.525000000000e+01    9.323744704460e-03    7.897223519649e-03
1020    2.550000000000e+01    9.336492512077e-03    7.915910067823e-03
1030    2.575000000000e+01    9.371092013415e-03    7.956437319081e-03
1040    2.600000000000e+01    9.346626229884e-03    7.935014064969e-03
1050    2.625000000000e+01    9.323031594843e-03    7.912185743407e-03
1060    2.650000000000e+01    9.318312569687e-03    7.906371686659e-03
1070    2.675000000000e+01    9.337743579149e-03    7.923289832434e-03
1080    2.700000000000e+01    9.373732609923e-03    7.955704487358e-03
1090    2.725000000000e+01    9.351246839142e-03    7.927588534585e-03
1100    2.750000000000e+01    9.332124517790e-03    7.903228585747e-03
1110    2.775000000000e+01    9.330800223716e-03    7.898411581664e-03
1120    2.800000000000e+01    9.351991897616e-03    7.918691329905e-03
1130    2.825000000000e+01    9.380974313117e-03    7.949056063808e-03
1140    2.850000000000e+01    9.353438297239e-03    7.923374988422e-03
1150    2.875000000000e+01    9.331711383884e-03    7.904747296379e-03
1160    2.900000000000e+01    9.328990854929e-03    7.905815507002e-03
1170    2.925000000000e+01    9.350443617623e-03    7.930893919365e-03
1180    2.950000000000e+01    9.373595413816e-03    7.956327945067e-03
1190    2.975000000000e+01    9.346651646909e-03    7.928666266707e-03
1200    3.000000000000e+01    9.329019863259e-03    7.908997372397e-03
1210    3.025000000000e+01    9.331676034923e-03    7.909017744169e-03
1220    3.050000000000e+01    9.358734302422e-03    7.933621724078e-03
1230    3.075000000000e+01    9.378123098688e-03    7.950675096254e-03
1240    3.100000000000e+01    9.351771586654e-03    7.921981648906e-03
1250    3.125000000000e+01    9.334966941597e-03    7.904789903478e-03
1260    3.150000000000e+01    9.337544177540e-03    7.909373437542e-03
1270    3.175000000000e+01    9.363781049289e-03    7.939958318275e-03
1280    3.200000000000e+01    9.372917784783e-03    7.954279300066e-03
1290    3.225000000000e+01    9.343283613158e-03    7.929390895697e-03
1300    3.250000000000e+01    9.325779895098e-03    7.916575307718e-03
1310    3.275000000000e+01    9.329780254389e-03    7.924514915430e-03
1320    3.300000000000e+01    9.359571016762e-03    7.956875769196e-03
1330    3.325000000000e+01    9.364418667530e-03    7.961457607053e-03
1340    3.350000000000e+01    9.338999669251e-03    7.932949901260e-03
1350    3.375000000000e+01    9.327621933956e-03    7.917436284515e-03
1360    3.400000000000e+01    9.338046338177e-03    7.923550289888e-03
1370    3.425000000000e+01    9.373651695840e-03    7.955367571412e-03
1380    3.450000000000e+01    9.373014755906e-03    7.950684570460e-03
1390    3.475000000000e+01    9.348463443429e-03    7.922762269118e-03
1400    3.500000000000e+01    9.337721619746e-03    7.910561247627e-03
1410    3.525000000000e+01    9.348167047077e-03    7.921521596472e-03
1420    3.550000000000e+01    9.383474249728e-03    7.959115082485e-03
1430    3.575000000000e+01    9.372203769192e-03    7.949861541420e-03
1440    3.600000000000e+01    9.345970857555e-03    7.925344108116e-03
1450    3.625000000000e+01    9.335573943329e-03    7.916698236841e-03
1460    3.650000000000e+01    9.347953586264e-03    7.930615927762e-03
1470    3.675000000000e+01    9.386542613050e-03    7.970328635565e-03
1480    3.700000000000e+01    9.368786493670e-03    7.951439114549e-03
1490    3.725000000000e+01    9.345406431608e-03    7.925922424874e-03
1500    3.750000000000e+01    9.338814874641e-03    7.917439673292e-03
1510    3.775000000000e+01    9.354911579022e-03    7.932650595649e-03
1520    3.800000000000e+01    9.392480818531e-03    7.970692160598e-03
1530    3.825000000000e+01    9.369905230764e-03    7.948380109156e-03
1540    3.850000000000e+01    9.346004053359e-03    7.925842888653e-03
1550    3.875000000000e+01    9.339205355445e-03    7.921895751679e-03
1560    3.900000000000e+01    9.355378626700e-03    7.942161381834e-03
1570    3.925000000000e+01    9.387676148419e-03    7.979105017512e-03
1580    3.950000000000e+01    9.361487078457e-03    7.955653199133e-03
1590    3.975000000000e+01    9.338864066329e-03    7.934436111100e-03
1600    4.000000000000e+01    9.335431091516e-03    7.931383396681e-03
1610    4.025000000000e+01    9.356420213327e-03    7.951924767440e-03
1620    4.050000000000e+01    9.387246011269e-03    7.981409218701e-03
1630    4.075000000000e+01    9.362508957751e-03    7.953267397170e-03
1640    4.100000000000e+01    9.343670372851e-03    7.931023779747e-03
1650    4.125000000000e+01    9.343784537856e-03    7.928853210615e-03
1660    4.150000000000e+01    9.367435853675e-03    7.952041601129e-03
1670    4.175000000000e+01    9.391940032701e-03    7.977537942679e-03
1680    4.200000000000e+01    9.364272021126e-03    7.950796035402e-03
1690    4.225000000000e+01    9.344427610134e-03    7.932786764286e-03
1700    4.250000000000e+01    9.344431700497e-03    7.935415145766e-03
1710    4.275000000000e+01    9.369059537513e-03    7.962965745719e-03
1720    4.300000000000e+01    9.387216878774e-03    7.983036569385e-03
1730    4.325000000000e+01    9.359867583103e-03    7.955091996337e-03
1740    4.350000000000e+01    9.343381127154e-03    7.936802150653e-03
1750    4.375000000000e+01    9.348111640826e-03    7.939147419165e-03
1760    4.400000000000e+01    9.378044661020e-03    7.966603648129e-03
1770    4.425000000000e+01    9.392253555683e-03    7.977704268342e-03
1780    4.450000000000e+01    9.366507317746e-03    7.948029900945e-03
1790    4.475000000000e+01    9.352300186282e-03    7.930889546515e-03
1800    4.500000000000e+01    9.358853932656e-03    7.936063424495e-03
1810    4.525000000000e+01    9.389987045530e-03    7.967669743266e-03
1820    4.550000000000e+01    9.395209245761e-03    7.973948839208e-03
1830    4.575000000000e+01    9.367247412173e-03    7.947187314130e-03
1840    4.600000000000e+01    9.352390626992e-03    7.934482154269e-03
1850    4.625000000000e+01    9.359297949889e-03    7.944258017233e-03
1860    4.650000000000e+01    9.391835466919e-03    7.980011164364e-03
1870    4.675000000000e+01    9.389372952585e-03    7.979314860677e-03
1880    4.700000000000e+01    9.362192702651e-03    7.952600291901e-03
1890    4.725000000000e+01    9.349940738979e-03    7.940683444758e-03
1900    4.750000000000e+01    9.360202129709e-03    7.951654413773e-03
1910    4.775000000000e+01    9.396312259556e-03    7.989125761014e-03
1920    4.800000000000e+01    9.386683110503e-03    7.979976207025e-03
1930    4.825000000000e+01    9.360175398049e-03    7.954029104440e-03
1940    4.850000000000e+01    9.349301124084e-03    7.944727693030e-03
1950    4.875000000000e+01    9.361163055004e-03    7.959101480083e-03
1960    4.900000000000e+01    9.399199858869e-03    8.000303371773e-03
1970    4.925000000000e+01    9.381095178444e-03    7.983692143171e-03
1980    4.950000000000e+01    9.355615631047e-03    7.958929478264e-03
1990    4.975000000000e+01    9.347579735982e-03    7.951127505294e-03
2000    5.000000000000e+01    9.363505578162e-03    7.966611777192e-03
2010    5.025000000000e+01    9.402631064712e-03    8.004479451301e-03
2020    5.050000000000e+01    9.382592383260e-03    7.980668564414e-03
2030    5.075000000000e+01    9.360666125241e-03    7.954265102853e-03
2040    5.100000000000e+01    9.356738422068e-03    7.946224885018e-03
2050    5.125000000000e+01    9.376504914450e-03    7.962792284161e-03
2060    5.150000000000e+01    9.413085603343e-03    7.997152325515e-03
2070    5.175000000000e+01    9.389696805088e-03    7.971014962095e-03
2080    5.200000000000e+01    9.367665154975e-03    7.947427702675e-03
2090    5.225000000000e+01    9.363922648293e-03    7.943807750962e-03
2100    5.250000000000e+01    9.383989273015e-03    7.965501225044e-03
2110    5.275000000000e+01    9.414058918374e-03    7.998158029295e-03
2120    5.300000000000e+01    9.386807160138e-03    7.972534338478e-03
2130    5.325000000000e+01    9.364622362514e-03    7.952155591738e-03
2140    5.350000000000e+01    9.362093978672e-03    7.951841478643e-03
2150    5.375000000000e+01    9.384301248635e-03    7.976705463989e-03
2160    5.400000000000e+01    9.409224359644e-03    8.004070396055e-03
2170    5.425000000000e+01    9.381211591333e-03    7.976879072885e-03
2180    5.450000000000e+01    9.361047248587e-03    7.957446716318e-03
2190    5.475000000000e+01    9.361293432169e-03    7.958849888382e-03
2200    5.500000000000e+01    9.386544743282e-03    7.985899278538e-03
2210    5.525000000000e+01    9.405777102787e-03    8.006958127226e-03
2220    5.550000000000e+01    9.377216252160e-03    7.979253144185e-03
2230    5.575000000000e+01    9.358618599698e-03    7.961785820044e-03
2240    5.600000000000e+01    9.361157807549e-03    7.965870002408e-03
2250    5.625000000000e+01    9.389266181880e-03    7.995712603588e-03
2260    5.650000000000e+01    9.402597931822e-03    8.009858907826e-03
2270    5.675000000000e+01    9.375078818636e-03    7.981158459188e-03
2280    5.700000000000e+01    9.359885736497e-03    7.963863966324e-03
2290    5.725000000000e+01    9.366796802963e-03    7.968270187121e-03
2300    5.750000000000e+01    9.399690395519e-03    7.998673218935e-03
2310    5.775000000000e+01    9.407875745706e-03    8.003619232113e-03
2320    5.800000000000e+01    9.381914521233e-03    7.973641203534e-03
2330    5.825000000000e+01    9.369043019073e-03    7.957609182995e-03
2340    5.850000000000e+01    9.377897972296e-03    7.964839333908e-03
2350    5.875000000000e+01    9.412120543991e-03    7.999360930626e-03
2360    5.900000000000e+01    9.410741832726e-03    7.998898884580e-03
2370    5.925000000000e+01    9.382794654897e-03    7.972186219376e-03
2380    5.950000000000e+01    9.369289216299e-03    7.960929207911e-03
2390    5.975000000000e+01    9.378375249591e-03    7.973145948199e-03
2400    6.000000000000e+01    9.413747625638e-03    8.012170270376e-03
2410    6.025000000000e+01    9.403848370981e-03    8.004503720258e-03
2420    6.050000000000e+01    9.376903973662e-03    7.978494698364e-03
2430    6.075000000000e+01    9.366326817245e-03    7.968352428179e-03
2440    6.100000000000e+01    9.379305533566e-03    7.981609143826e-03
2450    6.125000000000e+01    9.419052488209e-03    8.021746645682e-03
2460    6.150000000000e+01    9.402522778119e-03    8.004131753296e-03
2470    6.175000000000e+01    9.377696337738e-03    7.977898411809e-03
2480    6.200000000000e+01    9.369765387878e-03    7.969157228217e-03
2490    6.225000000000e+01    9.385288917115e-03    7.984860480065e-03
2500    6.250000000000e+01    9.423533580763e-03    8.024313886381e-03
2510    6.275000000000e+01    9.401735423241e-03    8.002707586456e-03
2520    6.300000000000e+01    9.377350927120e-03    7.978617354638e-03
2530    6.325000000000e+01    9.370926390339e-03    7.972997877914e-03
2540    6.350000000000e+01    9.388657900793e-03    7.991963935638e-03
2550    6.375000000000e+01    9.423921779475e-03    8.028484719034e-03
2560    6.400000000000e+01    9.399681859191e-03    8.003558489690e-03
2570    6.425000000000e+01    9.377339395936e-03    7.980054899235e-03
2580    6.450000000000e+01    9.373895492149e-03    7.975705707395e-03
2590    6.475000000000e+01    9.394863261721e-03    7.996418127732e-03
2600    6.500000000000e+01    9.426159727067e-03    8.027958702769e-03
2610    6.525000000000e+01    9.400139441919e-03    8.001061607501e-03
2620    6.550000000000e+01    9.378880619398e-03    7.979419006006e-03
2630    6.575000000000e+01    9.377008061841e-03    7.978087548508e-03
2640    6.600000000000e+01    9.399791526962e-03    8.002281702829e-03
2650    6.625000000000e+01    9.425090073917e-03    8.029152305426e-03
2660    6.650000000000e+01    9.397530248364e-03    8.001737907762e-03
2670    6.675000000000e+01    9.377725789359e-03    7.982015714333e-03
2680    6.700000000000e+01    9.378369944390e-03    7.983019922904e-03
2690    6.725000000000e+01    9.404255334774e-03    8.009548877453e-03
2700    6.750000000000e+01    9.424111105136e-03    8.029619823901e-03
2710    6.775000000000e+01    9.396632998845e-03    8.001034643712e-03
2720    6.800000000000e+01    9.378908639719e-03    7.982584646015e-03
2730    6.825000000000e+01    9.381996584818e-03    7.985738546267e-03
2740    6.850000000000e+01    9.410331152915e-03    8.015073643946e-03
2750    6.875000000000e+01    9.423059000880e-03    8.028796380131e-03
2760    6.900000000000e+01    9.394802614728e-03    8.000706574421e-03
2770    6.925000000000e+01    9.378108265796e-03    7.984692126229e-03
2780    6.950000000000e+01    9.382904898311e-03    7.990912771675e-03
2790    6.975000000000e+01    9.413429435538e-03    8.023496803617e-03
2800    7.000000000000e+01    9.418789874552e-03    8.030097141273e-03
2810    7.025000000000e+01    9.390922082579e-03    8.002312220015e-03
2820    7.050000000000e+01    9.376578441595e-03    7.987964243512e-03
2830    7.075000000000e+01    9.384561560844e-03    7.996092534995e-03
2840    7.100000000000e+01    9.418723399817e-03    8.030576695091e-03
2850    7.125000000000e+01    9.417449330206e-03    8.028457516957e-03
2860    7.150000000000e+01    9.390972020310e-03    8.000401373465e-03
2870    7.175000000000e+01    9.379184462615e-03    7.987462143319e-03
2880    7.200000000000e+01    9.389903191614e-03    7.997758458259e-03
2890    7.225000000000e+01    9.426695401349e-03    8.035031560212e-03
2900    7.250000000000e+01    9.417021757060e-03    8.025156262192e-03
2910    7.275000000000e+01    9.390706696174e-03    7.998478977242e-03
2920    7.300000000000e+01    9.380256033515e-03    7.988367374310e-03
2930    7.325000000000e+01    9.392881526683e-03    8.002033656339e-03
2940    7.350000000000e+01    9.432060843133e-03    8.042742146245e-03
2950    7.375000000000e+01    9.413995018362e-03    8.024728450437e-03
2960    7.400000000000e+01    9.388896217867e-03    7.999230380847e-03
2970    7.425000000000e+01    9.380968292994e-03    7.991060922905e-03
2980    7.450000000000e+01    9.396621332795e-03    8.006920309526e-03
2990    7.475000000000e+01    9.434857587986e-03    8.045926003433e-03
3000    7.500000000000e+01    9.412451110404e-03    8.023186376704e-03
3010    7.525000000000e+01    9.388408854257e-03    7.999065698641e-03
3020    7.550000000000e+01    9.382198813389e-03    7.993620027264e-03
3030    7.575000000000e+01    9.399744807269e-03    8.012803734346e-03
3040    7.600000000000e+01    9.433927371145e-03    8.049213351114e-03
3050    7.625000000000e+01    9.408071103963e-03    8.024357492104e-03
3060    7.650000000000e+01    9.384968058552e-03    8.002103638319e-03
3070    7.675000000000e+01    9.380945774731e-03    7.999117809049e-03
3080    7.700000000000e+01    9.401474184051e-03    8.020717912586e-03
3090    7.725000000000e+01    9.431858488850e-03    8.051782302573e-03
3100    7.750000000000e+01    9.405446650580e-03    8.024228241993e-03
3110    7.775000000000e+01    9.385159547919e-03    8.002478789422e-03
3120    7.800000000000e+01    9.384691021365e-03    8.000674230971e-03
3130    7.825000000000e+01    9.408906523710e-03    8.023984951251e-03
3140    7.850000000000e+01    9.434524055112e-03    8.048886000324e-03
3150    7.875000000000e+01    9.407457427365e-03    8.020146435229e-03
3160    7.900000000000e+01    9.388651982813e-03    8.000165124031e-03
3170    7.925000000000e+01    9.389943955158e-03    8.001172716831e-03
3180    7.950000000000e+01    9.415901228433e-03    8.027910768760e-03
3190    7.975000000000e+01    9.434271672359e-03    8.047396274378e-03
3200    8.000000000000e+01    9.405854275393e-03    8.019245274227e-03
3210    8.025000000000e+01    9.387995084540e-03    8.001896771020e-03
3220    8.050000000000e+01    9.391170840725e-03    8.005967859390e-03
3230    8.075000000000e+01    9.419708070155e-03    8.035686985750e-03
3240    8.100000000000e+01    9.431632938175e-03    8.047987059399e-03
3250    8.125000000000e+01    9.403910573401e-03    8.019289901313e-03
3260    8.150000000000e+01    9.388677878730e-03    8.003103023839e-03
3270    8.175000000000e+01    9.394988548448e-03    8.008892405087e-03
3280    8.200000000000e+01    9.426689594779e-03    8.040829889069e-03
3290    8.225000000000e+01    9.431546535363e-03    8.045670307183e-03
3300    8.250000000000e+01    9.403994655030e-03    8.017650978218e-03
3310    8.275000000000e+01    9.390041945695e-03    8.004004699615e-03
3320    8.300000000000e+01    9.397902921341e-03    8.013131756343e-03
3330    8.325000000000e+01    9.431382748023e-03    8.048726920606e-03
3340    8.350000000000e+01    9.427849723223e-03    8.046521023971e-03
3350    8.375000000000e+01    9.400523709646e-03    8.019631402021e-03
3360    8.400000000000e+01    9.388549927023e-03    8.008013194740e-03
3370    8.425000000000e+01    9.399349334091e-03    8.019226293072e-03
3380    8.450000000000e+01    9.436428048716e-03    8.056777081038e-03
3390    8.475000000000e+01    9.426130559697e-03    8.045257398408e-03
3400    8.500000000000e+01    9.400949822430e-03    8.018165985959e-03
3410    8.525000000000e+01    9.392096846498e-03    8.007677524802e-03
3420    8.550000000000e+01    9.406171099497e-03    8.020762961678e-03
3430    8.575000000000e+01    9.446408453520e-03    8.060917947660e-03
3440    8.600000000000e+01    9.427822281313e-03    8.041270358262e-03
3450    8.625000000000e+01    9.403299312184e-03    8.015727883503e-03
3460    8.650000000000e+01    9.395836652058e-03    8.008076425540e-03
3470    8.675000000000e+01    9.411608764548e-03    8.024585331441e-03
3480    8.700000000000e+01    9.449591712800e-03    8.064033042501e-03
3490    8.725000000000e+01    9.426040815026e-03    8.040527974117e-03
3500    8.750000000000e+01    9.402205320289e-03    8.016798457902e-03
3510    8.775000000000e+01    9.396536700583e-03    8.011749053367e-03
3520    8.800000000000e+01    9.414754369959e-03    8.031102315726e-03
3530    8.825000000000e+01    9.449411055220e-03    8.067141577158e-03
3540    8.850000000000e+01    9.423436185459e-03    8.040913317018e-03
3550    8.875000000000e+01    9.401106492393e-03    8.018431347409e-03
3560    8.900000000000e+01    9.397728575397e-03    8.015490605430e-03
3570    8.925000000000e+01    9.418565373325e-03    8.037497835176e-03
3580    8.950000000000e+01    9.448541009940e-03    8.068983543126e-03
3590    8.975000000000e+01    9.420922070715e-03    8.041490303185e-03
3600    9.000000000000e+01    9.399917574022e-03    8.020692758691e-03
3610    9.025000000000e+01    9.398729965671e-03    8.020117299566e-03
3620    9.050000000000e+01    9.422336388784e-03    8.044664453337e-03
3630    9.075000000000e+01    9.447114068125e-03    8.070036996287e-03
3640    9.100000000000e+01    9.419095958403e-03    8.041030570894e-03
3650    9.125000000000e+01    9.400189645418e-03    8.021180806281e-03
3660    9.150000000000e+01    9.401870707506e-03    8.022284590879e-03
3670    9.175000000000e+01    9.428706427166e-03    8.049091548855e-03
3680    9.200000000000e+01    9.447705385101e-03    8.067857791502e-03
3690    9.225000000000e+01    9.419583518983e-03    8.038439419579e-03
3700    9.250000000000e+01    9.402387425444e-03    8.020404677154e-03
3710    9.275000000000e+01    9.406320463577e-03    8.024192834455e-03
3720    9.300000000000e+01    9.435700972749e-03    8.054090470978e-03
3730    9.325000000000e+01    9.447644426276e-03    8.066355982919e-03
3740    9.350000000000e+01    9.419189288769e-03    8.037360167691e-03
3750    9.375000000000e+01    9.403365226884e-03    8.021419735996e-03
3760    9.400000000000e+01    9.409319436382e-03    8.027970279727e-03
3770    9.425000000000e+01    9.441109789913e-03    8.061095483754e-03
3780    9.450000000000e+01    9.445482845737e-03    8.066292510193e-03
3790    9.475000000000e+01    9.417055715289e-03    8.038037151891e-03
3800    9.500000000000e+01    9.402816776976e-03    8.024323806239e-03
3810    9.525000000000e+01    9.411110750479e-03    8.033633809646e-03
3820    9.550000000000e+01    9.445787341875e-03    8.069823781625e-03
3830    9.575000000000e+01    9.442679185868e-03    8.067246506471e-03
3840    9.600000000000e+01    9.415199158879e-03    8.039400269809e-03
3850    9.625000000000e+01    9.403397926117e-03    8.027317503547e-03
3860    9.650000000000e+01    9.414807834298e-03    8.038719782235e-03
3870    9.675000000000e+01    9.452964278242e-03    8.077182539637e-03
3880    9.700000000000e+01    9.442386170092e-03    8.065862853073e-03
3890    9.725000000000e+01    9.416139888593e-03    8.038435144954e-03
3900    9.750000000001e+01    9.406596320937e-03    8.028146519791e-03
3910    9.775000000001e+01    9.420656658184e-03    8.042145405852e-03
3920    9.800000000001e+01    9.461672020024e-03    8.083765898846e-03
3930    9.825000000001e+01    9.442514255426e-03    8.064105780250e-03
3940    9.850000000001e+01    9.417026899452e-03    8.038042098633e-03
3950    9.875000000001e+01    9.409357327383e-03    8.030231559133e-03
3960    9.900000000001e+01    9.425889200945e-03    8.047069820350e-03
3970    9.925000000001e+01    9.465524048413e-03    8.087493944913e-03
3980    9.950000000001e+01    9.442113870987e-03    8.063434326687e-03
3990    9.975000000001e+01    9.418071663916e-03    8.038466485232e-03
4000    1.000000000000e+02    9.412889614691e-03    8.032639335397e-03
4010    1.002500000000e+02    9.432420974715e-03    8.052023273194e-03
4020    1.005000000000e+02    9.469012086017e-03    8.088829377812e-03
4030    1.007500000000e+02    9.443104683786e-03    8.061856854511e-03
4040    1.010000000000e+02    9.420406256635e-03    8.038163397941e-03
4050    1.012500000000e+02    9.417331059870e-03    8.034708644118e-03
4060    1.015000000000e+02    9.439305991182e-03    8.057109912443e-03
4070    1.017500000000e+02    9.470963822564e-03    8.089560885310e-03
4080    1.020000000000e+02    9.443124944281e-03    8.061150118920e-03
4090    1.022500000000e+02    9.421649130106e-03    8.039297147661e-03
4100    1.025000000000e+02    9.420739429637e-03    8.038553115512e-03
4110    1.027500000000e+02    9.445466659427e-03    8.063923835834e-03
4120    1.030000000000e+02    9.471747155880e-03    8.090808281850e-03
4130    1.032500000000e+02    9.443175214813e-03    8.061336220635e-03
4140    1.035000000000e+02    9.423572314463e-03    8.040855322179e-03
4150    1.037500000000e+02    9.425319839410e-03    8.042218715673e-03
4160    1.040000000000e+02    9.453083608435e-03    8.070183596828e-03
4170    1.042500000000e+02    9.473336155460e-03    8.090498672573e-03
4180    1.045000000000e+02    9.444486982254e-03    8.060377183028e-03
4190    1.047500000000e+02    9.426702237876e-03    8.041522522944e-03
4200    1.050000000000e+02    9.430988829989e-03    8.045219286032e-03
4210    1.052500000000e+02    9.461712890938e-03    8.075985846517e-03
4220    1.055000000000e+02    9.475234970664e-03    8.089198946436e-03
4230    1.057500000000e+02    9.446394227431e-03    8.059009284807e-03
4240    1.060000000000e+02    9.430412356583e-03    8.042122085499e-03
4250    1.062500000000e+02    9.437062666635e-03    8.048667840740e-03
4260    1.065000000000e+02    9.470393785646e-03    8.082806881248e-03
4270    1.067500000000e+02    9.476166246112e-03    8.089080954051e-03
4280    1.070000000000e+02    9.447125726137e-03    8.059732674155e-03
4290    1.072500000000e+02    9.432555698058e-03    8.045233750636e-03
4300    1.075000000000e+02    9.441371669058e-03    8.054723178248e-03
4310    1.077500000000e+02    9.477464635163e-03    8.092047872196e-03
4320    1.080000000000e+02    9.475481032883e-03    8.090114450169e-03
4330    1.082500000000e+02    9.447331094284e-03    8.060885023042e-03
4340    1.085000000000e+02    9.435350650868e-03    8.047889411500e-03
4350    1.087500000000e+02    9.447492752594e-03    8.059411379691e-03
4360    1.090000000000e+02    9.487256852272e-03    8.099079774183e-03
4370    1.092500000000e+02    9.477567707627e-03    8.088211647191e-03
4380    1.095000000000e+02    9.450482090476e-03    8.059719800258e-03
4390    1.097500000000e+02    9.440525528511e-03    8.049110859247e-03
4400    1.100000000000e+02    9.454973760228e-03    8.063765936640e-03
4410    1.102500000000e+02    9.497212518529e-03    8.107015203677e-03
4420    1.105000000000e+02    9.478238194145e-03    8.087844024885e-03
4430    1.107500000000e+02    9.451630358493e-03    8.060648477112e-03
4440    1.110000000000e+02    9.443559762702e-03    8.052310520725e-03
4450    1.112500000000e+02    9.460720655224e-03    8.069652059021e-03
4460    1.115000000000e+02    9.502048779097e-03    8.111496396850e-03
4470    1.117500000000e+02    9.478778375435e-03    8.086980449661e-03
4480    1.120000000000e+02    9.453892008420e-03    8.060584361374e-03
4490    1.122500000000e+02    9.448506574402e-03    8.054189153881e-03
4500    1.125000000000e+02    9.468642237532e-03    8.074102917817e-03
4510    1.127500000000e+02    9.506621119226e-03    8.112572573737e-03
4520    1.130000000000e+02    9.479864775186e-03    8.085312450930e-03
4530    1.132500000000e+02    9.455605635076e-03    8.060998291512e-03
4540    1.135000000000e+02    9.451656988975e-03    8.057848184762e-03
4550    1.137500000000e+02    9.473716868705e-03    8.081462704467e-03
4560    1.140000000000e+02    9.506368325600e-03    8.115868859932e-03
4570    1.142500000000e+02    9.477303769488e-03    8.086953249403e-03
4580    1.145000000000e+02    9.454523137124e-03    8.064173004641e-03
4590    1.147500000000e+02    9.453265038037e-03    8.063164446867e-03
4600    1.150000000000e+02    9.478719310501e-03    8.089212848972e-03
4610    1.152500000000e+02    9.506360388378e-03    8.117186521304e-03
4620    1.155000000000e+02    9.476720729617e-03    8.086429631476e-03
4630    1.157500000000e+02    9.456049172541e-03    8.064860265222e-03
4640    1.160000000000e+02    9.457503881371e-03    8.066103428973e-03
4650    1.162500000000e+02    9.485867088790e-03    8.094971351966e-03
4660    1.165000000000e+02    9.506850292316e-03    8.116437506033e-03
4670    1.167500000000e+02    9.476440669486e-03    8.085478806606e-03
4680    1.170000000000e+02    9.457395547648e-03    8.066074260569e-03
4690    1.172500000000e+02    9.461351268791e-03    8.070036661593e-03
4700    1.175000000000e+02    9.492802300784e-03    8.101825063932e-03
4710    1.177500000000e+02    9.506976479719e-03    8.115701964925e-03
4720    1.180000000000e+02    9.477032218649e-03    8.084134140518e-03
4730    1.182500000000e+02    9.460545532918e-03    8.066059898738e-03
4740    1.185000000000e+02    9.467705674056e-03    8.072063911641e-03
4750    1.187500000000e+02    9.502582852994e-03    8.106425461847e-03
4760    1.190000000000e+02    9.509273856154e-03    8.112145894302e-03
4770    1.192500000000e+02    9.479636375851e-03    8.080941014668e-03
4780    1.195000000000e+02    9.464867825729e-03    8.065389840340e-03
4790    1.197500000000e+02    9.474075114817e-03    8.074858991677e-03
4800    1.200000000000e+02    9.511124274181e-03    8.113160916764e-03
4810    1.202500000000e+02    9.508718642102e-03    8.111590603221e-03
4820    1.205000000000e+02    9.478929872084e-03    8.082186752290e-03
4830    1.207500000000e+02    9.465665030157e-03    8.069680123299e-03
4840    1.210000000000e+02    9.477182642603e-03    8.082419174571e-03
4850    1.212500000000e+02    9.517155368339e-03    8.124013207635e-03
4860    1.215000000000e+02    9.506430393219e-03    8.113517176753e-03
4870    1.217500000000e+02    9.478188289462e-03    8.084549212981e-03
4880    1.220000000000e+02    9.468016818550e-03    8.073564615188e-03
4890    1.222500000000e+02    9.483290734889e-03    8.088187353678e-03
4900    1.225000000000e+02    9.527322956802e-03    8.131906613926e-03
4910    1.227500000000e+02    9.508624075285e-03    8.111332741464e-03
4920    1.230000000000e+02    9.482397176335e-03    8.082828806437e-03
4930    1.232500000000e+02    9.475148121777e-03    8.073838327618e-03
4940    1.235000000000e+02    9.493522435447e-03    8.091272973616e-03
4950    1.237500000000e+02    9.536248382744e-03    8.133838688991e-03
4960    1.240000000000e+02    9.512555010705e-03    8.108728500702e-03
4970    1.242500000000e+02    9.487457663091e-03    8.082157534773e-03
4980    1.245000000000e+02    9.482265943703e-03    8.076014709332e-03
4990    1.247500000000e+02    9.503115636617e-03    8.096607836706e-03
5000    1.250000000000e+02    9.542064196907e-03    8.135821284668e-03
5010    1.252500000000e+02    9.515288294063e-03    8.107672907499e-03
5020    1.255000000000e+02    9.491726340004e-03    8.082649106655e-03
5030    1.257500000000e+02    9.489030873331e-03    8.078952730102e-03
5040    1.260000000000e+02    9.512778066447e-03    8.102347019303e-03
5050    1.262500000000e+02    9.546853343684e-03    8.136445541822e-03
5060    1.265000000000e+02    9.518245222008e-03    8.106585522000e-03
5070    1.267500000000e+02    9.496207881660e-03    8.083546416856e-03
5080    1.270000000000e+02    9.495729455066e-03    8.082739120255e-03
5090    1.272500000000e+02    9.521978126108e-03    8.109391445032e-03
5100    1.275000000000e+02    9.549731139214e-03    8.137689795149e-03
5110    1.277500000000e+02    9.519816181268e-03    8.107002777251e-03
5120    1.280000000000e+02    9.499328682121e-03    8.085919870609e-03
5130    1.282500000000e+02    9.501212573851e-03    8.087667606560e-03
5140    1.285000000000e+02    9.530283217356e-03    8.117212047182e-03
5150    1.287500000000e+02    9.551384608838e-03    8.138514874190e-03
5160    1.290000000000e+02    9.521227969609e-03    8.107115799248e-03
5170    1.292500000000e+02    9.502785717484e-03    8.087642568171e-03
5180    1.295000000000e+02    9.507329785533e-03    8.091824615803e-03
5190    1.297500000000e+02    9.539285616424e-03    8.124169754410e-03
5200    1.300000000000e+02    9.552832037585e-03    8.137937751599e-03
5210    1.302500000000e+02    9.522386132058e-03    8.106944057545e-03
5220    1.305000000000e+02    9.505477706521e-03    8.089983368336e-03
5230    1.307500000000e+02    9.512117850672e-03    8.097223495497e-03
5240    1.310000000000e+02    9.546521908316e-03    8.132870424561e-03
5250    1.312500000000e+02    9.551820005384e-03    8.138732165207e-03
5260    1.315000000000e+02    9.521684080317e-03    8.108162848657e-03
5270    1.317500000000e+02    9.506967995442e-03    8.093106291199e-03
5280    1.320000000000e+02    9.516589015806e-03    8.102685290396e-03
5290    1.322500000000e+02    9.554458903157e-03    8.140827058014e-03
5300    1.325000000000e+02    9.551978107523e-03    8.137484037434e-03
5310    1.327500000000e+02    9.523093982159e-03    8.106917593068e-03
5320    1.330000000000e+02    9.510918965901e-03    8.093550728518e-03
5330    1.332500000000e+02    9.523378448367e-03    8.105605587843e-03
5340    1.335000000000e+02    9.564108248097e-03    8.146709597895e-03
5350    1.337500000000e+02    9.552477434628e-03    8.134648683154e-03
5360    1.340000000000e+02    9.524023095432e-03    8.105627335681e-03
5370    1.342500000000e+02    9.513446897941e-03    8.095116420009e-03
5380    1.345000000000e+02    9.527992759068e-03    8.110469472740e-03
5390    1.347500000000e+02    9.571155066859e-03    8.155082820849e-03
5400    1.350000000000e+02    9.550012862965e-03    8.134100801726e-03
5410    1.352500000000e+02    9.522448789978e-03    8.106562288958e-03
5420    1.355000000000e+02    9.513964913011e-03    8.098642031655e-03
5430    1.357500000000e+02    9.531118294827e-03    8.116993630210e-03
5440    1.360000000000e+02    9.572562052339e-03    8.160216460055e-03
5450    1.362500000000e+02    9.546461598360e-03    8.134504545524e-03
5460    1.365000000000e+02    9.520072452845e-03    8.108492846077e-03
5470    1.367500000000e+02    9.513750639513e-03    8.103103055873e-03
5480    1.370000000000e+02    9.533512366580e-03    8.124460390718e-03
5490    1.372500000000e+02    9.571085587103e-03    8.163858930857e-03
5500    1.375000000000e+02    9.542221532324e-03    8.135299005517e-03
5510    1.377500000000e+02    9.517647483943e-03    8.110744852274e-03
5520    1.380000000000e+02    9.514231416766e-03    8.107459188977e-03
5530    1.382500000000e+02    9.537475692050e-03    8.131086829962e-03
5540    1.385000000000e+02    9.570739566068e-03    8.164676763045e-03
5550    1.387500000000e+02    9.541157652936e-03    8.133616280247e-03
5560    1.390000000000e+02    9.519158489817e-03    8.110104098705e-03
5570    1.392500000000e+02    9.518975305689e-03    8.108801326671e-03
5580    1.395000000000e+02    9.545610116695e-03    8.134919865370e-03
5590    1.397500000000e+02    9.573052159701e-03    8.161991010638e-03
5600    1.400000000000e+02    9.542617298051e-03    8.130020578392e-03
5610    1.402500000000e+02    9.522227470975e-03    8.108517988148e-03
5620    1.405000000000e+02    9.524244572667e-03    8.110225755445e-03
5630    1.407500000000e+02    9.553370164679e-03    8.139774049596e-03
5640    1.410000000000e+02    9.573682922715e-03    8.160260570548e-03
5650    1.412500000000e+02    9.542874771933e-03    8.128460975968e-03
5660    1.415000000000e+02    9.524476037146e-03    8.109168251394e-03
5670    1.417500000000e+02    9.529302103008e-03    8.113442278955e-03
5680    1.420000000000e+02    9.561647815248e-03    8.145751871780e-03
5690    1.422500000000e+02    9.574905904563e-03    8.158583285876e-03
5700    1.425000000000e+02    9.544611865436e-03    8.126816549520e-03
5710    1.427500000000e+02    9.528416192077e-03    8.109570476336e-03
5720    1.430000000000e+02    9.535847131228e-03    8.116735088151e-03
5730    1.432500000000e+02    9.570899256703e-03    8.152328111464e-03
5740    1.435000000000e+02    9.575938322593e-03    8.157494275110e-03
5750    1.437500000000e+02    9.545842893302e-03    8.126729401738e-03
5760    1.440000000000e+02    9.531508665232e-03    8.112030513985e-03
5770    1.442500000000e+02    9.541511988849e-03    8.122123039357e-03
5780    1.445000000000e+02    9.579594161022e-03    8.160708596733e-03
5790    1.447500000000e+02    9.576663557250e-03    8.157132420820e-03
5800    1.450000000000e+02    9.547945537065e-03    8.126946433549e-03
5810    1.452500000000e+02    9.536434849007e-03    8.114105801724e-03
5820    1.455000000000e+02    9.549726202081e-03    8.126473881930e-03
5830    1.457500000000e+02    9.591216424828e-03    8.167664832399e-03
5840    1.460000000000e+02    9.579946788951e-03    8.155108446772e-03
5850    1.462500000000e+02    9.552356298003e-03    8.125936136821e-03
5860    1.465000000000e+02    9.542871696069e-03    8.115581181301e-03
5870    1.467500000000e+02    9.558394478529e-03    8.131176329698e-03
5880    1.470000000000e+02    9.602168145896e-03    8.175923151612e-03
5890    1.472500000000e+02    9.581252436751e-03    8.154894831932e-03
5900    1.475000000000e+02    9.554282756543e-03    8.127682614031e-03
5910    1.477500000000e+02    9.546595812002e-03    8.120179202706e-03
5920    1.480000000000e+02    9.564532910734e-03    8.138786697600e-03
5930    1.482500000000e+02    9.606571609965e-03    8.181786089153e-03
5940    1.485000000000e+02    9.581234848444e-03    8.155810203789e-03
5950    1.487500000000e+02    9.556079436486e-03    8.129706638101e-03
5960    1.490000000000e+02    9.551221674414e-03    8.124091678837e-03
5970    1.492500000000e+02    9.572374276811e-03    8.144869841090e-03
5980    1.495000000000e+02    9.611001927333e-03    8.183471730263e-03
5990    1.497500000000e+02    9.583233610744e-03    8.154301913237e-03
6000    1.500000000000e+02    9.559620531083e-03    8.129513534186e-03
6010    1.502500000000e+02    9.556817803657e-03    8.126476112011e-03
6020    1.505000000000e+02    9.580123573489e-03    8.150568864039e-03
6030    1.507500000000e+02    9.612818585828e-03    8.184601450921e-03
6040    1.510000000000e+02    9.582585517385e-03    8.154583651958e-03
6050    1.512500000000e+02    9.559805043740e-03    8.132232887874e-03
6060    1.515000000000e+02    9.558750690155e-03    8.132100718285e-03
6070    1.517500000000e+02    9.584403331406e-03    8.159177779817e-03
6080    1.520000000000e+02    9.610906516272e-03    8.186896046936e-03
6090    1.522500000000e+02    9.580141324914e-03    8.155834374520e-03
6100    1.525000000000e+02    9.559600075781e-03    8.134928899381e-03
6110    1.527500000000e+02    9.561550586195e-03    8.136794551319e-03
6120    1.530000000000e+02    9.590516675213e-03    8.166115354470e-03
6130    1.532500000000e+02    9.610594923433e-03    8.186454699171e-03
6140    1.535000000000e+02    9.579725179380e-03    8.154815274793e-03
6150    1.537500000000e+02    9.560896339879e-03    8.135763671817e-03
6160    1.540000000000e+02    9.564925180717e-03    8.140444462697e-03
6170    1.542500000000e+02    9.596108969531e-03    8.173119007552e-03
6180    1.545000000000e+02    9.608208381381e-03    8.186341970031e-03
6190    1.547500000000e+02    9.577055855936e-03    8.155298331985e-03
6200    1.550000000000e+02    9.559928022042e-03    8.138528325617e-03
6210    1.552500000000e+02    9.566492383456e-03    8.145727693773e-03
6220    1.555000000000e+02    9.600788985353e-03    8.180963095583e-03
6230    1.557500000000e+02    9.605619073317e-03    8.185848299945e-03
6240    1.560000000000e+02    9.575736264388e-03    8.154855760040e-03
6250    1.562500000000e+02    9.561425483094e-03    8.139492701957e-03
6260    1.565000000000e+02    9.571237753514e-03    8.148698852892e-03
6270    1.567500000000e+02    9.608838044092e-03    8.186370298063e-03
6280    1.570000000000e+02    9.605682266263e-03    8.182695245523e-03
6290    1.572500000000e+02    9.576514217374e-03    8.152664046065e-03
6300    1.575000000000e+02    9.563912632175e-03    8.139956734340e-03
6310    1.577500000000e+02    9.575655676484e-03    8.152557059475e-03
6320    1.580000000000e+02    9.615282741869e-03    8.193919409678e-03
6330    1.582500000000e+02    9.602875341190e-03    8.182412595488e-03
6340    1.585000000000e+02    9.574180933639e-03    8.154291788742e-03
6350    1.587500000000e+02    9.563424684325e-03    8.144438946147e-03
6360    1.590000000000e+02    9.577740770163e-03    8.159957224052e-03
6370    1.592500000000e+02    9.620503799723e-03    8.204148311961e-03
6380    1.595000000000e+02    9.600049574920e-03    8.183421801732e-03
6390    1.597500000000e+02    9.573603465440e-03    8.155986490237e-03
6400    1.600000000000e+02    9.566276200484e-03    8.147613893016e-03
6410    1.602500000000e+02    9.584463585009e-03    8.164906078491e-03
6420    1.605000000000e+02    9.626679545383e-03    8.206436576984e-03
6430    1.607500000000e+02    9.602803388194e-03    8.180336547412e-03
6440    1.610000000000e+02    9.578531625813e-03    8.153666616636e-03
6450    1.612500000000e+02    9.573887797688e-03    8.147247429406e-03
6460    1.615000000000e+02    9.594703824547e-03    8.167268700163e-03
6470    1.617500000000e+02    9.632793344166e-03    8.205428520341e-03
6480    1.620000000000e+02    9.605792962905e-03    8.177421210348e-03
6490    1.622500000000e+02    9.582435148529e-03    8.153273586686e-03
6500    1.625000000000e+02    9.579513310484e-03    8.150138983183e-03
6510    1.627500000000e+02    9.602512674731e-03    8.173530479326e-03
6520    1.630000000000e+02    9.635340106184e-03    8.206948701627e-03
6530    1.632500000000e+02    9.606980763604e-03    8.177705301932e-03
6540    1.635000000000e+02    9.585629591534e-03    8.155272038493e-03
6550    1.637500000000e+02    9.585489228993e-03    8.154354279213e-03
6560    1.640000000000e+02    9.611486638378e-03    8.180153371541e-03
6570    1.642500000000e+02    9.638552300233e-03    8.207278094233e-03
6580    1.645000000000e+02    9.609395235652e-03    8.177169246665e-03
6590    1.647500000000e+02    9.589435421384e-03    8.156805974977e-03
6600    1.650000000000e+02    9.591024645229e-03    8.158887955688e-03
6610    1.652500000000e+02    9.618856428915e-03    8.188184538085e-03
6620    1.655000000000e+02    9.638526565166e-03    8.209320964852e-03
6630    1.657500000000e+02    9.608589958445e-03    8.179672497135e-03
6640    1.660000000000e+02    9.590274075318e-03    8.161564081092e-03
6650    1.662500000000e+02    9.594505871106e-03    8.166049187821e-03
6660    1.665000000000e+02    9.625629564934e-03    8.197525487958e-03
6670    1.667500000000e+02    9.639136104281e-03    8.210610061724e-03
6680    1.670000000000e+02    9.610555343148e-03    8.180139753676e-03
6690    1.672500000000e+02    9.595212654747e-03    8.162916664332e-03
6700    1.675000000000e+02    9.602610682185e-03    8.169063657988e-03
6710    1.677500000000e+02    9.636683748649e-03    8.202822572457e-03
6720    1.680000000000e+02    9.642434279165e-03    8.208056057811e-03
6730    1.682500000000e+02    9.613674358239e-03    8.178391599358e-03
6740    1.685000000000e+02    9.599303786086e-03    8.163929728653e-03
6750    1.687500000000e+02    9.608020251573e-03    8.173480232472e-03
6760    1.690000000000e+02    9.643708024703e-03    8.210818379666e-03
6770    1.692500000000e+02    9.640761202670e-03    8.208809432290e-03
6780    1.695000000000e+02    9.612342262355e-03    8.180495105080e-03
6790    1.697500000000e+02    9.599986911002e-03    8.168338983523e-03
6800    1.700000000000e+02    9.611513909739e-03    8.180270660887e-03
6810    1.702500000000e+02    9.650492154367e-03    8.219904584621e-03
6820    1.705000000000e+02    9.640027192943e-03    8.208805194954e-03
6830    1.707500000000e+02    9.613192143894e-03    8.180723995793e-03
6840    1.710000000000e+02    9.603391241484e-03    8.170020497346e-03
6850    1.712500000000e+02    9.617659433145e-03    8.183972957340e-03
6860    1.715000000000e+02    9.659340360287e-03    8.226029709476e-03
6870    1.717500000000e+02    9.640193707403e-03    8.206073709516e-03
6880    1.720000000000e+02    9.614136231815e-03    8.179307235878e-03
6890    1.722500000000e+02    9.606028302557e-03    8.171242566277e-03
6900    1.725000000000e+02    9.622344866943e-03    8.188442681785e-03
6910    1.727500000000e+02    9.662030735279e-03    8.229595718149e-03
6920    1.730000000000e+02    9.638028764760e-03    8.205812118831e-03
6930    1.732500000000e+02    9.612979117331e-03    8.180968818124e-03
6940    1.735000000000e+02    9.606904239467e-03    8.175545387530e-03
6950    1.737500000000e+02    9.625726676558e-03    8.195478654670e-03
6960    1.740000000000e+02    9.661950124763e-03    8.233029634539e-03
6970    1.742500000000e+02    9.635433909710e-03    8.206359025280e-03
6980    1.745000000000e+02    9.612067531343e-03    8.182715762814e-03
6990    1.747500000000e+02    9.608565648271e-03    8.179155833204e-03
7000    1.750000000000e+02    9.630355038484e-03    8.201176324292e-03
7010    1.752500000000e+02    9.662223840169e-03    8.233282058427e-03
7020    1.755000000000e+02    9.634488300433e-03    8.204406269215e-03
7030    1.757500000000e+02    9.613042517889e-03    8.182131927242e-03
7040    1.760000000000e+02    9.612061334731e-03    8.180974941752e-03
7050    1.762500000000e+02    9.636498335061e-03    8.205958014514e-03
7060    1.765000000000e+02    9.662609620372e-03    8.232840453275e-03
7070    1.767500000000e+02    9.633859768675e-03    8.203855207285e-03
7080    1.770000000000e+02    9.613895683233e-03    8.183826013010e-03
7090    1.772500000000e+02    9.615050379056e-03    8.185457418222e-03
7100    1.775000000000e+02    9.641978961894e-03    8.213372002501e-03
7110    1.777500000000e+02    9.661807742294e-03    8.233921064857e-03
7120    1.780000000000e+02    9.633028139880e-03    8.204442544411e-03
7130    1.782500000000e+02    9.615321863139e-03    8.185848559151e-03
7140    1.785000000000e+02    9.619433573320e-03    8.189214670892e-03
7150    1.787500000000e+02    9.649597065156e-03    8.218978063269e-03
7160    1.790000000000e+02    9.663150311078e-03    8.231831823650e-03
7170    1.792500000000e+02    9.634964518822e-03    8.202088341022e-03
7180    1.795000000000e+02    9.619378318729e-03    8.185416648303e-03
7190    1.797500000000e+02    9.625914478252e-03    8.191500294743e-03
7200    1.800000000000e+02    9.658556710245e-03    8.224291838815e-03
7210    1.802500000000e+02    9.664663455262e-03    8.230105957409e-03
7220    1.805000000000e+02    9.636874404595e-03    8.201233764339e-03
7230    1.807500000000e+02    9.623230748005e-03    8.186678737729e-03
7240    1.810000000000e+02    9.632202004841e-03    8.195261707442e-03
7250    1.812500000000e+02    9.667443876242e-03    8.230757660385e-03
7260    1.815000000000e+02    9.665928131401e-03    8.228928342760e-03
7270    1.817500000000e+02    9.638736098393e-03    8.200878770367e-03
7280    1.820000000000e+02    9.626676430184e-03    8.188608160708e-03
7290    1.822500000000e+02    9.637400388768e-03    8.200028696592e-03
7300    1.825000000000e+02    9.674416357126e-03    8.238675852226e-03
7310    1.827500000000e+02    9.664231087915e-03    8.229409670093e-03
7320    1.830000000000e+02    9.637407847148e-03    8.202960902963e-03
7330    1.832500000000e+02    9.627111859949e-03    8.193216921427e-03
7340    1.835000000000e+02    9.640362437441e-03    8.207255460547e-03
7350    1.837500000000e+02    9.680455229520e-03    8.248294950135e-03
7360    1.840000000000e+02    9.663129539779e-03    8.230309350438e-03
7370    1.842500000000e+02    9.638626721747e-03    8.204278238736e-03
7380    1.845000000000e+02    9.631543431300e-03    8.195700060242e-03
7390    1.847500000000e+02    9.648104681309e-03    8.211275398935e-03
7400    1.850000000000e+02    9.687342101130e-03    8.250188192505e-03
7410    1.852500000000e+02    9.665802300608e-03    8.227193733546e-03
7420    1.855000000000e+02    9.642280121982e-03    8.202417085158e-03
7430    1.857500000000e+02    9.636691769242e-03    8.196384603252e-03
7440    1.860000000000e+02    9.654929208331e-03    8.214984657570e-03
7450    1.862500000000e+02    9.690207102669e-03    8.251113619735e-03
7460    1.865000000000e+02    9.665626405809e-03    8.225968321312e-03
7470    1.867500000000e+02    9.643379636265e-03    8.203033893551e-03
7480    1.870000000000e+02    9.640055553667e-03    8.199400692320e-03
7490    1.872500000000e+02    9.660999069788e-03    8.220580394664e-03
7500    1.875000000000e+02    9.692097938056e-03    8.252139356955e-03
7510    1.877500000000e+02    9.666135750652e-03    8.225405387748e-03
7520    1.880000000000e+02    9.645317435252e-03    8.204074661080e-03
7530    1.882500000000e+02    9.643761516152e-03    8.202816470657e-03
7540    1.885000000000e+02    9.666466276795e-03    8.226831579123e-03
7550    1.887500000000e+02    9.691359722065e-03    8.253472258730e-03
7560    1.890000000000e+02    9.663568078133e-03    8.226290874518e-03
7570    1.892500000000e+02    9.643431628700e-03    8.207149755435e-03
7580    1.895000000000e+02    9.643394794717e-03    8.208647142055e-03
7590    1.897500000000e+02    9.668229044318e-03    8.235411034548e-03
7600    1.900000000000e+02    9.687172630662e-03    8.255882554295e-03
7610    1.902500000000e+02    9.659436854438e-03    8.228185028202e-03
7620    1.905000000000e+02    9.641717203190e-03    8.210391334615e-03
7630    1.907500000000e+02    9.644874280455e-03    8.213574797992e-03
7640    1.910000000000e+02    9.673238744456e-03    8.242144872384e-03
7650    1.912500000000e+02    9.686665221943e-03    8.255148310127e-03
7660    1.915000000000e+02    9.659781314883e-03    8.226755154283e-03
7670    1.917500000000e+02    9.644357281777e-03    8.210073047849e-03
7680    1.920000000000e+02    9.650037396777e-03    8.215074188229e-03
7690    1.922500000000e+02    9.680883784558e-03    8.246036398305e-03
7700    1.925000000000e+02    9.687042425008e-03    8.251998092419e-03
7710    1.927500000000e+02    9.659977820588e-03    8.224201741541e-03
7720    1.930000000000e+02    9.645712238665e-03    8.209893562707e-03
7730    1.932500000000e+02    9.653011561148e-03    8.217972994316e-03
7740    1.935000000000e+02    9.685799704886e-03    8.252240529146e-03
7750    1.937500000000e+02    9.684222821355e-03    8.251459287749e-03
7760    1.940000000000e+02    9.657565005571e-03    8.224946042901e-03
7770    1.942500000000e+02    9.645221091280e-03    8.212922586608e-03
7780    1.945000000000e+02    9.655082950030e-03    8.223401838222e-03
7790    1.947500000000e+02    9.690766590247e-03    8.260009331934e-03
7800    1.950000000000e+02    9.681921427073e-03    8.251073532847e-03
7810    1.952500000000e+02    9.656336328354e-03    8.224971332311e-03
7820    1.955000000000e+02    9.645947073803e-03    8.214610827963e-03
7830    1.957500000000e+02    9.657893199344e-03    8.227464249103e-03
7840    1.960000000000e+02    9.695607921125e-03    8.267017903563e-03
7850    1.962500000000e+02    9.678198326129e-03    8.250666260210e-03
7860    1.965000000000e+02    9.652850934313e-03    8.226206369727e-03
7870    1.967500000000e+02    9.643812271691e-03    8.218472311455e-03
7880    1.970000000000e+02    9.657804170574e-03    8.234076815825e-03
7890    1.972500000000e+02    9.694350026822e-03    8.272301151919e-03
7900    1.975000000000e+02    9.673210809921e-03    8.251225079221e-03
7910    1.977500000000e+02    9.650014490490e-03    8.227358673139e-03
7920    1.980000000000e+02    9.644314093951e-03    8.220773868743e-03
7930    1.982500000000e+02    9.662085229797e-03    8.237787496000e-03
7940    1.985000000000e+02    9.696791617387e-03    8.271853273072e-03
7950    1.987500000000e+02    9.674008946357e-03    8.247120515989e-03
7960    1.990000000000e+02    9.652541531866e-03    8.223881121012e-03
7970    1.992500000000e+02    9.648801442736e-03    8.219233639466e-03
7980    1.995000000000e+02    9.668398388566e-03    8.239008517194e-03
7990    1.997500000000e+02    9.697962407451e-03    8.269465223748e-03
8000    2.000000000000e+02    9.672584615194e-03    8.244050051871e-03
8010    2.002500000000e+02    9.651645464033e-03    8.223248788454e-03
8020    2.005000000000e+02    9.649427997451e-03    8.221619963479e-03
8030    2.007500000000e+02    9.671207464788e-03    8.244397825365e-03
8040    2.010000000000e+02    9.695766036964e-03    8.269915721030e-03
8050    2.012500000000e+02    9.669825965568e-03    8.243801049503e-03
8060    2.015000000000e+02    9.650883527352e-03    8.224692290241e-03
8070    2.017500000000e+02    9.651292835020e-03    8.225281017076e-03
8080    2.020000000000e+02    9.675880838877e-03    8.250564285845e-03
8090    2.022500000000e+02    9.694899442339e-03    8.270084236756e-03
8100    2.025000000000e+02    9.668563118433e-03    8.243161697465e-03
8110    2.027500000000e+02    9.651114735195e-03    8.225392421082e-03
8120    2.030000000000e+02    9.653537575095e-03    8.228129221607e-03
8130    2.032500000000e+02    9.680397007472e-03    8.255927447863e-03
8140    2.035000000000e+02    9.693026935503e-03    8.269273183032e-03
8150    2.037500000000e+02    9.666635765323e-03    8.242643842095e-03
8160    2.040000000000e+02    9.650985540603e-03    8.226881074734e-03
8170    2.042500000000e+02    9.655879398033e-03    8.232042137934e-03
8180    2.045000000000e+02    9.685555477305e-03    8.262445941909e-03
8190    2.047500000000e+02    9.691841709149e-03    8.268911928099e-03
8200    2.050000000000e+02    9.666089832412e-03    8.242537066508e-03
8210    2.052500000000e+02    9.652557440354e-03    8.228603811403e-03
8220    2.055000000000e+02    9.659996648925e-03    8.236062043579e-03
8230    2.057500000000e+02    9.692336794999e-03    8.268944670817e-03
8240    2.060000000000e+02    9.691590369554e-03    8.268013627458e-03
8250    2.062500000000e+02    9.666302390124e-03    8.242000349128e-03
8260    2.065000000000e+02    9.654454133332e-03    8.229847903749e-03
8270    2.067500000000e+02    9.664001333054e-03    8.239695793236e-03
8280    2.070000000000e+02    9.698688127735e-03    8.275252161184e-03
8290    2.072500000000e+02    9.690419120281e-03    8.266936182736e-03
8300    2.075000000000e+02    9.665943409889e-03    8.241863968578e-03
8310    2.077500000000e+02    9.656256501635e-03    8.231758160946e-03
8320    2.080000000000e+02    9.668572648914e-03    8.243984990258e-03
8330    2.082500000000e+02    9.706338739706e-03    8.282015047371e-03
8340    2.085000000000e+02    9.690904712086e-03    8.265530733297e-03
8350    2.087500000000e+02    9.667836445526e-03    8.241165932304e-03
8360    2.090000000000e+02    9.660390268755e-03    8.232897481321e-03
8370    2.092500000000e+02    9.675055069687e-03    8.247497569755e-03
8380    2.095000000000e+02    9.711277683535e-03    8.284513927720e-03
8390    2.097500000000e+02    9.691064597227e-03    8.264194525509e-03
8400    2.100000000000e+02    9.668364226365e-03    8.241468208325e-03
8410    2.102500000000e+02    9.662165160348e-03    8.235841160968e-03
8420    2.105000000000e+02    9.678545111453e-03    8.253436221821e-03
8430    2.107500000000e+02    9.711314213131e-03    8.287800824291e-03
8440    2.110000000000e+02    9.688355564957e-03    8.264995117315e-03
8450    2.112500000000e+02    9.667095592712e-03    8.243561221207e-03
8460    2.115000000000e+02    9.663430134357e-03    8.239816325840e-03
8470    2.117500000000e+02    9.682840450640e-03    8.259467241260e-03
8480    2.120000000000e+02    9.712030490370e-03    8.289087162666e-03
8490    2.122500000000e+02    9.687821467623e-03    8.264195537777e-03
8500    2.125000000000e+02    9.668026521848e-03    8.243988559116e-03
8510    2.127500000000e+02    9.666202471734e-03    8.242530575444e-03
8520    2.130000000000e+02    9.687448697452e-03    8.265123109595e-03
8530    2.132500000000e+02    9.710818496940e-03    8.290305125229e-03
8540    2.135000000000e+02    9.684753195125e-03    8.265068203400e-03
8550    2.137500000000e+02    9.665641935867e-03    8.246836479884e-03
8560    2.140000000000e+02    9.665496372560e-03    8.247845461483e-03
8570    2.142500000000e+02    9.689197186443e-03    8.272874495560e-03
8580    2.145000000000e+02    9.707403160498e-03    8.291727191136e-03
8590    2.147500000000e+02    9.681759022886e-03    8.265050159935e-03
8600    2.150000000000e+02    9.665397259162e-03    8.247345799646e-03
8610    2.152500000000e+02    9.668743910273e-03    8.249556535702e-03
8620    2.155000000000e+02    9.696142904096e-03    8.276243745968e-03
8630    2.157500000000e+02    9.709087338398e-03    8.288217908557e-03
8640    2.160000000000e+02    9.683807421265e-03    8.261158247478e-03
8650    2.162500000000e+02    9.669024799795e-03    8.245208779044e-03
8660    2.165000000000e+02    9.674066508598e-03    8.250056511315e-03
8670    2.167500000000e+02    9.703112198261e-03    8.279966076771e-03
8680    2.170000000000e+02    9.708349477459e-03    8.285978785352e-03
8690    2.172500000000e+02    9.682099393209e-03    8.259990318038e-03
8700    2.175000000000e+02    9.667952106725e-03    8.246596497884e-03
8710    2.177500000000e+02    9.674461411339e-03    8.254446433057e-03
8720    2.180000000000e+02    9.705633409028e-03    8.287443100926e-03
8730    2.182500000000e+02    9.703723456108e-03    8.286423007121e-03
8740    2.185000000000e+02    9.678024706555e-03    8.260933668680e-03
8750    2.187500000000e+02    9.665909134479e-03    8.249385692579e-03
8760    2.190000000000e+02    9.675042848697e-03    8.259646547231e-03
8770    2.192500000000e+02    9.709112799980e-03    8.295381269818e-03
8780    2.195000000000e+02    9.699994594698e-03    8.286797547044e-03
8790    2.197500000000e+02    9.675035572144e-03    8.261925983788e-03
8800    2.200000000000e+02    9.664813898097e-03    8.252136836745e-03
8810    2.202500000000e+02    9.676382319357e-03    8.264537340438e-03
8820    2.205000000000e+02    9.713277012659e-03    8.302543457830e-03
8830    2.207500000000e+02    9.696738601419e-03    8.285626789984e-03
8840    2.210000000000e+02    9.673106813118e-03    8.261170583864e-03
8850    2.212500000000e+02    9.665451049259e-03    8.252854489911e-03
8860    2.215000000000e+02    9.680182840352e-03    8.267236285974e-03
8870    2.217500000000e+02    9.716801610750e-03    8.303818905006e-03
8880    2.220000000000e+02    9.696635015663e-03    8.282260881970e-03
8890    2.222500000000e+02    9.674581063500e-03    8.258806824415e-03
8900    2.225000000000e+02    9.669268911574e-03    8.252595453996e-03
8910    2.227500000000e+02    9.686530263133e-03    8.269701460449e-03
8920    2.230000000000e+02    9.720047990837e-03    8.303694088681e-03
8930    2.232500000000e+02    9.696763000013e-03    8.279783233775e-03
8940    2.235000000000e+02    9.675412402445e-03    8.257939485702e-03
8950    2.237500000000e+02    9.671726814981e-03    8.254316310740e-03
8960    2.240000000000e+02    9.691190403677e-03    8.274327708932e-03
8970    2.242500000000e+02    9.720503046002e-03    8.304172203680e-03
8980    2.245000000000e+02    9.695716178995e-03    8.278361861812e-03
8990    2.247500000000e+02    9.676176795076e-03    8.257692142251e-03
9000    2.250000000000e+02    9.675239292537e-03    8.255971615654e-03
9010    2.252500000000e+02    9.697802783727e-03    8.278349096145e-03
9020    2.255000000000e+02    9.722415530899e-03    8.303086631713e-03
9030    2.257500000000e+02    9.696601450127e-03    8.276537371785e-03
9040    2.260000000000e+02    9.678204669133e-03    8.257902385594e-03
9050    2.262500000000e+02    9.678856463219e-03    8.259112631094e-03
9060    2.265000000000e+02    9.703197772382e-03    8.284876354082e-03
9070    2.267500000000e+02    9.721241217291e-03    8.304445561407e-03
9080    2.270000000000e+02    9.694330340903e-03    8.277948040813e-03
9090    2.272500000000e+02    9.677273433730e-03    8.261203003713e-03
9100    2.275000000000e+02    9.680372333965e-03    8.264705725196e-03
9110    2.277500000000e+02    9.707941353842e-03    8.292744010760e-03
9120    2.280000000000e+02    9.720559650664e-03    8.305076424222e-03
9130    2.282500000000e+02    9.694591409138e-03    8.277592646664e-03
9140    2.285000000000e+02    9.680153229377e-03    8.261756509455e-03
9150    2.287500000000e+02    9.686241107814e-03    8.267056078694e-03
9160    2.290000000000e+02    9.716764497895e-03    8.297630098241e-03
9170    2.292500000000e+02    9.722453924154e-03    8.303230408274e-03
9180    2.295000000000e+02    9.696305333764e-03    8.276438596113e-03
9190    2.297500000000e+02    9.683043796049e-03    8.263017707577e-03
9200    2.300000000000e+02    9.690886482041e-03    8.271280818008e-03
9210    2.302500000000e+02    9.723627734882e-03    8.304973407576e-03
9220    2.305000000000e+02    9.721859200716e-03    8.303325739689e-03
9230    2.307500000000e+02    9.696252071308e-03    8.276936207949e-03
9240    2.310000000000e+02    9.685070879725e-03    8.265045004919e-03
9250    2.312500000000e+02    9.695669876037e-03    8.275320321445e-03
9260    2.315000000000e+02    9.731495909367e-03    8.311387661706e-03
9270    2.317500000000e+02    9.722353585051e-03    8.301632168696e-03
9280    2.320000000000e+02    9.697397658978e-03    8.275850688733e-03
9290    2.322500000000e+02    9.687769784376e-03    8.266131579148e-03
9300    2.325000000000e+02    9.700231864239e-03    8.279410909381e-03
9310    2.327500000000e+02    9.738142735623e-03    8.318986538143e-03
9320    2.330000000000e+02    9.720418026660e-03    8.301714594381e-03
9330    2.332500000000e+02    9.695864799663e-03    8.277311021629e-03
9340    2.335000000000e+02    9.687975484782e-03    8.269834206658e-03
9350    2.337500000000e+02    9.702991234684e-03    8.285550563414e-03
9360    2.340000000000e+02    9.740143133748e-03    8.323536748321e-03
9370    2.342500000000e+02    9.718597761526e-03    8.301069708978e-03
9380    2.345000000000e+02    9.695626576730e-03    8.276966495032e-03
9390    2.347500000000e+02    9.690214102705e-03    8.270875288872e-03
9400    2.350000000000e+02    9.708032151204e-03    8.288758214803e-03
9410    2.352500000000e+02    9.742257774283e-03    8.323601859047e-03
9420    2.355000000000e+02    9.717807247338e-03    8.298469590954e-03
9430    2.357500000000e+02    9.695688586902e-03    8.275898598185e-03
9440    2.360000000000e+02    9.691987893899e-03    8.272429248791e-03
9450    2.362500000000e+02    9.712056532528e-03    8.293374076857e-03
9460    2.365000000000e+02    9.741856809965e-03    8.324213997184e-03
9470    2.367500000000e+02    9.715531514249e-03    8.297358328491e-03
9480    2.370000000000e+02    9.694694273057e-03    8.276130716695e-03
9490    2.372500000000e+02    9.693169498563e-03    8.274782748231e-03
9500    2.375000000000e+02    9.715880796308e-03    8.298328315504e-03
9510    2.377500000000e+02    9.740474223481e-03    8.323829183610e-03
9520    2.380000000000e+02    9.712849452590e-03    8.296018721921e-03
9530    2.382500000000e+02    9.693199420570e-03    8.276532307718e-03
9540    2.385000000000e+02    9.693720227643e-03    8.277752799586e-03
9550    2.387500000000e+02    9.719076548629e-03    8.304303330078e-03
9560    2.390000000000e+02    9.737911117608e-03    8.323991624820e-03
9570    2.392500000000e+02    9.710048415991e-03    8.295530817122e-03
9580    2.395000000000e+02    9.692535945544e-03    8.277377549348e-03
9590    2.397500000000e+02    9.696106920077e-03    8.280554543489e-03
9600    2.400000000000e+02    9.725015654762e-03    8.309423261380e-03
9610    2.402500000000e+02    9.738022865296e-03    8.321848726155e-03
9620    2.405000000000e+02    9.710454838362e-03    8.292726834952e-03
9630    2.407500000000e+02    9.694846504795e-03    8.276002794446e-03
9640    2.410000000000e+02    9.700786599240e-03    8.281682013148e-03
9650    2.412500000000e+02    9.732304718760e-03    8.313753671246e-03
9660    2.415000000000e+02    9.737910497765e-03    8.319466913235e-03
9670    2.417500000000e+02    9.710235781024e-03    8.291075328088e-03
9680    2.420000000000e+02    9.696286194938e-03    8.276657674287e-03
9690    2.422500000000e+02    9.704721419411e-03    8.285028793580e-03
9700    2.425000000000e+02    9.739304722977e-03    8.320026736328e-03
9710    2.427500000000e+02    9.737567132436e-03    8.317884136886e-03
9720    2.430000000000e+02    9.710559037780e-03    8.289830442664e-03
9730    2.432500000000e+02    9.698623233606e-03    8.277272465421e-03
9740    2.435000000000e+02    9.709542818313e-03    8.288198829177e-03
9750    2.437500000000e+02    9.746818527016e-03    8.326271903570e-03
9760    2.440000000000e+02    9.736729471818e-03    8.316167510202e-03
9770    2.442500000000e+02    9.710065565184e-03    8.289146677271e-03
9780    2.445000000000e+02    9.699782823400e-03    8.278957546281e-03
9790    2.447500000000e+02    9.713025948814e-03    8.292973448079e-03
9800    2.450000000000e+02    9.753157188900e-03    8.334429141541e-03
9810    2.452500000000e+02    9.734690797190e-03    8.316012965224e-03
9820    2.455000000000e+02    9.709148004834e-03    8.290051282529e-03
9830    2.457500000000e+02    9.701226567623e-03    8.281991282274e-03
9840    2.460000000000e+02    9.717403065596e-03    8.298498063596e-03
9850    2.462500000000e+02    9.756623877387e-03    8.338595310306e-03
9860    2.465000000000e+02    9.733831544833e-03    8.315332423990e-03
9870    2.467500000000e+02    9.709573307433e-03    8.290439596749e-03
9880    2.470000000000e+02    9.703924424414e-03    8.284552682198e-03
9890    2.472500000000e+02    9.722910755218e-03    8.303755748784e-03
9900    2.475000000000e+02    9.759180456965e-03    8.340407833202e-03
9910    2.477500000000e+02    9.733947982598e-03    8.313818457282e-03
9920    2.480000000000e+02    9.711564159961e-03    8.289706209325e-03
9930    2.482500000000e+02    9.708864089274e-03    8.285388726108e-03
9940    2.485000000000e+02    9.731321180482e-03    8.306635816552e-03
9950    2.487500000000e+02    9.763799457757e-03    8.338103135429e-03
9960    2.490000000000e+02    9.737298350893e-03    8.309248965816e-03
9970    2.492500000000e+02    9.716561582302e-03    8.286405060062e-03
9980    2.495000000000e+02    9.715980386966e-03    8.284603964057e-03
9990    2.497500000000e+02    9.740643105748e-03    8.309137865581e-03
10000    2.500000000000e+02    9.766832386081e-03    8.335803910086e-03
10010    2.502500000000e+02    9.738235266320e-03    8.306711107252e-03
10020    2.505000000000e+02    9.717958134106e-03    8.286410869005e-03
10030    2.507500000000e+02    9.718690413235e-03    8.287927052152e-03
10040    2.510000000000e+02    9.745286527341e-03    8.316051063048e-03
10050    2.512500000000e+02    9.764675370582e-03    8.336794748175e-03
10060    2.515000000000e+02    9.735220123659e-03    8.307386379784e-03
10070    2.517500000000e+02    9.716490908611e-03    8.288975178402e-03
10080    2.520000000000e+02    9.719651239519e-03    8.293032972688e-03
10090    2.522500000000e+02    9.749193154627e-03    8.324154568072e-03
10100    2.525000000000e+02    9.761882292873e-03    8.338064547388e-03
10110    2.527500000000e+02    9.732466646510e-03    8.308731225043e-03
10120    2.530000000000e+02    9.715669574496e-03    8.292273152620e-03
10130    2.532500000000e+02    9.721523185062e-03    8.298925798954e-03
10140    2.535000000000e+02    9.754317250487e-03    8.332917813277e-03
10150    2.537500000000e+02    9.760135710343e-03    8.338814370290e-03
10160    2.540000000000e+02    9.731635553941e-03    8.308938602568e-03
10170    2.542500000000e+02    9.717582763579e-03    8.293395114379e-03
10180    2.545000000000e+02    9.726951191310e-03    8.301578801365e-03
10190    2.547500000000e+02    9.763675358472e-03    8.337586044945e-03
10200    2.550000000000e+02    9.762410049460e-03    8.334578858012e-03
10210    2.552500000000e+02    9.734973342878e-03    8.304826491440e-03
10220    2.555000000000e+02    9.723127416078e-03    8.291384269796e-03
10230    2.557500000000e+02    9.734988387646e-03    8.302621735311e-03
10240    2.560000000000e+02    9.774320275474e-03    8.342386740878e-03
10250    2.562500000000e+02    9.764008695640e-03    8.331783130416e-03
10260    2.565000000000e+02    9.736492846891e-03    8.303745441481e-03
10270    2.567500000000e+02    9.725927252229e-03    8.293272762785e-03
10280    2.570000000000e+02    9.739843402026e-03    8.307872510159e-03
10290    2.572500000000e+02    9.781875971115e-03    8.351104176654e-03
10300    2.575000000000e+02    9.762482620891e-03    8.331260894010e-03
10310    2.577500000000e+02    9.735797945257e-03    8.303894895107e-03
10320    2.580000000000e+02    9.727424093224e-03    8.295330590954e-03
10330    2.582500000000e+02    9.744192646562e-03    8.312619403114e-03
10340    2.585000000000e+02    9.785124064848e-03    8.354601424799e-03
10350    2.587500000000e+02    9.760869381481e-03    8.329925664839e-03
10360    2.590000000000e+02    9.735335286195e-03    8.303988914122e-03
10370    2.592500000000e+02    9.729275147525e-03    8.298044475850e-03
10380    2.595000000000e+02    9.748991584723e-03    8.318442922246e-03
10390    2.597500000000e+02    9.786798138980e-03    8.357200812497e-03
10400    2.600000000000e+02    9.759636262042e-03    8.329437473549e-03
10410    2.602500000000e+02    9.735693674893e-03    8.304718029649e-03
10420    2.605000000000e+02    9.732344375364e-03    8.300929666802e-03
10430    2.607500000000e+02    9.755335974463e-03    8.323972894686e-03
10440    2.610000000000e+02    9.788720409574e-03    8.357609392078e-03
10450    2.612500000000e+02    9.759741794193e-03    8.327610665219e-03
10460    2.615000000000e+02    9.737352785954e-03    8.304554722599e-03
10470    2.617500000000e+02    9.736422660779e-03    8.303655392410e-03
10480    2.620000000000e+02    9.762265186891e-03    8.330229380590e-03
10490    2.622500000000e+02    9.789663309129e-03    8.358418938769e-03
10500    2.625000000000e+02    9.759307284753e-03    8.327536370416e-03
10510    2.627500000000e+02    9.738507416984e-03    8.306401814480e-03
10520    2.630000000000e+02    9.740164099811e-03    8.308245612170e-03
10530    2.632500000000e+02    9.769129344595e-03    8.337919831320e-03
10540    2.635000000000e+02    9.790005549336e-03    8.359355333596e-03
10550    2.637500000000e+02    9.759206986915e-03    8.327998306413e-03
10560    2.640000000000e+02    9.740315517138e-03    8.308731817124e-03
10570    2.642500000000e+02    9.744620452020e-03    8.313160141370e-03
10580    2.645000000000e+02    9.776608758489e-03    8.345892841135e-03
10590    2.647500000000e+02    9.790023416137e-03    8.359629701772e-03
10600    2.650000000000e+02    9.759080923943e-03    8.327953936714e-03
10610    2.652500000000e+02    9.742214629470e-03    8.310485952279e-03
10620    2.655000000000e+02    9.749448770118e-03    8.317387247189e-03
10630    2.657500000000e+02    9.784936781318e-03    8.352814840691e-03
10640    2.660000000000e+02    9.790970587518e-03    8.357864910067e-03
10650    2.662500000000e+02    9.761068057748e-03    8.325791520292e-03
10660    2.665000000000e+02    9.746996732325e-03    8.309763703437e-03
10670    2.667500000000e+02    9.757536808509e-03    8.318972687448e-03
10680    2.670000000000e+02    9.796407104311e-03    8.357350850019e-03
10690    2.672500000000e+02    9.793920980213e-03    8.353944970622e-03
10700    2.675000000000e+02    9.764301307685e-03    8.322987169777e-03
10710    2.677500000000e+02    9.751767622119e-03    8.309778368130e-03
10720    2.680000000000e+02    9.764251448069e-03    8.322603979650e-03
10730    2.682500000000e+02    9.805289690744e-03    8.365039233468e-03
10740    2.685000000000e+02    9.792977720060e-03    8.353228307897e-03
10750    2.687500000000e+02    9.763532423649e-03    8.323905757607e-03
10760    2.690000000000e+02    9.752724900211e-03    8.313738446304e-03
10770    2.692500000000e+02    9.767713403555e-03    8.329967746249e-03
10780    2.695000000000e+02    9.811778760380e-03    8.375875395359e-03
10790    2.697500000000e+02    9.790354044719e-03    8.354792797945e-03
10800    2.700000000000e+02    9.762407005006e-03    8.326635292178e-03
10810    2.702500000000e+02    9.754346886439e-03    8.318697452523e-03
10820    2.705000000000e+02    9.772554991140e-03    8.337678673342e-03
10830    2.707500000000e+02    9.815394161783e-03    8.381882154026e-03
10840    2.710000000000e+02    9.789230580643e-03    8.355426968592e-03
10850    2.712500000000e+02    9.762795400052e-03    8.328489187079e-03
10860    2.715000000000e+02    9.757234932099e-03    8.322878591571e-03
10870    2.717500000000e+02    9.778400964315e-03    8.344584030965e-03
10880    2.720000000000e+02    9.817662728799e-03    8.384651216147e-03
10890    2.722500000000e+02    9.788825404600e-03    8.354555473488e-03
10900    2.725000000000e+02    9.764494331789e-03    8.328588880431e-03
10910    2.727500000000e+02    9.762166666152e-03    8.324868428645e-03
10920    2.730000000000e+02    9.787128051429e-03    8.348828711860e-03
10930    2.732500000000e+02    9.822154575600e-03    8.382927998355e-03
10940    2.735000000000e+02    9.792431607876e-03    8.350319075362e-03
10950    2.737500000000e+02    9.770616368494e-03    8.325573410730e-03
10960    2.740000000000e+02    9.771406593130e-03    8.324054031618e-03
10970    2.742500000000e+02    9.799570488074e-03    8.350789178621e-03
10980    2.745000000000e+02    9.828289430193e-03    8.378376540350e-03
10990    2.747500000000e+02    9.797091067130e-03    8.344975763066e-03
11000    2.750000000000e+02    9.776350746626e-03    8.322795341883e-03
11010    2.752500000000e+02    9.778798015536e-03    8.324867684678e-03
11020    2.755000000000e+02    9.808914724433e-03    8.355688453776e-03
11030    2.757500000000e+02    9.829603984635e-03    8.377096115510e-03
11040    2.760000000000e+02    9.797208580278e-03    8.344143342583e-03
11050    2.762500000000e+02    9.777854026097e-03    8.324699605510e-03
11060    2.765000000000e+02    9.782598754153e-03    8.330072801073e-03
11070    2.767500000000e+02    9.815550461075e-03    8.364315301151e-03
11080    2.770000000000e+02    9.828445971687e-03    8.378053451452e-03
11090    2.772500000000e+02    9.796130623929e-03    8.345352421202e-03
11100    2.775000000000e+02    9.778849031009e-03    8.328024777256e-03
11110    2.777500000000e+02    9.786234680807e-03    8.336017895999e-03
11120    2.780000000000e+02    9.822091413732e-03    8.373180477975e-03
11130    2.782500000000e+02    9.826465177374e-03    8.378176530641e-03
11140    2.785000000000e+02    9.794379813166e-03    8.345891113095e-03
11150    2.787500000000e+02    9.779032174659e-03    8.330812755048e-03
11160    2.790000000000e+02    9.789008729581e-03    8.341622982698e-03
11170    2.792500000000e+02    9.827936264867e-03    8.381875712075e-03
11180    2.795000000000e+02    9.823688777883e-03    8.377638620004e-03
11190    2.797500000000e+02    9.792817995611e-03    8.345719353201e-03
11200    2.800000000000e+02    9.780311012850e-03    8.332342577887e-03
11210    2.802500000000e+02    9.793768858744e-03    8.345254857886e-03
11220    2.805000000000e+02    9.836512392479e-03    8.387808139560e-03
11230    2.807500000000e+02    9.823732395261e-03    8.373545680115e-03
11240    2.810000000000e+02    9.794475127520e-03    8.342370965693e-03
11250    2.812500000000e+02    9.784594660568e-03    8.331046809872e-03
11260    2.815000000000e+02    9.800921331527e-03    8.346714455001e-03
11270    2.817500000000e+02    9.846608970217e-03    8.392554163947e-03
11280    2.820000000000e+02    9.823895647637e-03    8.368642113965e-03
11290    2.822500000000e+02    9.795477617198e-03    8.339057965713e-03
11300    2.825000000000e+02    9.787478006329e-03    8.330578260029e-03
11310    2.827500000000e+02    9.806152100284e-03    8.349624620678e-03
11320    2.830000000000e+02    9.849630649099e-03    8.394138299082e-03
11330    2.832500000000e+02    9.821677528724e-03    8.365741618945e-03
11340    2.835000000000e+02    9.794534324345e-03    8.338124361217e-03
11350    2.837500000000e+02    9.788776058979e-03    8.332639888067e-03
11360    2.840000000000e+02    9.810116206561e-03    8.355056491382e-03
11370    2.842500000000e+02    9.849291324645e-03    8.395761677093e-03
11380    2.845000000000e+02    9.818268925775e-03    8.364822290787e-03
11390    2.847500000000e+02    9.792558947579e-03    8.339307447386e-03
11400    2.850000000000e+02    9.789095490947e-03    8.336591868101e-03
11410    2.852500000000e+02    9.813174263386e-03    8.362073493117e-03
11420    2.855000000000e+02    9.846743484981e-03    8.397165172028e-03
11430    2.857500000000e+02    9.814296830062e-03    8.364498949049e-03
11440    2.860000000000e+02    9.790651055201e-03    8.340604564182e-03
11450    2.862500000000e+02    9.790083627647e-03    8.340202679392e-03
11460    2.865000000000e+02    9.817490586605e-03    8.368256430913e-03
11470    2.867500000000e+02    9.844947075086e-03    8.396379065744e-03
11480    2.870000000000e+02    9.812229869411e-03    8.362939755898e-03
11490    2.872500000000e+02    9.790921283150e-03    8.341085191205e-03
11500    2.875000000000e+02    9.793308555751e-03    8.343515266461e-03
11510    2.877500000000e+02    9.823945219632e-03    8.374798982004e-03
11520    2.880000000000e+02    9.844402177229e-03    8.395558834309e-03
11530    2.882500000000e+02    9.811934397868e-03    8.362013426449e-03
11540    2.885000000000e+02    9.792992378988e-03    8.342212488060e-03
11550    2.887500000000e+02    9.798348463096e-03    8.347237198905e-03
11560    2.890000000000e+02    9.832246605976e-03    8.381437771277e-03
11570    2.892500000000e+02    9.845187171501e-03    8.394116534873e-03
11580    2.895000000000e+02    9.813457275776e-03    8.360773656932e-03
11590    2.897500000000e+02    9.797047378228e-03    8.342893509507e-03
11600    2.900000000000e+02    9.805504731075e-03    8.350294736374e-03
11610    2.902500000000e+02    9.842789072412e-03    8.387080035391e-03
11620    2.905000000000e+02    9.847969268973e-03    8.391105219744e-03
11630    2.907500000000e+02    9.817552416721e-03    8.358417770978e-03
11640    2.910000000000e+02    9.803893655308e-03    8.342675158929e-03
11650    2.912500000000e+02    9.815505613422e-03    8.352762667528e-03
11660    2.915000000000e+02    9.856052614004e-03    8.392512087994e-03
11670    2.917500000000e+02    9.852763118724e-03    8.387527330342e-03
11680    2.920000000000e+02    9.823260136084e-03    8.355830632354e-03
11690    2.922500000000e+02    9.811536850298e-03    8.342624592842e-03
11700    2.925000000000e+02    9.825304036085e-03    8.355909615602e-03
11710    2.927500000000e+02    9.868098141940e-03    8.399198327425e-03
11720    2.930000000000e+02    9.855307947172e-03    8.385717909732e-03
11730    2.932500000000e+02    9.826532408961e-03    8.355727196431e-03
11740    2.935000000000e+02    9.816771829024e-03    8.345242780706e-03
11750    2.937500000000e+02    9.833114197725e-03    8.361468098883e-03
11760    2.940000000000e+02    9.878909017486e-03    8.407763142714e-03
11770    2.942500000000e+02    9.857060277094e-03    8.384869545807e-03
11780    2.945000000000e+02    9.829769924856e-03    8.356345950233e-03
11790    2.947500000000e+02    9.822379845425e-03    8.348315061994e-03
11800    2.950000000000e+02    9.841306137463e-03    8.367528092094e-03
11810    2.952500000000e+02    9.884793573745e-03    8.412183824476e-03
11820    2.955000000000e+02    9.857907708960e-03    8.385099100451e-03
11830    2.957500000000e+02    9.831427296456e-03    8.358662189494e-03
11840    2.960000000000e+02    9.825628316525e-03    8.353659371096e-03
11850    2.962500000000e+02    9.846585185728e-03    8.376178036087e-03
11860    2.965000000000e+02    9.885456172051e-03    8.416985380791e-03
11870    2.967500000000e+02    9.855787624115e-03    8.387250970372e-03
11880    2.970000000000e+02    9.831097777198e-03    8.362041799046e-03
11890    2.972500000000e+02    9.828310884321e-03    8.358735271941e-03
11900    2.975000000000e+02    9.853022559053e-03    8.383009599129e-03
11910    2.977500000000e+02    9.887674587817e-03    8.416976488661e-03
11920    2.980000000000e+02    9.857839826762e-03    8.384480943278e-03
11930    2.982500000000e+02    9.835944331860e-03    8.359911392290e-03
11940    2.985000000000e+02    9.836361779877e-03    8.358355892597e-03
11950    2.987500000000e+02    9.864200343343e-03    8.385228743464e-03
11960    2.990000000000e+02    9.892372548845e-03    8.412875150498e-03
11970    2.992500000000e+02    9.861160773265e-03    8.379953800613e-03
11980    2.995000000000e+02    9.840108920874e-03    8.357746523870e-03
11990    2.997500000000e+02    9.841951650789e-03    8.359299877156e-03
12000    3.000000000000e+02    9.871624159941e-03    8.389597492169e-03
12010    3.002500000000e+02    9.891963993020e-03    8.410554565671e-03
12020    3.005000000000e+02    9.859914764749e-03    8.377854926948e-03
12030    3.007500000000e+02    9.840331858636e-03    8.357929949852e-03
12040    3.010000000000e+02    9.844450524422e-03    8.362432768990e-03
12050    3.012500000000e+02    9.876825504130e-03    8.395990218560e-03
12060    3.015000000000e+02    9.889422543247e-03    8.409525724346e-03
12070    3.017500000000e+02    9.857119278668e-03    8.377451243177e-03
12080    3.020000000000e+02    9.838907942282e-03    8.360239940885e-03
12090    3.022500000000e+02    9.844906074357e-03    8.368247084945e-03
12100    3.025000000000e+02    9.879510795972e-03    8.405702751588e-03
12110    3.027500000000e+02    9.883539375920e-03    8.411705895014e-03
12120    3.030000000000e+02    9.851394920532e-03    8.380348750507e-03
12130    3.032500000000e+02    9.835351119616e-03    8.365056162802e-03
12140    3.035000000000e+02    9.844604698789e-03    8.375073314710e-03
12150    3.037500000000e+02    9.883253268911e-03    8.414387420089e-03
12160    3.040000000000e+02    9.880321062184e-03    8.410577352151e-03
12170    3.042500000000e+02    9.850532857747e-03    8.378614348658e-03
12180    3.045000000000e+02    9.838250148370e-03    8.364125516891e-03
12190    3.047500000000e+02    9.851638712143e-03    8.375673184673e-03
12200    3.050000000000e+02    9.894388281062e-03    8.417108493632e-03
12210    3.052500000000e+02    9.883357452166e-03    8.403836919570e-03
12220    3.055000000000e+02    9.854735795338e-03    8.372804615647e-03
12230    3.057500000000e+02    9.844449199631e-03    8.360909736439e-03
12240    3.060000000000e+02    9.859982247371e-03    8.375867326322e-03
12250    3.062500000000e+02    9.904896574185e-03    8.421248125160e-03
12260    3.065000000000e+02    9.883896889239e-03    8.399636801187e-03
12270    3.067500000000e+02    9.855567284371e-03    8.370788625143e-03
12280    3.070000000000e+02    9.846756392699e-03    8.362210505766e-03
12290    3.072500000000e+02    9.864331422719e-03    8.380822491745e-03
12300    3.075000000000e+02    9.907067444447e-03    8.425175128650e-03
12310    3.077500000000e+02    9.880909698966e-03    8.399303151236e-03
12320    3.080000000000e+02    9.853723123171e-03    8.372248527849e-03
12330    3.082500000000e+02    9.847177341459e-03    8.366343872694e-03
12340    3.085000000000e+02    9.867545209507e-03    8.387964157009e-03
12350    3.087500000000e+02    9.906732909196e-03    8.428617133177e-03
12360    3.090000000000e+02    9.878022453289e-03    8.399651730542e-03
12370    3.092500000000e+02    9.852838461467e-03    8.373998663956e-03
12380    3.095000000000e+02    9.849279440148e-03    8.370240181648e-03
12390    3.097500000000e+02    9.873035296051e-03    8.394178116760e-03
12400    3.100000000000e+02    9.907793433594e-03    8.429195971985e-03
12410    3.102500000000e+02    9.878104704159e-03    8.397982848692e-03
12420    3.105000000000e+02    9.855329345616e-03    8.373473371648e-03
12430    3.107500000000e+02    9.854885193714e-03    8.371655071642e-03
12440    3.110000000000e+02    9.881982975947e-03    8.397981659073e-03
12450    3.112500000000e+02    9.911199901327e-03    8.426611742834e-03
12460    3.115000000000e+02    9.880970321684e-03    8.394249106459e-03
12470    3.117500000000e+02    9.860193309091e-03    8.371543895919e-03
12480    3.120000000000e+02    9.862215841760e-03    8.372499424695e-03
12490    3.122500000000e+02    9.891842997869e-03    8.402152124290e-03
12500    3.125000000000e+02    9.913927225663e-03    8.424444873526e-03
12510    3.127500000000e+02    9.882881577985e-03    8.392444505262e-03
12520    3.130000000000e+02    9.863428351300e-03    8.372547367799e-03
12530    3.132500000000e+02    9.867355927692e-03    8.376818199395e-03
12540    3.135000000000e+02    9.899176816547e-03    8.409823347392e-03
12550    3.137500000000e+02    9.913460437771e-03    8.425057681052e-03
12560    3.140000000000e+02    9.882115898067e-03    8.393428299314e-03
12570    3.142500000000e+02    9.864334900134e-03    8.375681692996e-03
12580    3.145000000000e+02    9.870576287366e-03    8.382640792661e-03
12590    3.147500000000e+02    9.905048545738e-03    8.418504916335e-03
12600    3.150000000000e+02    9.911576408311e-03    8.425752382209e-03
12610    3.152500000000e+02    9.880866142789e-03    8.394503403906e-03
12620    3.155000000000e+02    9.865461673497e-03    8.378700551475e-03
12630    3.157500000000e+02    9.874690275342e-03    8.388034708332e-03
12640    3.160000000000e+02    9.912469401768e-03    8.426488413534e-03
12650    3.162500000000e+02    9.911435547581e-03    8.424885963905e-03
12660    3.165000000000e+02    9.882077752174e-03    8.393775771765e-03
12670    3.167500000000e+02    9.869408945614e-03    8.379523984331e-03
12680    3.170000000000e+02    9.881778570345e-03    8.390788588258e-03
12690    3.172500000000e+02    9.922812347848e-03    8.431318914518e-03
12700    3.175000000000e+02    9.913585109920e-03    8.420425805525e-03
12710    3.177500000000e+02    9.885396840894e-03    8.390106525439e-03
12720    3.180000000000e+02    9.874965462655e-03    8.378146380892e-03
12730    3.182500000000e+02    9.889844686280e-03    8.392324369197e-03
12740    3.185000000000e+02    9.933474960042e-03    8.436139538389e-03
12750    3.187500000000e+02    9.915117331494e-03    8.416771403063e-03
12760    3.190000000000e+02    9.887758749016e-03    8.388245611968e-03
12770    3.192500000000e+02    9.879213124499e-03    8.379176224480e-03
12780    3.195000000000e+02    9.896364845867e-03    8.396603810979e-03
12790    3.197500000000e+02    9.938324630634e-03    8.439459219517e-03
12800    3.200000000000e+02    9.914701516392e-03    8.415041633270e-03
12810    3.202500000000e+02    9.888450383375e-03    8.388022039981e-03
12820    3.205000000000e+02    9.881961927621e-03    8.381509366700e-03
12830    3.207500000000e+02    9.901501822807e-03    8.401846674133e-03
12840    3.210000000000e+02    9.939750692250e-03    8.441443927950e-03
12850    3.212500000000e+02    9.912748057251e-03    8.414459808591e-03
12860    3.215000000000e+02    9.887657269982e-03    8.389589301260e-03
12870    3.217500000000e+02    9.883101393144e-03    8.385946683120e-03
12880    3.220000000000e+02    9.904903031134e-03    8.409498026595e-03
12890    3.222500000000e+02    9.937993418019e-03    8.444676160252e-03
12900    3.225000000000e+02    9.908837920653e-03    8.415967689871e-03
12910    3.227500000000e+02    9.885320292873e-03    8.392857112085e-03
12920    3.230000000000e+02    9.883283087217e-03    8.391498454330e-03
12930    3.232500000000e+02    9.908140575697e-03    8.417275499596e-03
12940    3.235000000000e+02    9.936028024691e-03    8.445670865513e-03
12950    3.237500000000e+02    9.906628915555e-03    8.414950385486e-03
12960    3.240000000000e+02    9.885762682868e-03    8.392778996495e-03
12970    3.242500000000e+02    9.887021437949e-03    8.393078132940e-03
12980    3.245000000000e+02    9.915385828557e-03    8.420890896559e-03
12990    3.247500000000e+02    9.937361425927e-03    8.442056305284e-03
13000    3.250000000000e+02    9.908026891363e-03    8.410674076003e-03
13010    3.252500000000e+02    9.889293328278e-03    8.390218362365e-03
13020    3.255000000000e+02    9.893043956644e-03    8.392996625844e-03
13030    3.257500000000e+02    9.923953439731e-03    8.423868861428e-03
13040    3.260000000000e+02    9.938430359114e-03    8.438216810646e-03
13050    3.262500000000e+02    9.908711219110e-03    8.407483312112e-03
13060    3.265000000000e+02    9.891323858713e-03    8.389766209802e-03
13070    3.267500000000e+02    9.896845126476e-03    8.395970286074e-03
13080    3.270000000000e+02    9.929711678305e-03    8.430548174147e-03
13090    3.272500000000e+02    9.935764985792e-03    8.437994605629e-03
13100    3.275000000000e+02    9.905779244092e-03    8.408681072979e-03
13110    3.277500000000e+02    9.889816962986e-03    8.393834697017e-03
13120    3.280000000000e+02    9.897407131092e-03    8.403142788666e-03
13130    3.282500000000e+02    9.932784814276e-03    8.440702739790e-03
13140    3.285000000000e+02    9.930892727582e-03    8.440076522675e-03
13150    3.287500000000e+02    9.901997171640e-03    8.411420410084e-03
13160    3.290000000000e+02    9.888648496367e-03    8.398356750149e-03
13170    3.292500000000e+02    9.899428436325e-03    8.409713341280e-03
13180    3.295000000000e+02    9.938260280998e-03    8.449488253973e-03
13190    3.297500000000e+02    9.928779376065e-03    8.439764597824e-03
13200    3.300000000000e+02    9.901559287478e-03    8.411550783421e-03
13210    3.302500000000e+02    9.890910376604e-03    8.400269921367e-03
13220    3.305000000000e+02    9.904596236904e-03    8.413991615271e-03
13230    3.307500000000e+02    9.946313091992e-03    8.456507380288e-03
13240    3.310000000000e+02    9.928343321960e-03    8.438052107522e-03
13250    3.312500000000e+02    9.902331772787e-03    8.411189483922e-03
13260    3.315000000000e+02    9.893897985564e-03    8.402124838540e-03
13270    3.317500000000e+02    9.910216255227e-03    8.418306656495e-03
13280    3.320000000000e+02    9.950593496273e-03    8.458904427243e-03
13290    3.322500000000e+02    9.928450296874e-03    8.435602730060e-03
13300    3.325000000000e+02    9.904306852922e-03    8.409907352871e-03
13310    3.327500000000e+02    9.898697512249e-03    8.402954089433e-03
13320    3.330000000000e+02    9.918119181648e-03    8.421489286775e-03
13330    3.332500000000e+02    9.955337657245e-03    8.458263180728e-03
13340    3.335000000000e+02    9.930715262923e-03    8.431876504801e-03
13350    3.337500000000e+02    9.908006482668e-03    8.407745275690e-03
13360    3.340000000000e+02    9.904303720611e-03    8.403554053984e-03
13370    3.342500000000e+02    9.925617576834e-03    8.425396964412e-03
13380    3.345000000000e+02    9.957131571509e-03    8.458029683425e-03
13390    3.347500000000e+02    9.930020955577e-03    8.430995895651e-03
13400    3.350000000000e+02    9.908215834916e-03    8.409421357101e-03
13410    3.352500000000e+02    9.906398827129e-03    8.408140553001e-03
13420    3.355000000000e+02    9.930172533097e-03    8.432826897661e-03
13430    3.357500000000e+02    9.956193640143e-03    8.459649588076e-03
13440    3.360000000000e+02    9.928802863986e-03    8.431515474513e-03
13450    3.362500000000e+02    9.909427932140e-03    8.411308242103e-03
13460    3.365000000000e+02    9.910656357534e-03    8.412097628025e-03
13470    3.367500000000e+02    9.937528729518e-03    8.439185780844e-03
13480    3.370000000000e+02    9.957394617240e-03    8.459214444883e-03
13490    3.372500000000e+02    9.929637415799e-03    8.430661020611e-03
13500    3.375000000000e+02    9.911726757782e-03    8.412573902206e-03
13510    3.377500000000e+02    9.914761007284e-03    8.416380700510e-03
13520    3.380000000000e+02    9.943531934047e-03    8.446813430965e-03
13530    3.382500000000e+02    9.955862729400e-03    8.460520300105e-03
13540    3.385000000000e+02    9.927858134559e-03    8.432812119281e-03
13550    3.387500000000e+02    9.911801744436e-03    8.417025394920e-03
13560    3.390000000000e+02    9.917580163261e-03    8.423125389527e-03
13570    3.392500000000e+02    9.949633428600e-03    8.455615445200e-03
13580    3.395000000000e+02    9.955572313232e-03    8.460989884952e-03
13590    3.397500000000e+02    9.929092988081e-03    8.432570566583e-03
13600    3.400000000000e+02    9.916032678313e-03    8.417721322985e-03
13610    3.402500000000e+02    9.925069738793e-03    8.425566900769e-03
13620    3.405000000000e+02    9.960242539816e-03    8.460335673590e-03
13630    3.407500000000e+02    9.958642728129e-03    8.457497806376e-03
13640    3.410000000000e+02    9.932662075027e-03    8.429730980424e-03
13650    3.412500000000e+02    9.921172672864e-03    8.417114534495e-03
13660    3.415000000000e+02    9.932082601312e-03    8.427808682427e-03
13670    3.417500000000e+02    9.969278687641e-03    8.465652174891e-03
13680    3.420000000000e+02    9.959165905041e-03    8.455227050035e-03
13690    3.422500000000e+02    9.933701904042e-03    8.428874878518e-03
13700    3.425000000000e+02    9.924052270792e-03    8.418679748502e-03
13710    3.427500000000e+02    9.937328072290e-03    8.432049754447e-03
13720    3.430000000000e+02    9.977111446726e-03    8.472752405396e-03
13730    3.432500000000e+02    9.958619586149e-03    8.453939988613e-03
13740    3.435000000000e+02    9.933862374862e-03    8.428855135207e-03
13750    3.437500000000e+02    9.925758577272e-03    8.421350085882e-03
13760    3.440000000000e+02    9.940808538545e-03    8.438062439382e-03
13770    3.442500000000e+02    9.978165387589e-03    8.477838985527e-03
13780    3.445000000000e+02    9.954616072445e-03    8.455278898509e-03
13790    3.447500000000e+02    9.930328898840e-03    8.431988619122e-03
13800    3.450000000000e+02    9.923845361526e-03    8.426996990238e-03
13810    3.452500000000e+02    9.941145752721e-03    8.446343039395e-03
13820    3.455000000000e+02    9.975025699939e-03    8.482547142194e-03
13830    3.457500000000e+02    9.949167017756e-03    8.457374439786e-03
13840    3.460000000000e+02    9.926571812483e-03    8.435247160378e-03
13850    3.462500000000e+02    9.922748076250e-03    8.432120798716e-03
13860    3.465000000000e+02    9.943176626563e-03    8.453532158455e-03
13870    3.467500000000e+02    9.973104650484e-03    8.484346227306e-03
13880    3.470000000000e+02    9.946357871752e-03    8.456662048957e-03
13890    3.472500000000e+02    9.925906853081e-03    8.435140351139e-03
13900    3.475000000000e+02    9.925028100219e-03    8.433433885330e-03
13910    3.477500000000e+02    9.948738858451e-03    8.456669684165e-03
13920    3.480000000000e+02    9.973850241589e-03    8.481018714519e-03
13930    3.482500000000e+02    9.946723499060e-03    8.451766539110e-03
13940    3.485000000000e+02    9.928191784051e-03    8.431335267232e-03
13950    3.487500000000e+02    9.929751288805e-03    8.431621161435e-03
13960    3.490000000000e+02    9.956006351939e-03    8.457450995593e-03
13970    3.492500000000e+02    9.974685759492e-03    8.475882325001e-03
13980    3.495000000000e+02    9.946640682078e-03    8.447012664874e-03
13990    3.497500000000e+02    9.929060711766e-03    8.429312716544e-03
14000    3.500000000000e+02    9.932143330192e-03    8.433061945652e-03
14010    3.502500000000e+02    9.960244615737e-03    8.462533793136e-03
14020    3.505000000000e+02    9.971536769467e-03    8.474940808810e-03
14030    3.507500000000e+02    9.942935867440e-03    8.446675006780e-03
14040    3.510000000000e+02    9.926699674895e-03    8.431245107204e-03
14050    3.512500000000e+02    9.931879189707e-03    8.437847345704e-03
14060    3.515000000000e+02    9.962480699554e-03    8.470457158182e-03
14070    3.517500000000e+02    9.966517074016e-03    8.475862947307e-03
14080    3.520000000000e+02    9.938207250298e-03    8.448273103568e-03
14090    3.522500000000e+02    9.923762582136e-03    8.434976960416e-03
14100    3.525000000000e+02    9.931267185606e-03    8.444280753793e-03
14110    3.527500000000e+02    9.964470269953e-03    8.479892211653e-03
14120    3.530000000000e+02    9.961064251813e-03    8.478082262627e-03
14130    3.532500000000e+02    9.933684617073e-03    8.451328483716e-03
14140    3.535000000000e+02    9.921690070553e-03    8.439940754215e-03
14150    3.537500000000e+02    9.932394937933e-03    8.451281243651e-03
14160    3.540000000000e+02    9.969287113713e-03    8.488771468365e-03
14170    3.542500000000e+02    9.959307941720e-03    8.477712778586e-03
14180    3.545000000000e+02    9.934199781938e-03    8.450610163891e-03
14190    3.547500000000e+02    9.925568389893e-03    8.440057111329e-03
14200    3.550000000000e+02    9.939921797250e-03    8.452809678602e-03
14210    3.552500000000e+02    9.980404901397e-03    8.492203533024e-03
14220    3.555000000000e+02    9.962975475112e-03    8.472463427097e-03
14230    3.557500000000e+02    9.939242263855e-03    8.446339203147e-03
14240    3.560000000000e+02    9.932624549974e-03    8.438082280918e-03
14250    3.562499999999e+02    9.949095575880e-03    8.453926398943e-03
14260    3.564999999999e+02    9.987625713886e-03    8.492833078890e-03
14270    3.567499999999e+02    9.965346642449e-03    8.469830400827e-03
14280    3.569999999999e+02    9.942212685872e-03    8.445837274849e-03
14290    3.572499999999e+02    9.937108143815e-03    8.440486481959e-03
14300    3.574999999999e+02    9.955565915255e-03    8.459523153761e-03
14310    3.577499999999e+02    9.990418208056e-03    8.495586973368e-03
14320    3.579999999999e+02    9.965293413307e-03    8.470091681374e-03
14330    3.582499999999e+02    9.943182042043e-03    8.447777742731e-03
14340    3.584999999999e+02    9.939846117501e-03    8.444968550066e-03
14350    3.587499999999e+02    9.960355264869e-03    8.466949562717e-03
14360    3.589999999999e+02    9.990225839670e-03    8.498814121594e-03
14370    3.592499999999e+02    9.963069534580e-03    8.472380439343e-03
14380    3.594999999999e+02    9.941897680279e-03    8.452106682853e-03
14390    3.597499999999e+02    9.940283453122e-03    8.451990671347e-03
14400    3.599999999999e+02    9.963019601559e-03    8.476831955704e-03
14410    3.602499999999e+02    9.987587812736e-03    8.503448930242e-03
14420    3.604999999999e+02    9.959858250392e-03    8.475866969093e-03
14430    3.607499999999e+02    9.940720658904e-03    8.456454692350e-03
14440    3.609999999999e+02    9.942073506868e-03    8.457597416054e-03
14450    3.612499999999e+02    9.968325216692e-03    8.483869583870e-03
14460    3.614999999999e+02    9.988014032460e-03    8.502981196216e-03
14470    3.617499999999e+02    9.960938192304e-03    8.473611031150e-03
14480    3.619999999999e+02    9.944280550131e-03    8.454813410935e-03
14490    3.622499999999e+02    9.948489790983e-03    8.457487302621e-03
14500    3.624999999999e+02    9.977625265649e-03    8.485940572427e-03
14510    3.627499999999e+02    9.990851514238e-03    8.498418509589e-03
14520    3.629999999999e+02    9.963434455943e-03    8.469469008560e-03
14530    3.632499999999e+02    9.947821144599e-03    8.453030904093e-03
14540    3.634999999999e+02    9.953476741763e-03    8.458880450235e-03
14550    3.637499999999e+02    9.984321906367e-03    8.490894656461e-03
14560    3.639999999999e+02    9.989733698281e-03    8.497096888277e-03
14570    3.642499999999e+02    9.961770912355e-03    8.469167008116e-03
14580    3.644999999999e+02    9.947220112704e-03    8.455134491669e-03
14590    3.647499999999e+02    9.954649186245e-03    8.463788031804e-03
14600    3.649999999999e+02    9.987721207307e-03    8.498775983753e-03
14610    3.652499999999e+02    9.985434328924e-03    8.497433850607e-03
14620    3.654999999999e+02    9.957652049271e-03    8.470156678413e-03
14630    3.657499999999e+02    9.944573919195e-03    8.458237964987e-03
14640    3.659999999999e+02    9.953974175206e-03    8.469554033582e-03
14650    3.662499999999e+02    9.989333855353e-03    8.507548202033e-03
14660    3.664999999999e+02    9.978938821896e-03    8.498808731019e-03
14670    3.667499999999e+02    9.951647866138e-03    8.472644832182e-03
14680    3.669999999999e+02    9.940441553939e-03    8.462820303976e-03
14690    3.672499999999e+02    9.952484655182e-03    8.476487932967e-03
14700    3.674999999999e+02    9.991099281998e-03    8.516805101863e-03
14710    3.677499999999e+02    9.973425769442e-03    8.498919478370e-03
14720    3.679999999999e+02    9.948102978965e-03    8.472605587485e-03
14730    3.682499999999e+02    9.940069068167e-03    8.463610485705e-03
14740    3.684999999999e+02    9.955752633523e-03    8.478583697979e-03
14750    3.687499999999e+02    9.994242517963e-03    8.516607881575e-03
14760    3.689999999999e+02    9.972894851786e-03    8.493274278408e-03
14770    3.692499999999e+02    9.949244279550e-03    8.467695469335e-03
14780    3.694999999999e+02    9.943549868830e-03    8.460756382192e-03
14790    3.697499999999e+02    9.961723376936e-03    8.478584402837e-03
14800    3.699999999999e+02    9.996877205493e-03    8.514134327925e-03
14810    3.702499999999e+02    9.972395192831e-03    8.488968313941e-03
14820    3.704999999999e+02    9.949624096881e-03    8.465577892821e-03
14830    3.707499999999e+02    9.945611375656e-03    8.461731564239e-03
14840    3.709999999999e+02    9.965830911554e-03    8.483049130518e-03
14850    3.712499999999e+02    9.996108594055e-03    8.514908833604e-03
14860    3.714999999999e+02    9.969251213332e-03    8.488465223309e-03
14870    3.717499999999e+02    9.947272013643e-03    8.467257319353e-03
14880    3.719999999999e+02    9.944819959410e-03    8.466326665257e-03
14890    3.722499999999e+02    9.966978386672e-03    8.490813485878e-03
14900    3.724999999999e+02    9.991451114026e-03    8.517741876858e-03
14910    3.727499999999e+02    9.963195511356e-03    8.490625208651e-03
14920    3.729999999999e+02    9.942677567656e-03    8.471294545416e-03
14930    3.732499999999e+02    9.942648470711e-03    8.472797469040e-03
14940    3.734999999999e+02    9.967801616771e-03    8.499840032528e-03
14950    3.737499999999e+02    9.986975034127e-03    8.520599795702e-03
14960    3.739999999999e+02    9.959111145074e-03    8.492654827023e-03
14970    3.742499999999e+02    9.941244708546e-03    8.474358727653e-03
14980    3.744999999999e+02    9.944479870745e-03    8.477415456582e-03
14990    3.747499999999e+02    9.973106053013e-03    8.506303802278e-03
15000    3.749999999999e+02    9.986507791137e-03    8.519490785147e-03
15010    3.752499999999e+02    9.959193683211e-03    8.490659491144e-03
15020    3.754999999999e+02    9.943610895643e-03    8.473666556711e-03
15030    3.757499999999e+02    9.949630593530e-03    8.478630411446e-03
15040    3.759999999999e+02    9.981280852546e-03    8.509696920555e-03
15050    3.762499999999e+02    9.988143124263e-03    8.515206624907e-03
15060    3.764999999999e+02    9.961646276698e-03    8.486319033182e-03
15070    3.767499999999e+02    9.948421268907e-03    8.471015750729e-03
15080    3.769999999999e+02    9.957165772683e-03    8.478335286782e-03
15090    3.772499999999e+02    9.991542268727e-03    8.512141175743e-03
15100    3.774999999999e+02    9.990838246700e-03    8.510584515534e-03
15110    3.777499999999e+02    9.964386786090e-03    8.483009425618e-03
15120    3.779999999999e+02    9.952116215005e-03    8.470560561364e-03
15130    3.782499999999e+02    9.961904685471e-03    8.481498320180e-03
15140    3.784999999999e+02    9.997313625802e-03    8.519484242242e-03
15150    3.787499999999e+02    9.987204318184e-03    8.511249990079e-03
15160    3.789999999999e+02    9.960017487164e-03    8.485711908179e-03
15170    3.792499999999e+02    9.948481868682e-03    8.476344018163e-03
15180    3.794999999999e+02    9.959858000529e-03    8.490385300320e-03
15190    3.797499999999e+02    9.997570013605e-03    8.531117708117e-03
15200    3.799999999999e+02    9.979572189702e-03    8.514452749296e-03
15210    3.802499999999e+02    9.953989107189e-03    8.489510380059e-03
15220    3.804999999999e+02    9.945348551024e-03    8.481653305353e-03
15230    3.807499999999e+02    9.960111690185e-03    8.497510787493e-03
15240    3.809999999999e+02    9.997535946131e-03    8.536274072867e-03
15250    3.812499999999e+02    9.975834738285e-03    8.514247216226e-03
15260    3.814999999999e+02    9.952006537495e-03    8.489866540913e-03
15270    3.817499999999e+02    9.945823022970e-03    8.483574724778e-03
15280    3.819999999999e+02    9.963255353272e-03    8.501551017616e-03
15290    3.822499999999e+02    9.997706801009e-03    8.536883332454e-03
15300    3.824999999999e+02    9.973347283165e-03    8.511508807715e-03
15310    3.827499999999e+02    9.951096782612e-03    8.488155717714e-03
15320    3.829999999999e+02    9.947435079312e-03    8.483728477586e-03
15330    3.832499999999e+02    9.967812919259e-03    8.503792309057e-03
15340    3.834999999999e+02    9.998326774394e-03    8.534269030861e-03
15350    3.837499999999e+02    9.972504996576e-03    8.507133058629e-03
15360    3.839999999999e+02    9.951824946364e-03    8.485503113661e-03
15370    3.842499999999e+02    9.950212515129e-03    8.483817854540e-03
15380    3.844999999999e+02    9.972695982099e-03    8.507261272825e-03
15390    3.847499999999e+02    9.997258993668e-03    8.533175085176e-03
15400    3.849999999999e+02    9.969581047413e-03    8.505748802236e-03
15410    3.852499999999e+02    9.949613765076e-03    8.486370158607e-03
15420    3.854999999999e+02    9.949520782843e-03    8.487541514114e-03
15430    3.857499999999e+02    9.974062478236e-03    8.514000701325e-03
15440    3.859999999999e+02    9.992327000201e-03    8.533851529137e-03
15450    3.862499999999e+02    9.964154440237e-03    8.505774247169e-03
15460    3.864999999999e+02    9.946127886882e-03    8.487970954775e-03
15470    3.867499999999e+02    9.948788138986e-03    8.491277904795e-03
15480    3.869999999999e+02    9.976445426818e-03    8.520088441401e-03
15490    3.872499999999e+02    9.988559479339e-03    8.533065218217e-03
15500    3.874999999999e+02    9.960726397722e-03    8.505194087775e-03
15510    3.877499999999e+02    9.944712606710e-03    8.489466274114e-03
15520    3.879999999999e+02    9.949847667629e-03    8.495546027007e-03
15530    3.882499999999e+02    9.980183549238e-03    8.527410424904e-03
15540    3.884999999999e+02    9.985146147099e-03    8.533226918189e-03
15550    3.887499999999e+02    9.957584976690e-03    8.505579258781e-03
15560    3.889999999999e+02    9.943499436882e-03    8.491602891809e-03
15570    3.892499999999e+02    9.951231643709e-03    8.499815805408e-03
15580    3.894999999999e+02    9.984542009886e-03    8.534054023585e-03
15590    3.897499999999e+02    9.982327105449e-03    8.531775953088e-03
15600    3.899999999999e+02    9.955769045378e-03    8.504428520610e-03
15610    3.902499999999e+02    9.944030554340e-03    8.492235296217e-03
15620    3.904999999999e+02    9.954529821344e-03    8.502881160894e-03
15630    3.907499999999e+02    9.990729781759e-03    8.539919005671e-03
15640    3.909999999999e+02    9.980707201872e-03    8.530034991963e-03
15650    3.912499999999e+02    9.954958660566e-03    8.504056393576e-03
15660    3.914999999999e+02    9.945109263243e-03    8.494408155457e-03
15670    3.917499999999e+02    9.957920436511e-03    8.508029758559e-03
15680    3.919999999999e+02    9.996675718834e-03    8.548169405913e-03
15690    3.922499999999e+02    9.978381470642e-03    8.529644551345e-03
15700    3.924999999999e+02    9.953680291445e-03    8.504342851666e-03
15710    3.927499999999e+02    9.946040981674e-03    8.496348407789e-03
15720    3.929999999999e+02    9.961590040646e-03    8.511931186149e-03
15730    3.932499999999e+02    9.999330525545e-03    8.550092521546e-03
15740    3.934999999999e+02    9.976982104352e-03    8.526780280590e-03
15750    3.937499999999e+02    9.953850510092e-03    8.502581348694e-03
15760    3.939999999999e+02    9.948617125214e-03    8.496788353114e-03
15770    3.942499999999e+02    9.966805476242e-03    8.515167033693e-03
15780    3.944999999999e+02    1.000116518443e-02    8.550362880669e-03
15790    3.947499999999e+02    9.975997365497e-03    8.524965704055e-03
15800    3.949999999999e+02    9.953839097976e-03    8.502814712301e-03
15810    3.952499999999e+02    9.950213428451e-03    8.499913231390e-03
15820    3.954999999999e+02    9.970246521129e-03    8.521540808033e-03
15830    3.957499999999e+02    9.999310077183e-03    8.552584572499e-03
15840    3.959999999999e+02    9.971917992106e-03    8.525674955308e-03
15850    3.962499999999e+02    9.950705764363e-03    8.505129024343e-03
15860    3.964999999999e+02    9.948942630398e-03    8.504523885676e-03
15870    3.967499999999e+02    9.971389711646e-03    8.528586519787e-03
15880    3.969999999999e+02    9.995108128825e-03    8.553858800951e-03
15890    3.972499999999e+02    9.967294254631e-03    8.526109261766e-03
15900    3.974999999999e+02    9.948269266631e-03    8.507095525601e-03
15910    3.977499999999e+02    9.949432326967e-03    8.508626002367e-03
15920    3.979999999999e+02    9.975099112082e-03    8.535144449525e-03
15930    3.982499999999e+02    9.993269466583e-03    8.553958569792e-03
15940    3.984999999999e+02    9.965601852800e-03    8.525637234925e-03
15950    3.987499999999e+02    9.948591405690e-03    8.508105229339e-03
15960    3.989999999999e+02    9.952240762491e-03    8.511751487276e-03
15970    3.992499999999e+02    9.980584809655e-03    8.540682105377e-03
15980    3.994999999999e+02    9.992175745029e-03    8.552218376281e-03
15990    3.997499999999e+02    9.964691696002e-03    8.523420485290e-03
16000    3.999999999999e+02    9.949558788367e-03    8.507339697644e-03
16010    4.002499999999e+02    9.955648264398e-03    8.513167340425e-03
16020    4.004999999999e+02    9.986691651617e-03    8.544630346478e-03
16030    4.007499999999e+02    9.991183435664e-03    8.549043166568e-03
16040    4.009999999999e+02    9.964013573684e-03    8.521084219865e-03
16050    4.012499999999e+02    9.950560036789e-03    8.507346088663e-03
16060    4.014999999999e+02    9.958728785024e-03    8.516036356923e-03
16070    4.017499999999e+02    9.991998936805e-03    8.550704879781e-03
16080    4.019999999999e+02    9.988532107323e-03    8.547994938453e-03
16090    4.022499999999e+02    9.961479780846e-03    8.521145893610e-03
16100    4.024999999999e+02    9.949381689460e-03    8.509782514011e-03
16110    4.027499999999e+02    9.959409065204e-03    8.521211162588e-03
16120    4.029999999999e+02    9.994861308457e-03    8.558821802580e-03
16130    4.032499999999e+02    9.983083193726e-03    8.547925863240e-03
16140    4.034999999999e+02    9.956530059886e-03    8.521770078914e-03
16150    4.037499999999e+02    9.946259181683e-03    8.512267510923e-03
16160    4.039999999999e+02    9.958785575990e-03    8.526038125638e-03
16170    4.042499999999e+02    9.997206874368e-03    8.566087342842e-03
16180    4.044999999999e+02    9.977808581400e-03    8.546781898076e-03
16190    4.047499999999e+02    9.953044755994e-03    8.521538844434e-03
16200    4.049999999999e+02    9.945683007457e-03    8.513863945154e-03
16210    4.052499999999e+02    9.961567639367e-03    8.529773588634e-03
16220    4.054999999999e+02    9.999311749289e-03    8.567889716687e-03
16230    4.057499999999e+02    9.976273344030e-03    8.543706707314e-03
16240    4.059999999999e+02    9.952987675524e-03    8.519387664819e-03
16250    4.062499999999e+02    9.947723783607e-03    8.513786150615e-03
16260    4.064999999999e+02    9.965864232373e-03    8.532393837413e-03
16270    4.067499999999e+02    9.999747617329e-03    8.567246214625e-03
16280    4.069999999999e+02    9.973665066267e-03    8.540745396203e-03
16290    4.072499999999e+02    9.951264774546e-03    8.518104737050e-03
16300    4.074999999999e+02    9.947840077078e-03    8.515003624780e-03
16310    4.077499999999e+02    9.968364764928e-03    8.536460917639e-03
16320    4.079999999999e+02    9.997627379710e-03    8.566821224122e-03
16330    4.082499999999e+02    9.970154561321e-03    8.539226343601e-03
16340    4.084999999999e+02    9.949412264028e-03    8.518371250830e-03
16350    4.087499999999e+02    9.948338288371e-03    8.517639460479e-03
16360    4.089999999999e+02    9.971442820858e-03    8.541687229808e-03
16370    4.092499999999e+02    9.995052031506e-03    8.566349597459e-03
16380    4.094999999999e+02    9.966450288641e-03    8.537598442672e-03
16390    4.097499999999e+02    9.946862684637e-03    8.518322145392e-03
16400    4.099999999999e+02    9.947566760878e-03    8.519998827978e-03
16410    4.102499999999e+02    9.972815758971e-03    8.546791016670e-03
16420    4.104999999999e+02    9.989931342172e-03    8.565163026105e-03
16430    4.107499999999e+02    9.960943214625e-03    8.536149167412e-03
16440    4.109999999999e+02    9.943207562565e-03    8.518472981450e-03
16450    4.112499999999e+02    9.946565237440e-03    8.522285227627e-03
16460    4.114999999999e+02    9.974903011866e-03    8.551499950954e-03
16470    4.117499999999e+02    9.985870036385e-03    8.562802048800e-03
16480    4.119999999999e+02    9.957613423007e-03    8.533698776773e-03
16490    4.122499999999e+02    9.942189293133e-03    8.517579809450e-03
16500    4.124999999999e+02    9.948246346545e-03    8.523496985617e-03
16510    4.127499999999e+02    9.979364039829e-03    8.555196541238e-03
16520    4.129999999999e+02    9.983130696402e-03    8.559028917261e-03
16530    4.132499999999e+02    9.955104664853e-03    8.530356630217e-03
16540    4.134999999999e+02    9.941205454707e-03    8.516371253791e-03
16550    4.137499999999e+02    9.949220458617e-03    8.524977993147e-03
16560    4.139999999999e+02    9.982567044418e-03    8.559598685679e-03
16570    4.142499999999e+02    9.978564735453e-03    8.556061877243e-03
16580    4.144999999999e+02    9.951210397709e-03    8.528510409633e-03
16590    4.147499999999e+02    9.939364560847e-03    8.516757896359e-03
16600    4.149999999999e+02    9.950012359185e-03    8.527985811270e-03
16610    4.152499999999e+02    9.986340341268e-03    8.565345916395e-03
16620    4.154999999999e+02    9.974880239980e-03    8.553760728319e-03
16630    4.157499999999e+02    9.948849034606e-03    8.526943160177e-03
16640    4.159999999999e+02    9.939368083170e-03    8.516978830812e-03
16650    4.162499999999e+02    9.952761406710e-03    8.530344446626e-03
16660    4.164999999999e+02    9.992009184017e-03    8.570194250751e-03
16670    4.167499999999e+02    9.972751433037e-03    8.549964061785e-03
16680    4.169999999999e+02    9.948085885162e-03    8.524019801371e-03
16690    4.172499999999e+02    9.940845718404e-03    8.516003576005e-03
16700    4.174999999999e+02    9.956814941501e-03    8.531830555512e-03
16710    4.177499999999e+02    9.994646989147e-03    8.570127813982e-03
16720    4.179999999999e+02    9.971175486262e-03    8.545820965992e-03
16730    4.182499999999e+02    9.947691241762e-03    8.521532380655e-03
16740    4.184999999999e+02    9.942448335973e-03    8.516034270542e-03
16750    4.187499999999e+02    9.960752826312e-03    8.534813508959e-03
16760    4.189999999999e+02    9.995000570267e-03    8.570041968596e-03
16770    4.192499999999e+02    9.969009207114e-03    8.543499624466e-03
16780    4.194999999999e+02    9.946820902679e-03    8.520741765096e-03
16790    4.197499999999e+02    9.943591128225e-03    8.517460395524e-03
16800    4.199999999999e+02    9.964230989922e-03    8.538712009795e-03
16810    4.202499999999e+02    9.993672012925e-03    8.569053728024e-03
16820    4.204999999999e+02    9.965915637823e-03    8.540690399968e-03
16830    4.207499999999e+02    9.944841047957e-03    8.519273054844e-03
16840    4.209999999999e+02    9.943411577722e-03    8.518210825969e-03
16850    4.212499999999e+02    9.966203506384e-03    8.542143019440e-03
16860    4.214999999999e+02    9.989840303890e-03    8.567030329687e-03
16870    4.217499999999e+02    9.961158693534e-03    8.538352535652e-03
16880    4.219999999999e+02    9.941611443506e-03    8.519013744262e-03
16890    4.222499999999e+02    9.942447994128e-03    8.520585412043e-03
16900    4.224999999999e+02    9.967962630637e-03    8.547389822525e-03
16910    4.227499999999e+02    9.985748137990e-03    8.566107301704e-03
16920    4.229999999999e+02    9.957099473485e-03    8.536864475900e-03
16930    4.232499999999e+02    9.939546663961e-03    8.518795566488e-03
16940    4.234999999999e+02    9.942991611773e-03    8.522144586095e-03
16950    4.237499999999e+02    9.971435902349e-03    8.550958306841e-03
16960    4.239999999999e+02    9.982843327485e-03    8.562250265641e-03
16970    4.242499999999e+02    9.954526854617e-03    8.532905709217e-03
16980    4.244999999999e+02    9.938811447374e-03    8.516715791302e-03
16990    4.247499999999e+02    9.944507686801e-03    8.522732673555e-03
17000    4.249999999999e+02    9.975383614530e-03    8.554846193874e-03
17010    4.252499999999e+02    9.979378316191e-03    8.559783558667e-03
17020    4.254999999999e+02    9.951115495425e-03    8.531762238817e-03
17030    4.257499999999e+02    9.936847613548e-03    8.518051575265e-03
17040    4.259999999999e+02    9.944575031693e-03    8.526870167771e-03
17050    4.262499999999e+02    9.977930676632e-03    8.561789818486e-03
17060    4.264999999999e+02    9.974463109762e-03    8.558699872992e-03
17070    4.267499999999e+02    9.947036056430e-03    8.530660049473e-03
17080    4.269999999999e+02    9.934927242809e-03    8.518123661815e-03
17090    4.272499999999e+02    9.945379181041e-03    8.528546440175e-03
17100    4.274999999999e+02    9.981777941255e-03    8.565323531002e-03
17110    4.277499999999e+02    9.970715652282e-03    8.553623015359e-03
17120    4.279999999999e+02    9.944195895554e-03    8.526196069397e-03
17130    4.282499999999e+02    9.933882422251e-03    8.515664892002e-03
17140    4.284999999999e+02    9.946398662218e-03    8.528869636393e-03
17150    4.287499999999e+02    9.985018963225e-03    8.569012477892e-03
17160    4.289999999999e+02    9.965329971698e-03    8.549704180041e-03
17170    4.292499999999e+02    9.939325244022e-03    8.523964132110e-03
17180    4.294999999999e+02    9.930578224241e-03    8.515950757101e-03
17190    4.297499999999e+02    9.945307881404e-03    8.531957218111e-03
17200    4.299999999999e+02    9.982580289291e-03    8.570835489081e-03
17210    4.302499999999e+02    9.958813864096e-03    8.546990482500e-03
17220    4.304999999999e+02    9.934369316500e-03    8.522123164767e-03
17230    4.307499999999e+02    9.928238240718e-03    8.515846768205e-03
17240    4.309999999999e+02    9.946114501460e-03    8.534005974980e-03
17250    4.312499999999e+02    9.980773638165e-03    8.569185453780e-03
17260    4.314999999999e+02    9.955077235228e-03    8.542547797333e-03
17270    4.317499999999e+02    9.932412376130e-03    8.519064598659e-03
17280    4.319999999999e+02    9.928705259444e-03    8.515152003383e-03
17290    4.322499999999e+02    9.949287480651e-03    8.536222709154e-03
17300    4.324999999999e+02    9.979498946185e-03    8.567197177399e-03
17310    4.327499999999e+02    9.952182641550e-03    8.539257426492e-03
17320    4.329999999999e+02    9.930932208904e-03    8.517398590811e-03
17330    4.332499999999e+02    9.929505415856e-03    8.515717031514e-03
17340    4.334999999999e+02    9.952905048847e-03    8.539290975023e-03
17350    4.337499999999e+02    9.978111748327e-03    8.564542513341e-03
17360    4.339999999999e+02    9.950360037201e-03    8.535274143469e-03
17370    4.342499999999e+02    9.931014423519e-03    8.514613618900e-03
17380    4.344999999999e+02    9.932057939644e-03    8.515004857145e-03
17390    4.347499999999e+02    9.958114143352e-03    8.541258132936e-03
17400    4.349999999999e+02    9.977033569642e-03    8.560518484046e-03
17410    4.352499999999e+02    9.948344782013e-03    8.531362676877e-03
17420    4.354999999999e+02    9.929918428778e-03    8.512952036654e-03
17430    4.357499999999e+02    9.932498286130e-03    8.516292266904e-03
17440    4.359999999999e+02    9.960539838842e-03    8.545935946131e-03
17450    4.362499999999e+02    9.972404173297e-03    8.559134343159e-03
17460    4.364999999999e+02    9.943551313909e-03    8.530354269169e-03
17470    4.367499999999e+02    9.926961735871e-03    8.513869798662e-03
17480    4.369999999999e+02    9.932260288061e-03    8.519573360900e-03
17490    4.372499999999e+02    9.963602689203e-03    8.551620657272e-03
17500    4.374999999999e+02    9.969132837889e-03    8.556925601624e-03
17510    4.377499999999e+02    9.941315701585e-03    8.527716379831e-03
17520    4.379999999999e+02    9.927274460005e-03    8.512376692124e-03
17530    4.382499999999e+02    9.935693670761e-03    8.519949184119e-03
17540    4.384999999999e+02    9.970460946774e-03    8.554394540624e-03
17550    4.387499999999e+02    9.969164844021e-03    8.551938139135e-03
17560    4.389999999999e+02    9.942478904606e-03    8.523343795787e-03
17570    4.392499999999e+02    9.930765307986e-03    8.510110745192e-03
17580    4.394999999999e+02    9.941911988194e-03    8.520418166881e-03
17590    4.397499999999e+02    9.979584980351e-03    8.558163652197e-03
17600    4.399999999999e+02    9.970360557374e-03    8.548194156901e-03
17610    4.402499999999e+02    9.944113561835e-03    8.520796322955e-03
17620    4.404999999999e+02    9.933875907839e-03    8.510034621395e-03
17630    4.407499999999e+02    9.946955442400e-03    8.523415898708e-03
17640    4.409999999999e+02    9.986901192877e-03    8.564447026401e-03
17650    4.412499999999e+02    9.968992910580e-03    8.546306225071e-03
17660    4.414999999999e+02    9.943261124035e-03    8.520114944986e-03
17670    4.417499999999e+02    9.934726710208e-03    8.511576722412e-03
17680    4.419999999999e+02    9.950158700478e-03    8.527590245649e-03
17690    4.422499999999e+02    9.988908894121e-03    8.567390985263e-03
17700    4.424999999999e+02    9.966580969627e-03    8.544503573830e-03
17710    4.427499999999e+02    9.942074598497e-03    8.519094106305e-03
17720    4.429999999999e+02    9.935819013397e-03    8.512294941283e-03
17730    4.432499999999e+02    9.954077814240e-03    8.530589558177e-03
17740    4.434999999999e+02    9.990034231107e-03    8.566979660827e-03
17750    4.437499999999e+02    9.965153934029e-03    8.540785991499e-03
17760    4.439999999999e+02    9.942069562630e-03    8.516219496414e-03
17770    4.442499999999e+02    9.938092182143e-03    8.511318575984e-03
17780    4.444999999999e+02    9.959049022660e-03    8.532102893696e-03
17790    4.447499999999e+02    9.990664085156e-03    8.564030076741e-03
17800    4.449999999999e+02    9.963777396218e-03    8.536214332707e-03
17810    4.452499999999e+02    9.941804831641e-03    8.513612391653e-03
17820    4.454999999999e+02    9.939787265762e-03    8.511644304235e-03
17830    4.457499999999e+02    9.963214094207e-03    8.535861376004e-03
17840    4.459999999999e+02    9.989448500899e-03    8.563039476940e-03
17850    4.462499999999e+02    9.961367250794e-03    8.534517211956e-03
17860    4.464999999999e+02    9.940920149192e-03    8.513835185113e-03
17870    4.467499999999e+02    9.941343002321e-03    8.514487823049e-03
17880    4.469999999999e+02    9.967773909975e-03    8.541658990907e-03
17890    4.472499999999e+02    9.988321276992e-03    8.562616671952e-03
17900    4.474999999999e+02    9.959847840245e-03    8.533095192433e-03
17910    4.477499999999e+02    9.941176780552e-03    8.513556459548e-03
17920    4.479999999999e+02    9.944041042737e-03    8.516339745256e-03
17930    4.482499999999e+02    9.973211845592e-03    8.546354260943e-03
17940    4.484999999999e+02    9.986853209782e-03    8.560757309169e-03
17950    4.487499999999e+02    9.957690648126e-03    8.531560793926e-03
17960    4.489999999999e+02    9.940183527788e-03    8.514557719536e-03
17970    4.492499999999e+02    9.944956512212e-03    8.520526369466e-03
17980    4.494999999999e+02    9.976589457086e-03    8.553940629099e-03
17990    4.497499999999e+02    9.982755980982e-03    8.561242693759e-03
18000    4.499999999999e+02    9.953634440532e-03    8.532122334145e-03
18010    4.502499999999e+02    9.938171508978e-03    8.516745489942e-03
18020    4.504999999999e+02    9.945981914151e-03    8.524880757250e-03
18030    4.507499999999e+02    9.981340951091e-03    8.560787935494e-03
18040    4.509999999999e+02    9.980757602743e-03    8.559448269807e-03
18050    4.512499999999e+02    9.953075919425e-03    8.529767491382e-03
18060    4.514999999999e+02    9.940546356742e-03    8.515337489371e-03
18070    4.517499999999e+02    9.951811691547e-03    8.525349629053e-03
18080    4.519999999999e+02    9.990827838683e-03    8.563803855395e-03
18090    4.522499999999e+02    9.982403352216e-03    8.553958735320e-03
18100    4.524999999999e+02    9.955403705572e-03    8.525228496183e-03
18110    4.527499999999e+02    9.944765456198e-03    8.513485127878e-03
18120    4.529999999999e+02    9.958427786880e-03    8.526805781003e-03
18130    4.532499999999e+02    1.000014765722e-02    8.568997815019e-03
18140    4.534999999999e+02    9.982758730450e-03    8.551082226404e-03
18150    4.537499999999e+02    9.956266428360e-03    8.523939897714e-03
18160    4.539999999999e+02    9.947337049636e-03    8.515072233422e-03
18170    4.542499999999e+02    9.963221844219e-03    8.531892725841e-03
18180    4.544999999999e+02    1.000337170223e-02    8.573736686230e-03
18190    4.547499999999e+02    9.980377229977e-03    8.551297390113e-03
18200    4.549999999999e+02    9.954228325858e-03    8.525702581210e-03
18210    4.552499999999e+02    9.946870899781e-03    8.519481870280e-03
18220    4.554999999999e+02    9.965042019437e-03    8.539491333977e-03
18230    4.557499999999e+02    1.000189888422e-02    8.578536910136e-03
18240    4.559999999999e+02    9.975842655666e-03    8.552876663998e-03
18250    4.562499999999e+02    9.951386747951e-03    8.528385806130e-03
18260    4.564999999999e+02    9.947045900402e-03    8.524080793904e-03
18270    4.567499999999e+02    9.968977467320e-03    8.546298877263e-03
18280    4.569999999999e+02    1.000249813076e-02    8.580044633163e-03
18290    4.572499999999e+02    9.975440261760e-03    8.551327232453e-03
18300    4.574999999999e+02    9.953461131268e-03    8.527277956091e-03
18310    4.577499999999e+02    9.952452521035e-03    8.524388069418e-03
18320    4.579999999999e+02    9.978070429559e-03    8.548587087716e-03
18330    4.582499999999e+02    1.000678877102e-02    8.575926465710e-03
18340    4.584999999999e+02    9.978907612581e-03    8.545322863938e-03
18350    4.587499999999e+02    9.958782262824e-03    8.522710457328e-03
18360    4.589999999999e+02    9.960294623285e-03    8.522408446879e-03
18370    4.592499999999e+02    9.988687098666e-03    8.549837801183e-03
18380    4.594999999999e+02    1.001077913271e-02    8.571186005611e-03
18390    4.597499999999e+02    9.981700959671e-03    8.540426729269e-03
18400    4.599999999999e+02    9.962678258999e-03    8.520338412382e-03
18410    4.602499999999e+02    9.965965808453e-03    8.523609549229e-03
18420    4.604999999999e+02    9.996440087825e-03    8.555244031413e-03
18430    4.607499999999e+02    1.001061767579e-02    8.570687304200e-03
18440    4.609999999999e+02    9.980383520936e-03    8.540743203412e-03
18450    4.612499999999e+02    9.962374575719e-03    8.523392194547e-03
18460    4.614999999999e+02    9.967579272897e-03    8.529966565220e-03
18470    4.617499999999e+02    1.000060341304e-02    8.565018612899e-03
18480    4.619999999999e+02    1.000704548118e-02    8.572732334869e-03
18490    4.622499999999e+02    9.977184516376e-03    8.542778354240e-03
18500    4.624999999999e+02    9.961720194640e-03    8.527057862011e-03
18510    4.627499999999e+02    9.970408926517e-03    8.535611043953e-03
18520    4.629999999999e+02    1.000743710921e-02    8.572850646487e-03
18530    4.632499999999e+02    1.000680090781e-02    8.571394247156e-03
18540    4.634999999999e+02    9.978337265194e-03    8.541139706722e-03
18550    4.637499999999e+02    9.965689961581e-03    8.527052890713e-03
18560    4.639999999999e+02    9.977585532830e-03    8.538178333765e-03
18570    4.642499999999e+02    1.001791355951e-02    8.578438996665e-03
18580    4.644999999999e+02    1.000879063956e-02    8.568165503675e-03
18590    4.647499999999e+02    9.981135345922e-03    8.538795369532e-03
18600    4.649999999999e+02    9.970690993757e-03    8.527068471267e-03
18610    4.652499999999e+02    9.985345632767e-03    8.541197335035e-03
18620    4.654999999999e+02    1.002873655210e-02    8.584887243160e-03
18630    4.657499999999e+02    1.001057665969e-02    8.565707311391e-03
18640    4.659999999999e+02    9.983796698010e-03    8.537610763597e-03
18650    4.662499999998e+02    9.975395971257e-03    8.528432040293e-03
18660    4.664999999998e+02    9.992500176790e-03    8.545661375138e-03
18670    4.667499999998e+02    1.003421732501e-02    8.588439264713e-03
18680    4.669999999998e+02    1.001046668556e-02    8.564520799155e-03
18690    4.672499999998e+02    9.984434074635e-03    8.538290413526e-03
18700    4.674999999998e+02    9.977983770441e-03    8.532248551091e-03
18710    4.677499999998e+02    9.997667469480e-03    8.552904593671e-03
18720    4.679999999998e+02    1.003596852417e-02    8.592473356657e-03
18730    4.682499999998e+02    1.000921317000e-02    8.565043862291e-03
18740    4.684999999998e+02    9.985000846096e-03    8.539775066311e-03
18750    4.687499999998e+02    9.981533412158e-03    8.535453166587e-03
18760    4.689999999998e+02    1.000474905232e-02    8.558286767766e-03
18770    4.692499999998e+02    1.003892356480e-02    8.592105809839e-03
18780    4.694999999998e+02    1.001075490148e-02    8.561703787564e-03
18790    4.697499999998e+02    9.988663139173e-03    8.537266421627e-03
18800    4.699999999998e+02    9.988083673734e-03    8.534902743122e-03
18810    4.702499999998e+02    1.001440387187e-02    8.560255033444e-03
18820    4.704999999998e+02    1.004266950712e-02    8.588035554567e-03
18830    4.707499999998e+02    1.001305689737e-02    8.556822761420e-03
18840    4.709999999998e+02    9.992263944853e-03    8.534930746464e-03
18850    4.712499999998e+02    9.993657320488e-03    8.536073753930e-03
18860    4.714999999998e+02    1.002228204257e-02    8.565356565668e-03
18870    4.717499999998e+02    1.004321062938e-02    8.586913317231e-03
18880    4.719999999998e+02    1.001239784277e-02    8.555596702536e-03
18890    4.722499999998e+02    9.992992326643e-03    8.536028591152e-03
18900    4.724999999998e+02    9.996717388843e-03    8.540177097530e-03
18910    4.727499999998e+02    1.002826304005e-02    8.572703529353e-03
18920    4.729999999998e+02    1.004191557522e-02    8.586730316892e-03
18930    4.732499999998e+02    1.001126948341e-02    8.555175877518e-03
18940    4.734999999998e+02    9.994148310483e-03    8.537443375644e-03
18950    4.737499999998e+02    1.000079810194e-02    8.544151534807e-03
18960    4.739999999998e+02    1.003548979035e-02    8.579734338127e-03
18970    4.742499999998e+02    1.004107915507e-02    8.585843612309e-03
18980    4.744999999998e+02    1.001044324551e-02    8.555096975215e-03
18990    4.747499999998e+02    9.994981761103e-03    8.540136909687e-03
19000    4.749999999998e+02    1.000389117022e-02    8.550256302442e-03
19010    4.752499999998e+02    1.004127345083e-02    8.589383518483e-03
19020    4.754999999998e+02    1.003819379808e-02    8.586908571488e-03
19030    4.757499999998e+02    1.000826308103e-02    8.556631322790e-03
19040    4.759999999998e+02    9.995355242348e-03    8.543455236577e-03
19050    4.762499999998e+02    1.000769120181e-02    8.555693246308e-03
19060    4.764999999998e+02    1.004903189688e-02    8.597123211075e-03
19070    4.767499999998e+02    1.003798721158e-02    8.584551105741e-03
19080    4.769999999998e+02    1.000993237979e-02    8.554171017749e-03
19090    4.772499999998e+02    1.000015352795e-02    8.542438040422e-03
19100    4.774999999998e+02    1.001594208585e-02    8.556958884583e-03
19110    4.777499999998e+02    1.006074353632e-02    8.601270946201e-03
19120    4.779999999998e+02    1.004036843722e-02    8.579360972362e-03
19130    4.782499999998e+02    1.001318556290e-02    8.550772347007e-03
19140    4.784999999998e+02    1.000533162334e-02    8.542187808416e-03
19150    4.787499999998e+02    1.002346964195e-02    8.560363743527e-03
19160    4.789999999998e+02    1.006622506133e-02    8.603739918726e-03
19170    4.792499999998e+02    1.004049336403e-02    8.577209059695e-03
19180    4.794999999998e+02    1.001452559118e-02    8.550402961191e-03
19190    4.797499999998e+02    1.000908115587e-02    8.544699881895e-03
19200    4.799999999998e+02    1.003012140594e-02    8.566192513172e-03
19210    4.802499999998e+02    1.006906271342e-02    8.606111510744e-03
19220    4.804999999998e+02    1.004012734853e-02    8.576935139899e-03
19230    4.807499999998e+02    1.001540699389e-02    8.552163060813e-03
19240    4.809999999998e+02    1.001204553096e-02    8.549552078875e-03
19250    4.812499999998e+02    1.003549756689e-02    8.574557370594e-03
19260    4.814999999998e+02    1.006869995440e-02    8.609661893388e-03
19270    4.817499999998e+02    1.003774209084e-02    8.579144139730e-03
19280    4.819999999998e+02    1.001483168388e-02    8.556451572986e-03
19290    4.822499999998e+02    1.001440492708e-02    8.556386726013e-03
19300    4.824999999998e+02    1.004139427768e-02    8.584077738305e-03
19310    4.827499999998e+02    1.006914173666e-02    8.612346961854e-03
19320    4.829999999998e+02    1.003828125505e-02    8.580107990383e-03
19330    4.832499999998e+02    1.001828243368e-02    8.558427115531e-03
19340    4.834999999998e+02    1.002140613119e-02    8.560106826735e-03
19350    4.837499999998e+02    1.005208953919e-02    8.589887306698e-03
19360    4.839999999998e+02    1.007335772703e-02    8.610156906798e-03
19370    4.842499999998e+02    1.004273674352e-02    8.577134311963e-03
19380    4.844999999998e+02    1.002506848866e-02    8.557269094126e-03
19390    4.847499999998e+02    1.003097854608e-02    8.561681010178e-03
19400    4.849999999998e+02    1.006453698097e-02    8.594622692726e-03
19410    4.852499999998e+02    1.007794470838e-02    8.607349332124e-03
19420    4.854999999998e+02    1.004725427949e-02    8.575130033933e-03
19430    4.857499999998e+02    1.003127103439e-02    8.558129008634e-03
19440    4.859999999998e+02    1.003932615298e-02    8.565916765292e-03
19450    4.862499999998e+02    1.007520571489e-02    8.602419140516e-03
19460    4.864999999998e+02    1.007996800604e-02    8.607242137259e-03
19470    4.867499999998e+02    1.004954927734e-02    8.575789102906e-03
19480    4.869999999998e+02    1.003553958786e-02    8.561035633647e-03
19490    4.872499999998e+02    1.004622582269e-02    8.571503693929e-03
19500    4.874999999998e+02    1.008513326991e-02    8.610755431619e-03
19510    4.877499999998e+02    1.008165576167e-02    8.606450768639e-03
19520    4.879999999998e+02    1.005252440339e-02    8.575365550314e-03
19530    4.882499999998e+02    1.004113493340e-02    8.562222690671e-03
19540    4.884999999998e+02    1.005481465191e-02    8.574876894272e-03
19550    4.887499999998e+02    1.009676846427e-02    8.616673140750e-03
19560    4.889999999998e+02    1.008438607653e-02    8.603107146882e-03
19570    4.892499999998e+02    1.005608262230e-02    8.573454327234e-03
19580    4.894999999998e+02    1.004645865273e-02    8.563222198063e-03
19590    4.897499999998e+02    1.006218804514e-02    8.579148289755e-03
19600    4.899999999998e+02    1.010637412466e-02    8.624316081296e-03
19610    4.902499999998e+02    1.008419329315e-02    8.601586073382e-03
19620    4.904999999998e+02    1.005665595162e-02    8.573260622143e-03
19630    4.907499999998e+02    1.004895436417e-02    8.565360655666e-03
19640    4.909999999998e+02    1.006716972159e-02    8.583986234044e-03
19650    4.912499999998e+02    1.010946453269e-02    8.627209203041e-03
19660    4.914999999998e+02    1.008260318621e-02    8.599481596320e-03
19670    4.917499999998e+02    1.005650193175e-02    8.572455571993e-03
19680    4.919999999998e+02    1.005107550357e-02    8.566787441850e-03
19690    4.922499999998e+02    1.007183691183e-02    8.588257177507e-03
19700    4.924999999998e+02    1.010982179461e-02    8.627558243461e-03
19710    4.927499999998e+02    1.007977979486e-02    8.597465075582e-03
19720    4.929999999998e+02    1.005475803011e-02    8.572763539632e-03
19730    4.932499999998e+02    1.005129716881e-02    8.570188731937e-03
19740    4.934999999998e+02    1.007453456666e-02    8.594751025157e-03
19750    4.937499999998e+02    1.010708347780e-02    8.628577035779e-03
19760    4.939999999998e+02    1.007566004175e-02    8.596601175668e-03
19770    4.942499999998e+02    1.005277083374e-02    8.573165481721e-03
19780    4.944999999998e+02    1.005231433790e-02    8.572680678299e-03
19790    4.947499999998e+02    1.007895953714e-02    8.599817297181e-03
19800    4.949999999998e+02    1.010578526295e-02    8.626816121250e-03
19810    4.952499999998e+02    1.007405428722e-02    8.593740996730e-03
19820    4.954999999998e+02    1.005336838224e-02    8.572018898121e-03
19830    4.957499999998e+02    1.005568409070e-02    8.573971622354e-03
19840    4.959999999998e+02    1.008531530741e-02    8.603892580140e-03
19850    4.962499999998e+02    1.010512834605e-02    8.623777333014e-03
19860    4.964999999998e+02    1.007324985403e-02    8.590868894316e-03
19870    4.967499999998e+02    1.005464011551e-02    8.571543618018e-03
19880    4.969999999998e+02    1.005968056908e-02    8.576318768974e-03
19890    4.972499999998e+02    1.009232434020e-02    8.609219769824e-03
19900    4.974999999998e+02    1.010461528738e-02    8.621320652310e-03
19910    4.977499999998e+02    1.007312187212e-02    8.588577598857e-03
19920    4.979999999998e+02    1.005664535770e-02    8.571244849009e-03
19930    4.982499999998e+02    1.006426496694e-02    8.578762348407e-03
19940    4.984999999998e+02    1.009965060793e-02    8.614745815976e-03
19950    4.987499999998e+02    1.010362779556e-02    8.618748206572e-03
19960    4.989999999998e+02    1.007265281285e-02    8.587067304688e-03
19970    4.992499999998e+02    1.005828249145e-02    8.572331876167e-03
19980    4.994999999998e+02    1.006854193920e-02    8.582753782321e-03
19990    4.997499999998e+02    1.010682854690e-02    8.621781702459e-03
20000    4.999999999998e+02    1.010240960076e-02    8.617299467915e-03
20010    5.002499999998e+02    1.007257013842e-02    8.586800817284e-03
20020    5.004999999998e+02    1.006059712378e-02    8.574538432185e-03
20030    5.007499999998e+02    1.007362489021e-02    8.587848012212e-03
20040    5.009999999998e+02    1.011481342002e-02    8.629827885670e-03
20050    5.012499999998e+02    1.010171265731e-02    8.616317829365e-03
20060    5.014999999998e+02    1.007326787038e-02    8.586812483372e-03
20070    5.017499999998e+02    1.006377934412e-02    8.576660918152e-03
20080    5.019999999998e+02    1.007964936919e-02    8.592518622208e-03
20090    5.022499999998e+02    1.012383785238e-02    8.637338823974e-03
20100    5.024999999998e+02    1.010200135224e-02    8.614762195066e-03
20110    5.027499999998e+02    1.007526149221e-02    8.586860009927e-03
20120    5.029999999998e+02    1.006837266500e-02    8.579056777307e-03
20130    5.032499999998e+02    1.008710061159e-02    8.597422895036e-03
20140    5.034999999998e+02    1.012948784789e-02    8.640113892397e-03
20150    5.037499999998e+02    1.010340850478e-02    8.612916863967e-03
20160    5.039999999998e+02    1.007836743750e-02    8.586543356614e-03
20170    5.042499999998e+02    1.007384935092e-02    8.581159826463e-03
20180    5.044999999998e+02    1.009513816525e-02    8.602266238086e-03
20190    5.047499999998e+02    1.013338247843e-02    8.640736116831e-03
20200    5.049999999998e+02    1.010480087275e-02    8.610779915216e-03
20210    5.052499999998e+02    1.008142138392e-02    8.585943546677e-03
20220    5.054999999998e+02    1.007926000761e-02    8.582804720390e-03
20230    5.057499999998e+02    1.010321096186e-02    8.606353771938e-03
20240    5.059999999998e+02    1.013627125180e-02    8.639175006465e-03
20250    5.062499999998e+02    1.010664662024e-02    8.607729547293e-03
20260    5.064999999998e+02    1.008528234835e-02    8.584606077420e-03
20270    5.067499999998e+02    1.008564124161e-02    8.583729957536e-03
20280    5.069999999998e+02    1.011219784904e-02    8.609913241344e-03
20290    5.072499999998e+02    1.013884112317e-02    8.636631384434e-03
20300    5.074999999998e+02    1.010820936212e-02    8.605009697931e-03
20310    5.077499999998e+02    1.008789656882e-02    8.584299152972e-03
20320    5.079999999998e+02    1.008952075965e-02    8.586684127295e-03
20330    5.082499999998e+02    1.011736956790e-02    8.616586138487e-03
20340    5.084999999998e+02    1.013582980109e-02    8.637438224468e-03
20350    5.087499999998e+02    1.010391998652e-02    8.606862279521e-03
20360    5.089999999998e+02    1.008439076648e-02    8.589112439040e-03
20370    5.092499999998e+02    1.008758286807e-02    8.594738687862e-03
20380    5.094999999998e+02    1.011764661809e-02    8.627762118522e-03
20390    5.097499999998e+02    1.012881899867e-02    8.641082413305e-03
20400    5.099999999998e+02    1.009765851411e-02    8.610531819613e-03
20410    5.102499999998e+02    1.008073264571e-02    8.594088509199e-03
20420    5.104999999998e+02    1.008716499318e-02    8.601181667473e-03
20430    5.107499999998e+02    1.012076676137e-02    8.635722762847e-03
20440    5.109999999998e+02    1.012507390602e-02    8.640124267004e-03
20450    5.112499999998e+02    1.009526158804e-02    8.609350797997e-03
20460    5.114999999998e+02    1.008081794485e-02    8.594192680903e-03
20470    5.117499999998e+02    1.009000460523e-02    8.603154955381e-03
20480    5.119999999998e+02    1.012654835773e-02    8.639995227895e-03
20490    5.122499999998e+02    1.012313825699e-02    8.635656207844e-03
20500    5.124999999998e+02    1.009459630985e-02    8.605212915427e-03
20510    5.127499999998e+02    1.008270881219e-02    8.591563975642e-03
20520    5.129999999998e+02    1.009501270980e-02    8.602454327956e-03
20530    5.132499999998e+02    1.013499675522e-02    8.641377029562e-03
20540    5.134999999998e+02    1.012396991972e-02    8.627931430965e-03
20550    5.137499999998e+02    1.009699414913e-02    8.598175888437e-03
20560    5.139999999998e+02    1.008732631922e-02    8.586539842327e-03
20570    5.142499999998e+02    1.010177235747e-02    8.600142492469e-03
20580    5.144999999998e+02    1.014360654810e-02    8.642451562991e-03
20590    5.147499999998e+02    1.012264419259e-02    8.621438066257e-03
20600    5.149999999998e+02    1.009514859257e-02    8.594570357673e-03
20610    5.152499999998e+02    1.008568763688e-02    8.586857094997e-03
20620    5.154999999998e+02    1.010078469440e-02    8.604811195255e-03
20630    5.157499999998e+02    1.013932706843e-02    8.646975486954e-03
20640    5.159999999998e+02    1.011286333487e-02    8.622615674540e-03
20650    5.162499999998e+02    1.008608780106e-02    8.597758907854e-03
20660    5.164999999998e+02    1.007868397190e-02    8.592566913649e-03
20670    5.167499999998e+02    1.009662278400e-02    8.612972794253e-03
20680    5.169999999998e+02    1.013206307403e-02    8.650790196953e-03
20690    5.172499999998e+02    1.010398321790e-02    8.623210074802e-03
20700    5.174999999998e+02    1.007969172364e-02    8.599009665886e-03
20710    5.177499999998e+02    1.007556303188e-02    8.595150426117e-03
20720    5.179999999998e+02    1.009709679098e-02    8.617252409749e-03
20730    5.182499999998e+02    1.012854615506e-02    8.649183757370e-03
20740    5.184999999998e+02    1.010006405663e-02    8.619443317002e-03
20750    5.187499999998e+02    1.007834006993e-02    8.596251444942e-03
20760    5.189999999998e+02    1.007745884675e-02    8.594074567554e-03
20770    5.192499999998e+02    1.010255200230e-02    8.618192956419e-03
20780    5.194999999998e+02    1.012915074838e-02    8.643607958220e-03
20790    5.197499999998e+02    1.010089786089e-02    8.612627639195e-03
20800    5.199999999998e+02    1.008168042568e-02    8.590784196713e-03
20810    5.202499999998e+02    1.008376569386e-02    8.590767842179e-03
20820    5.204999999998e+02    1.011187762393e-02    8.617487594165e-03
20830    5.207499999998e+02    1.013222461318e-02    8.636519424726e-03
20840    5.209999999998e+02    1.010368725350e-02    8.605772700321e-03
20850    5.212499999998e+02    1.008582181679e-02    8.586210652538e-03
20860    5.214999999998e+02    1.008955089904e-02    8.589198345362e-03
20870    5.217499999998e+02    1.011935517468e-02    8.619379225820e-03
20880    5.219999999998e+02    1.013175475675e-02    8.632204577225e-03
20890    5.222499999998e+02    1.010230264250e-02    8.602537694969e-03
20900    5.224999999998e+02    1.008519348653e-02    8.585774419771e-03
20910    5.227499999998e+02    1.009030853653e-02    8.591980940764e-03
20920    5.229999999998e+02    1.012190968498e-02    8.625440600554e-03
20930    5.232499999998e+02    1.012646552900e-02    8.631353387500e-03
20940    5.234999999998e+02    1.009715978471e-02    8.602391384557e-03
20950    5.237499999998e+02    1.008184851221e-02    8.587520694164e-03
20960    5.239999999998e+02                  -nan    2.387531265389e+03
20970    5.242499999998e+02                  -nan    2.300660384399e+03
20980    5.244999999998e+02                  -nan    2.274618289773e+03
20990    5.247499999998e+02                  -nan    2.260049209760e+03
