time_step time kinetic_energy potential_energy
43100    8.280872405145e+02    9.865289078072e-03    8.459609029160e-03
43110    8.281253930982e+02    9.875443247143e-03    8.471903324789e-03
43120    8.282194235434e+02    9.863883902983e-03    8.459650960503e-03
43130    8.283883240839e+02    9.839306243519e-03    8.432406270913e-03
43140    8.285855039432e+02    9.817512881968e-03    8.407507616539e-03
43150    8.287855039432e+02    9.808388597196e-03    8.395852955800e-03
43160    8.289841063965e+02    9.815659501366e-03    8.401458995650e-03
43170    8.291803583295e+02    9.840676836529e-03    8.425815339251e-03
43180    8.293454252622e+02    9.873424729388e-03    8.458992617307e-03
43190    8.294626809150e+02    9.862634772797e-03    8.448374896943e-03
43200    8.296348638969e+02    9.839481302183e-03    8.424336961980e-03
43210    8.298163700679e+02    9.818483554122e-03    8.402745408603e-03
43220    8.299486748188e+02    9.808730178151e-03    8.393385112868e-03
43230    8.301176781638e+02    9.809502016518e-03    8.394802647672e-03
43240    8.302184808031e+02    9.815522856541e-03    8.402053886130e-03
43250    8.304127819004e+02    9.839486224940e-03    8.427482392108e-03
43260    8.306064313279e+02    9.868258793895e-03    8.458189175144e-03
43270    8.307993306230e+02    9.843887699316e-03    8.434764227786e-03
43280    8.309993306230e+02    9.818629846329e-03    8.410475951678e-03
43290    8.311993306230e+02    9.805382903992e-03    8.398558347835e-03
43300    8.313993306230e+02    9.808172859187e-03    8.403114223256e-03
43310    8.315842656250e+02    9.827651914976e-03    8.424731372543e-03
43320    8.317068906049e+02    9.853723952215e-03    8.453080854451e-03
43330    8.318642098013e+02    9.864217977641e-03    8.465250290101e-03
43340    8.320630729334e+02    9.835430270942e-03    8.436893278486e-03
43350    8.322112992454e+02    9.815011129002e-03    8.417088474744e-03
43360    8.324112992454e+02    9.801816454999e-03    8.404435444390e-03
43370    8.326112992454e+02    9.804033969669e-03    8.407519911088e-03
43380    8.327846420589e+02    9.821010766533e-03    8.425787005763e-03
43390    8.329846420589e+02    9.857384077018e-03    8.463576818940e-03
43400    8.331799476638e+02    9.847431186344e-03    8.453865691081e-03
43410    8.333799476638e+02    9.820454106878e-03    8.426450553998e-03
43420    8.335286827205e+02    9.804377893480e-03    8.410488793743e-03
43430    8.337286827205e+02    9.798919807111e-03    8.404774586779e-03
43440    8.339133114209e+02    9.808693311854e-03    8.414710187935e-03
43450    8.341127535776e+02    9.836462279764e-03    8.442724205452e-03
43460    8.343127535776e+02    9.858849047873e-03    8.465033261018e-03
43470    8.344878307190e+02    9.834717470208e-03    8.439958903182e-03
43480    8.346732921995e+02    9.813815726500e-03    8.417815688517e-03
43490    8.348732921995e+02    9.802421928800e-03    8.404980234445e-03
43500    8.349179798171e+02    9.798859106812e-03    8.402555641624e-03
43510    8.349860675824e+02    9.799118359358e-03    8.403319052377e-03
43520    8.351403038751e+02    9.809426116666e-03    8.412784461143e-03
43530    8.353192990888e+02    9.836763866831e-03    8.439198276392e-03
43540    8.354629472448e+02    9.870362786281e-03    8.472674595396e-03
43550    8.356078130014e+02    9.857010155834e-03    8.458065283776e-03
43560    8.358045217092e+02    9.830944922417e-03    8.429423212874e-03
43570    8.360045217092e+02    9.812744825634e-03    8.408983180743e-03
43580    8.362008383413e+02    9.808936379886e-03    8.403645415456e-03
43590    8.362916073624e+02    9.812359825044e-03    8.407738257119e-03
43600    8.364524473774e+02    9.828854347169e-03    8.423974419202e-03
43610    8.365581206437e+02    9.848288768075e-03    8.444155229881e-03
43620    8.367542361024e+02    9.870371133189e-03    8.465810244161e-03
43630    8.369542361024e+02    9.844288594875e-03    8.438437611403e-03
43640    8.371512892249e+02    9.821325531799e-03    8.414627386628e-03
43650    8.372480397836e+02    9.810238502602e-03    8.404413297285e-03
43660    8.372850864589e+02    9.805502846585e-03    8.401060105825e-03
43670    8.373740608168e+02    9.804008289155e-03    8.400208571402e-03
43680    8.374666291141e+02    9.806877353317e-03    8.403777008425e-03
43690    8.375932148508e+02    9.816005342708e-03    8.413343880420e-03
43700    8.376949539173e+02    9.831549012955e-03    8.429797911958e-03
43710    8.378554609061e+02    9.859918071860e-03    8.458607746434e-03
43720    8.379829920558e+02    9.868567714280e-03    8.467798797938e-03
43730    8.380574400256e+02    9.858872768958e-03    8.458766573312e-03
43740    8.381488618193e+02    9.843095589250e-03    8.443170239843e-03
43750    8.382327693899e+02    9.829506299754e-03    8.429788078502e-03
43760    8.382814708494e+02    9.821250104800e-03    8.422170369158e-03
43770    8.383902845049e+02    9.811914718210e-03    8.412499233600e-03
43780    8.385706864246e+02    9.806103807109e-03    8.405359927565e-03
43790    8.386721119206e+02    9.807335176368e-03    8.406783487771e-03
43800    8.387747191256e+02    9.813356724103e-03    8.412909071012e-03
43810    8.388248060662e+02    9.820556965895e-03    8.421107048889e-03
43820    8.388731593368e+02    9.826974481091e-03    8.428294063378e-03
43830    8.389721618457e+02    9.842043720368e-03    8.443379215350e-03
43840    8.391218937248e+02    9.873201966299e-03    8.474037693304e-03
43850    8.392220863158e+02    9.869943744847e-03    8.470569128804e-03
43860    8.393578734320e+02    9.852116633714e-03    8.451309834527e-03
43870    8.394190013177e+02    9.838429137205e-03    8.437748853794e-03
43880    8.395689154780e+02    9.823215674761e-03    8.420734596257e-03
43890    8.397407347747e+02    9.812500102903e-03    8.408095776758e-03
43900    8.399186595634e+02    9.813627100033e-03    8.407617073317e-03
43910    8.400713443824e+02    9.826564753078e-03    8.420085488069e-03
43920    8.402082433158e+02    9.846381799559e-03    8.439979908871e-03
43930    8.404063650512e+02    9.875827175646e-03    8.469066379803e-03
43940    8.406050168229e+02    9.851635819928e-03    8.444017964393e-03
43950    8.407927558518e+02    9.828058197708e-03    8.420306088738e-03
43960    8.409882579771e+02    9.815021657430e-03    8.407817542320e-03
43970    8.411075394876e+02    9.813253387785e-03    8.407791458012e-03
43980    8.412062200240e+02    9.816742895797e-03    8.412959855377e-03
43990    8.412784177081e+02    9.823782718046e-03    8.421772553447e-03
44000    8.413782075341e+02    9.836888797870e-03    8.436545942459e-03
44010    8.415612512768e+02    9.869258890282e-03    8.470825734548e-03
44020    8.416352035040e+02    9.877178487449e-03    8.480683521157e-03
44030    8.417932471528e+02    9.854672893992e-03    8.459083016533e-03
44040    8.419269536316e+02    9.832594940113e-03    8.438044115792e-03
44050    8.420468078741e+02    9.817986814402e-03    8.424588261732e-03
44060    8.421996810961e+02    9.807973039675e-03    8.415874962338e-03
44070    8.422466763200e+02    9.804192095063e-03    8.413641696279e-03
44080    8.423651280502e+02    9.805680738443e-03    8.416437340202e-03
44090    8.424930467706e+02    9.815370656344e-03    8.427685691458e-03
44100    8.426442722701e+02    9.834830317378e-03    8.448759235762e-03
44110    8.428305024336e+02    9.867936266970e-03    8.483779195558e-03
44120    8.429412954651e+02    9.858889397526e-03    8.475880098558e-03
44130    8.430501298165e+02    9.841296378097e-03    8.458930232337e-03
44140    8.431940224155e+02    9.821489296664e-03    8.439264356639e-03
44150    8.433483983732e+02    9.808699198223e-03    8.426342322309e-03
44160    8.435180272302e+02    9.804122816503e-03    8.421514662587e-03
44170    8.436457926071e+02    9.808713759567e-03    8.426406528997e-03
44180    8.437748392630e+02    9.821964341298e-03    8.439894544608e-03
44190    8.439380930382e+02    9.847831946931e-03    8.465401356261e-03
44200    8.441082956569e+02    9.865982015815e-03    8.482878133691e-03
44210    8.442201351459e+02    9.851551599720e-03    8.467888278574e-03
44220    8.443379182844e+02    9.834049269105e-03    8.449377666693e-03
44230    8.445311431115e+02    9.816694237580e-03    8.429161312051e-03
44240    8.446072132319e+02    9.808110325953e-03    8.420559309343e-03
44250    8.447149682042e+02    9.805698926621e-03    8.417166071922e-03
44260    8.448971463842e+02    9.814789933734e-03    8.423716804828e-03
44270    8.449592353307e+02    9.822665510572e-03    8.431938234935e-03
44280    8.451037617773e+02    9.842587937195e-03    8.450178554995e-03
44290    8.452067651804e+02    9.867939567832e-03    8.475081292090e-03
44300    8.453860623891e+02    9.868902805317e-03    8.472979634462e-03
44310    8.455742435867e+02    9.844336701347e-03    8.444511138805e-03
44320    8.456146254910e+02    9.831711758199e-03    8.432225003162e-03
44330    8.456655129053e+02    9.824439388928e-03    8.424817528066e-03
44340    8.457559785007e+02    9.817008527369e-03    8.416216028309e-03
44350    8.458227130079e+02    9.812504728616e-03    8.411180421717e-03
44360    8.459856842407e+02    9.812970546800e-03    8.408984033849e-03
44370    8.461856842407e+02    9.827130315930e-03    8.420408546954e-03
44380    8.463455944902e+02    9.851981571895e-03    8.444175814475e-03
44390    8.465284989620e+02    9.881278121924e-03    8.472505989630e-03
44400    8.467181003098e+02    9.858845884613e-03    8.448361492810e-03
44410    8.469016481425e+02    9.835668415733e-03    8.424110003034e-03
44420    8.470268987769e+02    9.822639685521e-03    8.411387178967e-03
44430    8.472197916548e+02    9.818988215994e-03    8.408024836172e-03
44440    8.473939137039e+02    9.828111983414e-03    8.418613889262e-03
44450    8.474529527873e+02    9.837866305430e-03    8.430423516074e-03
44460    8.475092606592e+02    9.846097049065e-03    8.440349930424e-03
44470    8.476343388396e+02    9.866472733451e-03    8.462750731269e-03
44480    8.478335845073e+02    9.870144683243e-03    8.468691032249e-03
44490    8.480260113952e+02    9.841895374892e-03    8.442479674159e-03
44500    8.482255029178e+02    9.819950827164e-03    8.423087865594e-03
44510    8.484255029178e+02    9.811230020800e-03    8.417566320531e-03
44520    8.486245148495e+02    9.818977988389e-03    8.429176126810e-03
44530    8.488098848210e+02    9.844062480600e-03    8.458532924124e-03
44540    8.488890886802e+02    9.865138665658e-03    8.482760359584e-03
44550    8.489960928274e+02    9.870719287508e-03    8.491015832988e-03
44560    8.491857249441e+02    9.841932337989e-03    8.464369622743e-03
44570    8.493724067858e+02    9.817214203498e-03    8.441491788290e-03
44580    8.495724067858e+02    9.803046482116e-03    8.429056905698e-03
44590    8.496751042828e+02    9.800064408264e-03    8.427969621152e-03
44600    8.498075670881e+02    9.805243615333e-03    8.434629748081e-03
44610    8.499754603614e+02    9.824180839921e-03    8.454832232019e-03
44620    8.501674237254e+02    9.859554131474e-03    8.491193464579e-03
44630    8.503204195433e+02    9.845034195806e-03    8.476573566440e-03
44640    8.503505549542e+02    9.836530739747e-03    8.469410872749e-03
44650    8.504127842003e+02    9.827457638425e-03    8.460777378787e-03
44660    8.505410130236e+02    9.812926458472e-03    8.445269072581e-03
44670    8.507352231476e+02    9.800270341631e-03    8.430115920419e-03
44680    8.509160164017e+02    9.800125068686e-03    8.427068827586e-03
44690    8.509293904928e+02    9.798298582903e-03    8.427428771938e-03
44700    8.509640722005e+02    9.798961224804e-03    8.428736566202e-03
44710    8.510140365655e+02    9.802679884022e-03    8.432691653979e-03
44720    8.510533063925e+02    9.806366012048e-03    8.436751370027e-03
44730    8.511551622103e+02    9.818162845840e-03    8.447482813608e-03
44740    8.512515615425e+02    9.835897700183e-03    8.464398660180e-03
44750    8.514309445445e+02    9.861515727617e-03    8.487028900163e-03
44760    8.515100701781e+02    9.853209956493e-03    8.477863770167e-03
44770    8.516629623905e+02    9.833893420118e-03    8.455054795377e-03
44780    8.518091341784e+02    9.817159809195e-03    8.435097040092e-03
44790    8.519211721163e+02    9.805971337193e-03    8.422078949479e-03
44800    8.520384101544e+02    9.802011885229e-03    8.416168788244e-03
44810    8.520917793511e+02    9.800965775738e-03    8.415251285442e-03
44820    8.521411394664e+02    9.801461496645e-03    8.415801557931e-03
44830    8.522476751191e+02    9.808072731743e-03    8.421045034083e-03
44840    8.523045166863e+02    9.816042699826e-03    8.429183531916e-03
44850    8.523745088144e+02    9.825338446978e-03    8.438229136118e-03
44860    8.524730410607e+02    9.841932440968e-03    8.454089467705e-03
44870    8.525929511601e+02    9.869299174198e-03    8.480634684929e-03
44880    8.527560644842e+02    9.857058339099e-03    8.465933956359e-03
44890    8.528187659061e+02    9.845570624188e-03    8.454391224404e-03
44900    8.529549837772e+02    9.828633880132e-03    8.435612369794e-03
44910    8.530874379248e+02    9.814986668952e-03    8.420510870565e-03
44920    8.532533831899e+02    9.807048536256e-03    8.410987140451e-03
44930    8.533443074868e+02    9.806031102890e-03    8.410232969254e-03
44940    8.534233295901e+02    9.808244195556e-03    8.412845555540e-03
44950    8.535364075687e+02    9.818028895700e-03    8.422786900155e-03
44960    8.536716570726e+02    9.836627814309e-03    8.441601688901e-03
44970    8.538648040507e+02    9.866918909488e-03    8.471999985886e-03
44980    8.539846151078e+02    9.855491345566e-03    8.461044840260e-03
44990    8.541082489518e+02    9.834536926569e-03    8.440424506261e-03
45000    8.542301227851e+02    9.819072452652e-03    8.425408542280e-03
45010    8.543309085415e+02    9.807516574969e-03    8.414691311373e-03
45020    8.544472030317e+02    9.800360144918e-03    8.408449196395e-03
45030    8.545814009993e+02    9.799507222717e-03    8.408698617131e-03
45040    8.546936904085e+02    9.804638720090e-03    8.415286377385e-03
45050    8.547761515238e+02    9.813987184256e-03    8.426386373685e-03
45060    8.548483330075e+02    9.823449033600e-03    8.437452915132e-03
45070    8.549896641542e+02    9.847315181842e-03    8.463061237308e-03
45080    8.550494963234e+02    9.867681835832e-03    8.485512894367e-03
45090    8.551452223817e+02    9.860261739448e-03    8.479237749270e-03
45100    8.552723033585e+02    9.837401675304e-03    8.457136854304e-03
45110    8.553781874108e+02    9.820882859519e-03    8.441456936453e-03
45120    8.554366948070e+02    9.808511620115e-03    8.430265921561e-03
45130    8.555227841484e+02    9.799079939755e-03    8.421746754721e-03
45140    8.556435462151e+02    9.790965231196e-03    8.414444401751e-03
45150    8.557602783687e+02    9.788342446576e-03    8.412728159783e-03
45160    8.559331364818e+02    9.795506155642e-03    8.420641093835e-03
45170    8.561192750173e+02    9.817569338434e-03    8.443720355899e-03
45180    8.562242212194e+02    9.841563667445e-03    8.469536914163e-03
45190    8.563442581860e+02    9.850022823782e-03    8.479182401061e-03
45200    8.564026525546e+02    9.842999059044e-03    8.473226437673e-03
45210    8.565024143351e+02    9.826592062476e-03    8.457055693725e-03
45220    8.565641633758e+02    9.815491238062e-03    8.446546936284e-03
45230    8.567190868697e+02    9.800065263108e-03    8.430192829110e-03
45240    8.568574419168e+02    9.788851076638e-03    8.418353910201e-03
45250    8.569598825674e+02    9.784994079683e-03    8.414449805969e-03
45260    8.570886700922e+02    9.788132755500e-03    8.417094838478e-03
45270    8.572309574361e+02    9.800380796955e-03    8.428746205027e-03
45280    8.573776956612e+02    9.822957341024e-03    8.450826307126e-03
45290    8.575404974771e+02    9.849594511677e-03    8.476828654238e-03
45300    8.575982593429e+02    9.846274735508e-03    8.474246895275e-03
45310    8.577247974443e+02    9.829275950415e-03    8.455952547592e-03
45320    8.578742633852e+02    9.808710492083e-03    8.433579620032e-03
45330    8.580350571178e+02    9.794937748759e-03    8.417899173764e-03
45340    8.581291354008e+02    9.788095712514e-03    8.410907204052e-03
45350    8.582850083195e+02    9.789519258532e-03    8.411030732532e-03
45360    8.584470994223e+02    9.802481877398e-03    8.423117239545e-03
45370    8.586059531260e+02    9.824934027947e-03    8.445082997241e-03
45380    8.587931539491e+02    9.849641303701e-03    8.469122311908e-03
45390    8.589742809051e+02    9.828298529202e-03    8.446401468973e-03
45400    8.590534183963e+02    9.813330204502e-03    8.431933734755e-03
45410    8.592320475803e+02    9.797931890432e-03    8.415424780651e-03
45420    8.593686203555e+02    9.789803329061e-03    8.407324059590e-03
45430    8.594593413182e+02    9.788288323584e-03    8.406601609749e-03
45440    8.595913412098e+02    9.793646984296e-03    8.412333045271e-03
45450    8.597548065688e+02    9.811350197735e-03    8.430579606284e-03
45460    8.599187538996e+02    9.842253932625e-03    8.462594149933e-03
45470    8.599979733381e+02    9.853502325991e-03    8.475443816678e-03
45480    8.601036212867e+02    9.840312547087e-03    8.462712072287e-03
45490    8.602534205074e+02    9.818155593587e-03    8.440385838185e-03
45500    8.604034393403e+02    9.799952987611e-03    8.422123775745e-03
45510    8.604844375147e+02    9.790075918881e-03    8.413004268732e-03
45520    8.606375888403e+02    9.785212248797e-03    8.408369887547e-03
45530    8.607623026165e+02    9.787604566523e-03    8.411518501816e-03
45540    8.608719913353e+02    9.795322734534e-03    8.420224712609e-03
45550    8.610146157635e+02    9.813715680843e-03    8.439591239039e-03
45560    8.610616045731e+02    9.827438649310e-03    8.454994066597e-03
45570    8.611255099260e+02    9.841322551370e-03    8.470158317323e-03
45580    8.612719001205e+02    9.845726767897e-03    8.474883253257e-03
45590    8.614086151617e+02    9.824357241169e-03    8.453228744656e-03
45600    8.614691601740e+02    9.810331430655e-03    8.439782135611e-03
45610    8.615583101464e+02    9.798897777387e-03    8.428522704889e-03
45620    8.617432764382e+02    9.786117072606e-03    8.414792541771e-03
45630    8.619405899665e+02    9.783643028523e-03    8.411502991294e-03
45640    8.621141541372e+02    9.794769943722e-03    8.422520422755e-03
45650    8.622037308083e+02    9.807246784690e-03    8.436013455139e-03
45660    8.623602996998e+02    9.834287439418e-03    8.463360767564e-03
45670    8.625514024848e+02    9.832484125455e-03    8.460749755614e-03
45680    8.626271787455e+02    9.817210724036e-03    8.446014730907e-03
45690    8.627044522436e+02    9.806233554389e-03    8.435355948677e-03
45700    8.628738041023e+02    9.790670813116e-03    8.418560122664e-03
45710    8.630562823670e+02    9.781576402018e-03    8.408199201767e-03
45720    8.632447309132e+02    9.785277145281e-03    8.410871959313e-03
45730    8.634447309132e+02    9.805507075793e-03    8.430335148660e-03
45740    8.635554630895e+02    9.829833758395e-03    8.455675283585e-03
45750    8.637136379318e+02    9.841035438262e-03    8.466585778478e-03
45760    8.639119448758e+02    9.815359545101e-03    8.438956907412e-03
45770    8.639798768994e+02    9.800748781948e-03    8.424978264884e-03
45780    8.641447634949e+02    9.787272524592e-03    8.410349600126e-03
45790    8.641893498471e+02    9.780007696378e-03    8.404112777498e-03
45800    8.643014610329e+02    9.776865356973e-03    8.400828559388e-03
45810    8.644367540833e+02    9.779937162062e-03    8.403557554630e-03
45820    8.646321364920e+02    9.797354438062e-03    8.420174604908e-03
45830    8.648092514758e+02    9.829801422238e-03    8.452744717033e-03
45840    8.649571988809e+02    9.834560434446e-03    8.457655548227e-03
45850    8.651328437586e+02    9.812642125598e-03    8.434918429884e-03
45860    8.652553555048e+02    9.793660734328e-03    8.416204742389e-03
45870    8.653500005692e+02    9.783661158802e-03    8.406966929215e-03
45880    8.655409846594e+02    9.777618214543e-03    8.400719984820e-03
45890    8.656435957452e+02    9.779100627420e-03    8.403394747802e-03
45900    8.656751072716e+02    9.779757578230e-03    8.405821650740e-03
45910    8.657518044273e+02    9.784646165023e-03    8.411926959525e-03
45920    8.659181248642e+02    9.803229969458e-03    8.431262239355e-03
45930    8.660259688798e+02    9.826863304362e-03    8.456476520223e-03
45940    8.661962055972e+02    9.829578914110e-03    8.459826492981e-03
45950    8.663806733418e+02    9.805515816922e-03    8.435766370894e-03
45960    8.664694828958e+02    9.789811659588e-03    8.421222264587e-03
45970    8.665585109466e+02    9.779051983577e-03    8.411565965616e-03
45980    8.666735176229e+02    9.772253947614e-03    8.405570411014e-03
45990    8.668238304142e+02    9.771046314023e-03    8.404893458646e-03
46000    8.668545624861e+02    9.771299646468e-03    8.406818164076e-03
46010    8.669191877688e+02    9.774349569230e-03    8.411058199272e-03
46020    8.669841011218e+02    9.779710841641e-03    8.417527417805e-03
46030    8.670515095275e+02    9.788209056040e-03    8.427095512161e-03
46040    8.671427056035e+02    9.801003010712e-03    8.440706420515e-03
46050    8.672772263567e+02    9.827203900675e-03    8.467429592201e-03
46060    8.674062141118e+02    9.828550416495e-03    8.468772032757e-03
46070    8.675258369470e+02    9.810020229951e-03    8.449776634734e-03
46080    8.675861340286e+02    9.796877875774e-03    8.437201027846e-03
46090    8.676150736222e+02    9.790490470480e-03    8.431851025307e-03
46100    8.676837873574e+02    9.782619576986e-03    8.424160380855e-03
46110    8.678042022368e+02    9.773386089672e-03    8.414095437729e-03
46120    8.679029887630e+02    9.767496182042e-03    8.407803024056e-03
46130    8.680342374381e+02    9.767099455542e-03    8.406531227592e-03
46140    8.681389482910e+02    9.771312911489e-03    8.410482801992e-03
46150    8.682688058949e+02    9.784046458960e-03    8.422658855125e-03
46160    8.684315896665e+02    9.808431816594e-03    8.446083546914e-03
46170    8.686027097548e+02    9.826972689719e-03    8.463606864098e-03
46180    8.687166499927e+02    9.813268309904e-03    8.449367493995e-03
46190    8.689057817890e+02    9.791945877815e-03    8.425696145423e-03
46200    8.690622412395e+02    9.776635020078e-03    8.409188246333e-03
46210    8.692020579854e+02    9.770980575235e-03    8.402910677432e-03
46220    8.693927262291e+02    9.776961990951e-03    8.407725940742e-03
46230    8.695863652272e+02    9.798115057701e-03    8.428354134594e-03
46240    8.697533128676e+02    9.832262090212e-03    8.463009154184e-03
46250    8.699150375403e+02    9.819350815621e-03    8.449674913209e-03
46260    8.700960230190e+02    9.797309073459e-03    8.426585498455e-03
46270    8.702960230190e+02    9.779520305851e-03    8.407651028392e-03
46280    8.704668824635e+02    9.773747133971e-03    8.401629511354e-03
46290    8.706599903206e+02    9.781904136761e-03    8.409483572905e-03
46300    8.708403337568e+02    9.804102951433e-03    8.431984882009e-03
46310    8.709697513174e+02    9.834879825696e-03    8.464175088193e-03
46320    8.710815591293e+02    9.830019377133e-03    8.459886725177e-03
46330    8.712585534472e+02    9.807582075527e-03    8.436423878265e-03
46340    8.714585534472e+02    9.786145484917e-03    8.413741285949e-03
46350    8.716378010309e+02    9.776189110587e-03    8.403358196119e-03
46360    8.717379628518e+02    9.774876193436e-03    8.402972089243e-03
46370    8.718905343801e+02    9.782681378793e-03    8.410986642048e-03
46380    8.719971315292e+02    9.798007750482e-03    8.427586989455e-03
46390    8.720750026884e+02    9.811072552867e-03    8.441929472610e-03
46400    8.722195293316e+02    9.836388551328e-03    8.468080410239e-03
46410    8.723032589019e+02    9.831401020006e-03    8.463932553241e-03
46420    8.724864506698e+02    9.808279355101e-03    8.440002073257e-03
46430    8.726704625546e+02    9.787717956762e-03    8.418832177995e-03
46440    8.728342085319e+02    9.776906779581e-03    8.408123656409e-03
46450    8.730225496401e+02    9.778405331547e-03    8.409843059781e-03
46460    8.731399370252e+02    9.788636911910e-03    8.421543901932e-03
46470    8.732130379815e+02    9.797469289021e-03    8.431848510554e-03
46480    8.733772014174e+02    9.822579263182e-03    8.457933705358e-03
46490    8.735090384028e+02    9.830801208441e-03    8.467317749819e-03
46500    8.736428891266e+02    9.815519996510e-03    8.452248353024e-03
46510    8.737543752822e+02    9.799169351024e-03    8.436201074801e-03
46520    8.739391137907e+02    9.782630132936e-03    8.419129967479e-03
46530    8.741258734482e+02    9.776210517123e-03    8.412342903284e-03
46540    8.743258734482e+02    9.783909140302e-03    8.419911795500e-03
46550    8.744900563371e+02    9.803863988097e-03    8.440472774055e-03
46560    8.746557458931e+02    9.836493276403e-03    8.473945668811e-03
46570    8.748300526766e+02    9.823103750323e-03    8.460049041787e-03
46580    8.750068633348e+02    9.800575778796e-03    8.436563816758e-03
46590    8.752068633348e+02    9.783994603352e-03    8.418773116318e-03
46600    8.753389830486e+02    9.778113364928e-03    8.412885445978e-03
46610    8.754212118503e+02    9.777658825580e-03    8.412995865910e-03
46620    8.755649850574e+02    9.786603847327e-03    8.421859999544e-03
46630    8.757234648498e+02    9.806780139323e-03    8.442102986010e-03
46640    8.757977581372e+02    9.824845768057e-03    8.461286791317e-03
46650    8.759045839951e+02    9.842188002797e-03    8.479078286655e-03
46660    8.760852136309e+02    9.821117503161e-03    8.456607769403e-03
46670    8.761574466191e+02    9.807757449687e-03    8.443409074061e-03
46680    8.763281481375e+02    9.791734430061e-03    8.425961296780e-03
46690    8.764789066756e+02    9.781564107835e-03    8.414908109444e-03
46700    8.766610859824e+02    9.781571049197e-03    8.413959055360e-03
46710    8.767365775491e+02    9.785205108884e-03    8.418271627306e-03
46720    8.768804225785e+02    9.797990665700e-03    8.430785810560e-03
46730    8.770758330695e+02    9.830228254157e-03    8.462636931654e-03
46740    8.772309100625e+02    9.830370405434e-03    8.462428013445e-03
46750    8.773608696811e+02    9.812364964224e-03    8.443858820101e-03
46760    8.775480099474e+02    9.794004988439e-03    8.423896650129e-03
46770    8.777241743613e+02    9.782953673930e-03    8.411720554250e-03
46780    8.778706506403e+02    9.781823266684e-03    8.410102320340e-03
46790    8.780706506403e+02    9.795264619497e-03    8.422767022239e-03
46800    8.781493965969e+02    9.808284578530e-03    8.436924976195e-03
46810    8.782404346330e+02    9.825581308770e-03    8.455119250357e-03
46820    8.784101302334e+02    9.838751929152e-03    8.468036994600e-03
46830    8.785892074805e+02    9.817119499371e-03    8.445246507108e-03
46840    8.787651211059e+02    9.796142659079e-03    8.423367577961e-03
46850    8.789248916824e+02    9.784471026963e-03    8.411422011704e-03
46860    8.790603128618e+02    9.781388012694e-03    8.408687983319e-03
46870    8.792107679494e+02    9.788227190261e-03    8.416198064879e-03
46880    8.793158300518e+02    9.799023894862e-03    8.428227461081e-03
46890    8.794424282617e+02    9.818707598256e-03    8.449221848423e-03
46900    8.795629395175e+02    9.840912182315e-03    8.472882062051e-03
46910    8.797625521694e+02    9.821624628606e-03    8.453695617391e-03
46920    8.798723483210e+02    9.803844060608e-03    8.436847627308e-03
46930    8.799459376641e+02    9.792349008599e-03    8.426536335719e-03
46940    8.800570173741e+02    9.782184499508e-03    8.417350435593e-03
46950    8.801710355087e+02    9.775588908730e-03    8.411871145654e-03
46960    8.802919324472e+02    9.774512327668e-03    8.412050541665e-03
46970    8.804431255436e+02    9.780879449520e-03    8.419718695222e-03
46980    8.805889148903e+02    9.796769315045e-03    8.437197780040e-03
46990    8.807404133523e+02    9.822793185335e-03    8.464957302749e-03
47000    8.808848835853e+02    9.825188604503e-03    8.468587345305e-03
47010    8.810030535608e+02    9.808557586834e-03    8.452724443487e-03
47020    8.810521254844e+02    9.799495462911e-03    8.444898676316e-03
47030    8.811602814675e+02    9.787329672761e-03    8.433289665845e-03
47040    8.812263636070e+02    9.777958287442e-03    8.424782404290e-03
47050    8.812897304036e+02    9.772006004365e-03    8.419641051660e-03
47060    8.814004215389e+02    9.767403077579e-03    8.415349521783e-03
47070    8.815166541723e+02    9.767353268961e-03    8.415590254117e-03
47080    8.816039992709e+02    9.770330086767e-03    8.419114407843e-03
47090    8.817728411675e+02    9.785154478056e-03    8.433581147983e-03
47100    8.818867829199e+02    9.805881488509e-03    8.454799819447e-03
47110    8.820329541364e+02    9.828645491993e-03    8.477337986733e-03
47120    8.821079534251e+02    9.822606921103e-03    8.471595662741e-03
47130    8.822262775477e+02    9.808838776272e-03    8.456917076728e-03
47140    8.824105166645e+02    9.788413575190e-03    8.433963688731e-03
47150    8.825581660046e+02    9.775664470062e-03    8.419595226769e-03
47160    8.827019468170e+02    9.771564627167e-03    8.414046107646e-03
47170    8.828336792566e+02    9.775346251892e-03    8.416827077781e-03
47180    8.829287152281e+02    9.783445303421e-03    8.424818011008e-03
47190    8.830335269338e+02    9.795751744122e-03    8.436726795480e-03
47200    8.831748841020e+02    9.822075176608e-03    8.462097473057e-03
47210    8.833078040815e+02    9.830845797322e-03    8.469698930639e-03
47220    8.834677833779e+02    9.810857858702e-03    8.447252484984e-03
47230    8.836515287702e+02    9.791383564356e-03    8.424941441262e-03
47240    8.838173815494e+02    9.779380161392e-03    8.411029982199e-03
47250    8.839319508788e+02    9.775458316601e-03    8.406726142312e-03
47260    8.840981231301e+02    9.781959373272e-03    8.412193575168e-03
47270    8.842040512133e+02    9.792102993755e-03    8.422707292084e-03
47280    8.843925703513e+02    9.819594158143e-03    8.449677399767e-03
47290    8.845666341972e+02    9.826549001978e-03    8.456383624434e-03
47300    8.847435134591e+02    9.806161520168e-03    8.435315351562e-03
47310    8.848817472047e+02    9.789186873567e-03    8.418581986916e-03
47320    8.850150061084e+02    9.777856822603e-03    8.407894967604e-03
47330    8.851482509367e+02    9.773563861739e-03    8.404579100898e-03
47340    8.853166601331e+02    9.778155731275e-03    8.410320489929e-03
47350    8.854355985713e+02    9.790151603935e-03    8.424252933764e-03
47360    8.855758313199e+02    9.810632119223e-03    8.446745593574e-03
47370    8.857462331050e+02    9.827731745755e-03    8.465777541460e-03
47380    8.859368865808e+02    9.805101833715e-03    8.444278676507e-03
47390    8.861237180133e+02    9.783440459247e-03    8.423902732829e-03
47400    8.863150349732e+02    9.771346188652e-03    8.413369924710e-03
47410    8.864620964218e+02    9.770392025468e-03    8.414434108090e-03
47420    8.865575039056e+02    9.774224913724e-03    8.420217141065e-03
47430    8.867240562587e+02    9.790284507167e-03    8.438121446488e-03
47440    8.869068934058e+02    9.822102766776e-03    8.472060474560e-03
47450    8.870531213382e+02    9.811684170733e-03    8.462869159302e-03
47460    8.871241028095e+02    9.800317474647e-03    8.452803140244e-03
47470    8.872734369726e+02    9.783979132749e-03    8.436820140560e-03
47480    8.874678488793e+02    9.769480441074e-03    8.422263300417e-03
47490    8.876372759255e+02    9.765612894717e-03    8.418674383392e-03
47500    8.877937598036e+02    9.772888457430e-03    8.426535934632e-03
47510    8.879625633754e+02    9.790659479963e-03    8.444665762909e-03
47520    8.881046935961e+02    9.820482431252e-03    8.475580370941e-03
47530    8.882068353505e+02    9.823217324387e-03    8.478956599902e-03
47540    8.883043645935e+02    9.808834244716e-03    8.464637019642e-03
47550    8.883732062138e+02    9.797972544991e-03    8.454069627078e-03
47560    8.885129118617e+02    9.783023168549e-03    8.438106728136e-03
47570    8.886018127845e+02    9.771749887144e-03    8.426758145106e-03
47580    8.886393125605e+02    9.766327197215e-03    8.421950919001e-03
47590    8.887195777716e+02    9.762352114280e-03    8.417784996709e-03
47600    8.887904447392e+02    9.760408609042e-03    8.415863773735e-03
47610    8.889143139551e+02    9.763077396937e-03    8.417705374086e-03
47620    8.890606139576e+02    9.774179005120e-03    8.427905928329e-03
47630    8.892273721154e+02    9.797682946503e-03    8.450455330603e-03
47640    8.893218243531e+02    9.821559021734e-03    8.474881896291e-03
47650    8.893879114787e+02    9.830094093773e-03    8.483872370562e-03
47660    8.894985622982e+02    9.818219536400e-03    8.470902991576e-03
47670    8.896796715353e+02    9.796163539058e-03    8.446090038888e-03
47680    8.898221471668e+02    9.779669946900e-03    8.427923165073e-03
47690    8.899949146178e+02    9.771291512741e-03    8.417436537457e-03
47700    8.900884076680e+02    9.769352248793e-03    8.415236513429e-03
47710    8.902293579988e+02    9.776451334236e-03    8.421363870184e-03
47720    8.903164520897e+02    9.784696497687e-03    8.429676112428e-03
47730    8.905017119075e+02    9.810512075625e-03    8.454077564238e-03
47740    8.907017119075e+02    9.820253140673e-03    8.462129105283e-03
47750    8.908323324932e+02    9.803288662870e-03    8.444290643638e-03
47760    8.910139817642e+02    9.785418850210e-03    8.424377939264e-03
47770    8.912045403492e+02    9.774795307171e-03    8.411919599894e-03
47780    8.914045403492e+02    9.776936621792e-03    8.412618408329e-03
47790    8.915483114917e+02    9.788982099923e-03    8.424804066635e-03
47800    8.917362665219e+02    9.815313809194e-03    8.450933802123e-03
47810    8.919296622635e+02    9.822102130117e-03    8.457412266580e-03
47820    8.921278185343e+02    9.799189835715e-03    8.433483474619e-03
47830    8.921859941089e+02    9.787032394343e-03    8.422467710261e-03
47840    8.923170896273e+02    9.776651017256e-03    8.412048404352e-03
47850    8.924985584070e+02    9.771654290547e-03    8.406680223743e-03
47860    8.926096346812e+02    9.773143627182e-03    8.408977792897e-03
47870    8.926953848540e+02    9.778645069998e-03    8.415597012572e-03
47880    8.927591220874e+02    9.785988886192e-03    8.424243918853e-03
47890    8.928067565319e+02    9.792027590643e-03    8.431507837486e-03
47900    8.929187892556e+02    9.807515336980e-03    8.447737652205e-03
47910    8.931064644592e+02    9.824292283075e-03    8.464635793644e-03
47920    8.931870494636e+02    9.814217668856e-03    8.455276645691e-03
47930    8.933537546394e+02    9.794300369034e-03    8.434706364824e-03
47940    8.935013433721e+02    9.778658827905e-03    8.418780928878e-03
47950    8.935560703423e+02    9.770518074460e-03    8.411659371632e-03
47960    8.936853225843e+02    9.766046894313e-03    8.407288081798e-03
47970    8.937593603028e+02    9.765341562187e-03    8.407531390731e-03
47980    8.937966145241e+02    9.765069157723e-03    8.408407559727e-03
47990    8.938760911085e+02    9.768469178587e-03    8.412508620495e-03
48000    8.939905996965e+02    9.778842506893e-03    8.423422691521e-03
48010    8.940684149505e+02    9.790606641144e-03    8.436173015070e-03
48020    8.941406480880e+02    9.804900729538e-03    8.451579569737e-03
48030    8.941851599401e+02    9.815868542896e-03    8.463778783153e-03
48040    8.942449473513e+02    9.830191233660e-03    8.479200054353e-03
48050    8.943277969447e+02    9.826306484342e-03    8.475681470372e-03
48060    8.944021388397e+02    9.813301465326e-03    8.462861560474e-03
48070    8.944558415926e+02    9.803906367651e-03    8.453890901365e-03
48080    8.945847093334e+02    9.788709288497e-03    8.438042862508e-03
48090    8.946958152912e+02    9.774283008754e-03    8.423338411376e-03
48100    8.947265720273e+02    9.767829742354e-03    8.417734056820e-03
48110    8.947996585882e+02    9.762492885850e-03    8.412700993176e-03
48120    8.949554130321e+02    9.760080450792e-03    8.409694941292e-03
48130    8.950982842697e+02    9.764759245470e-03    8.414348770202e-03
48140    8.952196748479e+02    9.776403899543e-03    8.426634100942e-03
48150    8.952679041437e+02    9.783948972698e-03    8.435525635832e-03
48160    8.953898978119e+02    9.801245185153e-03    8.453613576421e-03
48170    8.954244702907e+02    9.813933860371e-03    8.467939447655e-03
48180    8.955123119541e+02    9.824150031256e-03    8.479166269353e-03
48190    8.956790327295e+02    9.803086197856e-03    8.457696013465e-03
48200    8.957906293660e+02    9.784943551062e-03    8.439834397905e-03
48210    8.959211110092e+02    9.770358497589e-03    8.425572783381e-03
48220    8.960784625566e+02    9.759417731919e-03    8.415065858571e-03
48230    8.962242135028e+02    9.756611976829e-03    8.413229041253e-03
48240    8.963759730805e+02    9.762548532676e-03    8.420503371781e-03
48250    8.965600276887e+02    9.782242972850e-03    8.441886982837e-03
48260    8.966397141074e+02    9.802428140001e-03    8.464375082440e-03
48270    8.966739351433e+02    9.812772228243e-03    8.476796160721e-03
48280    8.967626956971e+02    9.814799096501e-03    8.480312832035e-03
48290    8.969262338440e+02    9.791689203579e-03    8.457571416329e-03
48300    8.970081111378e+02    9.774778435449e-03    8.441568910712e-03
48310    8.970474032879e+02    9.766533277711e-03    8.434618654064e-03
48320    8.971315247170e+02    9.757369694165e-03    8.426264806985e-03
48330    8.972354333257e+02    9.748913426636e-03    8.418329845881e-03
48340    8.973429300651e+02    9.744214201414e-03    8.414067517151e-03
48350    8.974470118074e+02    9.743693310345e-03    8.413944276072e-03
48360    8.975148123465e+02    9.746143129651e-03    8.417211214692e-03
48370    8.975572649211e+02    9.748340600410e-03    8.420439792644e-03
48380    8.976673374252e+02    9.757256072844e-03    8.429418477135e-03
48390    8.978125939940e+02    9.777444468464e-03    8.449074935015e-03
48400    8.979097390451e+02    9.801859789658e-03    8.473799491185e-03
48410    8.979793004848e+02    9.805982624676e-03    8.478168952934e-03
48420    8.981173081796e+02    9.790077366458e-03    8.460183585157e-03
48430    8.982255295449e+02    9.773422685754e-03    8.441916581432e-03
48440    8.983761571242e+02    9.757955643889e-03    8.423557952483e-03
48450    8.984935278955e+02    9.749492114644e-03    8.413184604251e-03
48460    8.985526274001e+02    9.745031304973e-03    8.408566294747e-03
48470    8.985854022935e+02    9.742569992822e-03    8.406673566242e-03
48480    8.986657202994e+02    9.743187395933e-03    8.406336694861e-03
48490    8.988077558646e+02    9.751396858392e-03    8.411689595960e-03
48500    8.989019709006e+02    9.763673500952e-03    8.422722164141e-03
48510    8.989772081204e+02    9.774942400689e-03    8.433299487479e-03
48520    8.990744638660e+02    9.792909129763e-03    8.449885899608e-03
48530    8.991948736706e+02    9.809900970317e-03    8.464603348330e-03
48540    8.993242994603e+02    9.797742475683e-03    8.449129690234e-03
48550    8.994930402912e+02    9.778322729093e-03    8.424836715676e-03
48560    8.995604394913e+02    9.766626715471e-03    8.412205808781e-03
48570    8.996694231218e+02    9.758329729074e-03    8.401640467127e-03
48580    8.997793426116e+02    9.753865145694e-03    8.395040075811e-03
48590    8.999043509939e+02    9.755005470823e-03    8.393807514949e-03
48600    8.999222812589e+02    9.754497303463e-03    8.394368302106e-03
48610    8.999673893058e+02    9.755998398131e-03    8.395987742915e-03
48620    9.000506175505e+02    9.762182081435e-03    8.401228543335e-03
48630    9.001151510839e+02    9.770819450677e-03    8.409559036409e-03
48640    9.001668200049e+02    9.778126929152e-03    8.416885605584e-03
48650    9.002543125973e+02    9.792567715570e-03    8.430532870079e-03
48660    9.002909193401e+02    9.803232953515e-03    8.441715169283e-03
48670    9.003625042897e+02    9.818149332720e-03    8.456322217171e-03
48680    9.005013856415e+02    9.811050828425e-03    8.446817298136e-03
48690    9.005974412109e+02    9.796348561220e-03    8.430792758190e-03
48700    9.007182109450e+02    9.780463725912e-03    8.413214875873e-03
48710    9.008452622499e+02    9.767194656294e-03    8.398516197303e-03
48720    9.008972704800e+02    9.760312824663e-03    8.391986945753e-03
48730    9.009767095675e+02    9.755652253874e-03    8.387268610932e-03
48740    9.010477693319e+02    9.753475006223e-03    8.385301041926e-03
48750    9.011087916982e+02    9.753261053363e-03    8.385526654820e-03
48760    9.011952579045e+02    9.756536504304e-03    8.389078335313e-03
48770    9.012948372055e+02    9.763391862673e-03    8.396310908211e-03
48780    9.014745659030e+02    9.785050954616e-03    8.418296227319e-03
48790    9.016326616567e+02    9.810666785535e-03    8.445164442492e-03
48800    9.017402325999e+02    9.800114887500e-03    8.435671743428e-03
48810    9.018426991417e+02    9.784404901397e-03    8.421105579146e-03
48820    9.018797909218e+02    9.776505714185e-03    8.414606622864e-03
48830    9.019413751284e+02    9.767918464069e-03    8.407335564698e-03
48840    9.020718365366e+02    9.756252005713e-03    8.397235399570e-03
48850    9.022126638789e+02    9.747501514637e-03    8.390526106268e-03
48860    9.023776945922e+02    9.745867215456e-03    8.391777222641e-03
48870    9.025520755201e+02    9.754947484362e-03    8.404687849179e-03
48880    9.027234479487e+02    9.776193270305e-03    8.430545160081e-03
48890    9.028778761311e+02    9.795547611618e-03    8.454649815576e-03
48900    9.030773417510e+02    9.770440588559e-03    8.434175323600e-03
48910    9.032353610455e+02    9.747848482398e-03    8.415851137215e-03
48920    9.033651305342e+02    9.734885713011e-03    8.406786821979e-03
48930    9.035650163468e+02    9.728403145248e-03    8.405350851717e-03
48940    9.036912227821e+02    9.731519037858e-03    8.412563276579e-03
48950    9.037768401140e+02    9.737626318244e-03    8.421925279436e-03
48960    9.039615070028e+02    9.759211464314e-03    8.447834469735e-03
48970    9.040137490602e+02    9.775695544607e-03    8.467212504911e-03
48980    9.041492038678e+02    9.776563616922e-03    8.470656208374e-03
48990    9.042181365313e+02    9.763495911296e-03    8.459393300654e-03
49000    9.043120890264e+02    9.749249840453e-03    8.446578071926e-03
49010    9.044295745703e+02    9.734690276669e-03    8.433010139925e-03
49020    9.045672849135e+02    9.723176592468e-03    8.421886898759e-03
49030    9.047310265594e+02    9.717401385307e-03    8.415714848525e-03
49040    9.048579619358e+02    9.719851889779e-03    8.417933872806e-03
49050    9.049525416734e+02    9.725733199574e-03    8.423738376223e-03
49060    9.051328049606e+02    9.747749700001e-03    8.443374698800e-03
49070    9.052250548445e+02    9.768554111464e-03    8.463821090118e-03
49080    9.053615003454e+02    9.776505733368e-03    8.469122205497e-03
49090    9.054917184144e+02    9.759651128163e-03    8.448780235085e-03
49100    9.055140172551e+02    9.752932255378e-03    8.442800554803e-03
49110    9.055679656512e+02    9.746275255158e-03    8.435232597549e-03
49120    9.056498835470e+02    9.738249815741e-03    8.424883359112e-03
49130    9.057822944400e+02    9.730349675306e-03    8.412124086135e-03
49140    9.059760178535e+02    9.729296401421e-03    8.402949706579e-03
49150    9.060701860205e+02    9.732215742452e-03    8.402882377595e-03
49160    9.061209169940e+02    9.736010241174e-03    8.405840477280e-03
49170    9.061858765753e+02    9.741765512551e-03    8.409730229687e-03
49180    9.063461737396e+02    9.762445519497e-03    8.423575931374e-03
49190    9.065432625966e+02    9.795137483630e-03    8.447828285171e-03
49200    9.067336498530e+02    9.780069764329e-03    8.423921180110e-03
49210    9.068750288718e+02    9.764591934966e-03    8.402617013417e-03
49220    9.069797352466e+02    9.755329666430e-03    8.389722184802e-03
49230    9.070704900204e+02    9.749429224831e-03    8.381202657802e-03
49240    9.071060207956e+02    9.746334495394e-03    8.378072688174e-03
49250    9.071725241022e+02    9.745667108420e-03    8.375815861655e-03
49260    9.073109090693e+02    9.751179063983e-03    8.376868155210e-03
49270    9.074550168621e+02    9.765955807026e-03    8.388036593715e-03
49280    9.074870596323e+02    9.771968859034e-03    8.394764564400e-03
49290    9.075387959498e+02    9.779979369809e-03    8.402640431086e-03
49300    9.076457162703e+02    9.797640846345e-03    8.418608336797e-03
49310    9.077656001760e+02    9.815899258524e-03    8.435336289949e-03
49320    9.078925579614e+02    9.799703261696e-03    8.417220642514e-03
49330    9.079234545531e+02    9.792777737645e-03    8.411139986492e-03
49340    9.080018521995e+02    9.783080255681e-03    8.400981254454e-03
49350    9.081356350834e+02    9.769101028938e-03    8.385704733882e-03
49360    9.082527589342e+02    9.758777245243e-03    8.375124891245e-03
49370    9.083230820630e+02    9.753265749808e-03    8.370380351153e-03
49380    9.084257633048e+02    9.751146094436e-03    8.369010968636e-03
49390    9.084843519732e+02    9.750780387909e-03    8.369965313250e-03
49400    9.085989661476e+02    9.755642453896e-03    8.376208920708e-03
49410    9.087032348981e+02    9.764982715337e-03    8.387568648686e-03
49420    9.088057073991e+02    9.780202823188e-03    8.405439779381e-03
49430    9.088819787826e+02    9.794048531090e-03    8.421914978499e-03
49440    9.089408244737e+02    9.809566826350e-03    8.440180661637e-03
49450    9.089864524217e+02    9.811512853183e-03    8.444335416243e-03
49460    9.090779303647e+02    9.798625265908e-03    8.433726698968e-03
49470    9.092084168476e+02    9.777361324498e-03    8.415319381129e-03
49480    9.093212941313e+02    9.759178029940e-03    8.400233856264e-03
49490    9.093869302400e+02    9.748477142780e-03    8.392168287173e-03
49500    9.094547745939e+02    9.739645441229e-03    8.386150315346e-03
49510    9.094967599835e+02    9.734353726500e-03    8.383161029087e-03
49520    9.095769253828e+02    9.729697526090e-03    8.381571461541e-03
49530    9.096945951339e+02    9.727777190902e-03    8.383661324842e-03
49540    9.097393207680e+02    9.728028492555e-03    8.386631072426e-03
49550    9.098483108685e+02    9.732296434395e-03    8.394955424592e-03
49560    9.099195338612e+02    9.740401598495e-03    8.406662289417e-03
49570    9.099648294818e+02    9.745938224755e-03    8.414956162596e-03
49580    9.100511887089e+02    9.757508907398e-03    8.430257507825e-03
49590    9.101545633358e+02    9.775554276795e-03    8.452505692730e-03
49600    9.102462659676e+02    9.775151448371e-03    8.455728297122e-03
49610    9.102986558510e+02    9.767736441712e-03    8.450800860373e-03
49620    9.104001314462e+02    9.751822129812e-03    8.437849777692e-03
49630    9.104889076561e+02    9.737784393635e-03    8.426446840531e-03
49640    9.105252068169e+02    9.728109750238e-03    8.418791619079e-03
49650    9.105428386588e+02    9.723295300674e-03    8.415625267844e-03
49660    9.105796126214e+02    9.718105074110e-03    8.412174604928e-03
49670    9.106562349989e+02    9.711363284589e-03    8.407460866692e-03
49680    9.107740738578e+02    9.704835011096e-03    8.403143609030e-03
49690    9.109118216837e+02    9.702972102639e-03    8.403328429267e-03
49700    9.110187970159e+02    9.706999435282e-03    8.409256971390e-03
49710    9.111426861660e+02    9.716277764154e-03    8.419960000538e-03
49720    9.112410062841e+02    9.730823042644e-03    8.435999997346e-03
49730    9.113983949532e+02    9.758200360577e-03    8.463897301226e-03
49740    9.115187032413e+02    9.752698605378e-03    8.458185597192e-03
49750    9.115722354036e+02    9.744281800222e-03    8.450434943370e-03
49760    9.116746257340e+02    9.730734809848e-03    8.435875314717e-03
49770    9.116999669554e+02    9.723869021466e-03    8.429988446551e-03
49780    9.117445257191e+02    9.717747085791e-03    8.424074060713e-03
49790    9.118404749421e+02    9.710132117809e-03    8.414821520091e-03
49800    9.118881670908e+02    9.704352779867e-03    8.408899594542e-03
49810    9.119718517537e+02    9.700750842107e-03    8.403677904425e-03
49820    9.121148220955e+02    9.701256293188e-03    8.399993552302e-03
49830    9.122844165949e+02    9.711245691075e-03    8.404280727518e-03
49840    9.123795917994e+02    9.722968892051e-03    8.413618417762e-03
49850    9.124702245894e+02    9.738686275296e-03    8.427097950516e-03
49860    9.126048164422e+02    9.765381832351e-03    8.449332437522e-03
49870    9.127815645605e+02    9.762321070364e-03    8.438572089290e-03
49880    9.128543144487e+02    9.749885413434e-03    8.423935663814e-03
49890    9.129580257730e+02    9.738194966234e-03    8.408144001805e-03
49900    9.130384807676e+02    9.729935620184e-03    8.397090206017e-03
49910    9.132120214314e+02    9.723703408751e-03    8.382993054511e-03
49920    9.134040591667e+02    9.726566127108e-03    8.377701522477e-03
49930    9.136008620186e+02    9.743033875972e-03    8.386914098082e-03
49940    9.137176898229e+02    9.763048711161e-03    8.404392029661e-03
49950    9.138114287314e+02    9.784308138985e-03    8.424326530076e-03
49960    9.139076006110e+02    9.793146251870e-03    8.431487106463e-03
49970    9.140929001263e+02    9.772613373484e-03    8.405388392021e-03
49980    9.142313088818e+02    9.753626140177e-03    8.383502035940e-03
49990    9.143671831050e+02    9.742443044874e-03    8.370152576390e-03
50000    9.145485442206e+02    9.737428500631e-03    8.362739660697e-03
50010    9.146983072639e+02    9.741734451736e-03    8.366561919502e-03
50020    9.148338892045e+02    9.752344840048e-03    8.377600568565e-03
50030    9.150076508552e+02    9.777719874569e-03    8.403980420553e-03
50040    9.151027744271e+02    9.796335044424e-03    8.424767048382e-03
50050    9.152186914505e+02    9.784379801256e-03    8.414064775025e-03
50060    9.152666987146e+02    9.773518252503e-03    8.404795026763e-03
50070    9.153871215028e+02    9.758245534470e-03    8.390871514166e-03
50080    9.154570977995e+02    9.745900546021e-03    8.380133128412e-03
50090    9.155694634520e+02    9.735132507128e-03    8.371213465580e-03
50100    9.156396884728e+02    9.728329821270e-03    8.366308608856e-03
50110    9.157944020970e+02    9.724776358406e-03    8.365490855795e-03
50120    9.159620522223e+02    9.730060691569e-03    8.374372582693e-03
50130    9.160521929143e+02    9.739316418580e-03    8.386872918891e-03
50140    9.161523332270e+02    9.751250798069e-03    8.402242996453e-03
50150    9.162783973090e+02    9.773022936693e-03    8.428142415141e-03
50160    9.163675077064e+02    9.776150727197e-03    8.434520090304e-03
50170    9.165065958050e+02    9.757515219655e-03    8.419205374594e-03
50180    9.166785349639e+02    9.733102902312e-03    8.398470126849e-03
50190    9.167907835138e+02    9.719342623373e-03    8.387804051381e-03
50200    9.169086962261e+02    9.710267488255e-03    8.381909603486e-03
50210    9.170929612833e+02    9.708523053314e-03    8.384206629671e-03
50220    9.172393018823e+02    9.716840211054e-03    8.396203827942e-03
50230    9.173972916254e+02    9.735141497214e-03    8.418206121860e-03
50240    9.175416388151e+02    9.760000560081e-03    8.446508026282e-03
50250    9.177153930454e+02    9.743726271316e-03    8.432235233158e-03
50260    9.178061139615e+02    9.726627188110e-03    8.416702700742e-03
50270    9.179066830175e+02    9.714571210082e-03    8.405894137468e-03
50280    9.180998559795e+02    9.701842795105e-03    8.393374518164e-03
50290    9.182921560955e+02    9.699785776745e-03    8.390900125050e-03
50300    9.184705916241e+02    9.710644798726e-03    8.401003254221e-03
50310    9.185454558849e+02    9.722017732955e-03    8.413203691816e-03
50320    9.186635657808e+02    9.741279483509e-03    8.432140279183e-03
50330    9.188138126086e+02    9.757469561736e-03    8.446652965176e-03
50340    9.188484095474e+02    9.753580388633e-03    8.443511668702e-03
50350    9.189038245661e+02    9.747071945345e-03    8.436833240921e-03
50360    9.190176560757e+02    9.733848753074e-03    8.421263740274e-03
50370    9.190724657044e+02    9.722822963700e-03    8.409688575739e-03
50380    9.191234962890e+02    9.716095498923e-03    8.402500069678e-03
50390    9.192312415097e+02    9.708588347964e-03    8.392457235459e-03
50400    9.194230249995e+02    9.704804768888e-03    8.382986017750e-03
50410    9.195656690059e+02    9.709397053587e-03    8.383871685510e-03
50420    9.196160965255e+02    9.713271201759e-03    8.387551602937e-03
50430    9.196754022935e+02    9.718586289283e-03    8.392201452807e-03
50440    9.198045317535e+02    9.734457582714e-03    8.404914980929e-03
50450    9.199373095348e+02    9.762014611981e-03    8.429579148469e-03
50460    9.200688055976e+02    9.767397168412e-03    8.431664922682e-03
50470    9.202057386769e+02    9.750000108586e-03    8.410364451265e-03
50480    9.203211631258e+02    9.735876517377e-03    8.393356559282e-03
50490    9.204139513796e+02    9.725584045078e-03    8.381187173654e-03
50500    9.204968623024e+02    9.718034609708e-03    8.372257532756e-03
50510    9.205650432190e+02    9.714036551826e-03    8.367475932573e-03
50520    9.207040942664e+02    9.714203942101e-03    8.365010377929e-03
50530    9.208800962571e+02    9.724108655708e-03    8.372060085094e-03
50540    9.209297322496e+02    9.732402783855e-03    8.381071237636e-03
50550    9.209596196053e+02    9.736906294761e-03    8.386481546950e-03
50560    9.210218573470e+02    9.745530368694e-03    8.395326618484e-03
50570    9.211227551792e+02    9.763242829042e-03    8.412774440330e-03
50580    9.211805300096e+02    9.779248806042e-03    8.429456236627e-03
50590    9.212285281925e+02    9.785699708503e-03    8.436532168162e-03
50600    9.213146857071e+02    9.774072779902e-03    8.424434748122e-03
50610    9.213458733091e+02    9.767283425401e-03    8.418212089055e-03
50620    9.214229940114e+02    9.756508975205e-03    8.407176755099e-03
50630    9.215795430155e+02    9.739264572623e-03    8.388521362576e-03
50640    9.217776486613e+02    9.724492318953e-03    8.372344133022e-03
50650    9.219640181880e+02    9.721023486010e-03    8.368610186153e-03
50660    9.221278441266e+02    9.729206728438e-03    8.377714874769e-03
50670    9.222717918007e+02    9.745329246963e-03    8.395515326811e-03
50680    9.223916636814e+02    9.767635209976e-03    8.420068083069e-03
50690    9.225425491137e+02    9.767400228829e-03    8.421767929576e-03
50700    9.226664810537e+02    9.747863744266e-03    8.403935331444e-03
50710    9.227993187089e+02    9.730407730224e-03    8.388331309106e-03
50720    9.229504839590e+02    9.715860133856e-03    8.375909319511e-03
50730    9.230869594108e+02    9.708495463378e-03    8.370837920666e-03
50740    9.232690493369e+02    9.710801203849e-03    8.375929774957e-03
50750    9.234111836428e+02    9.721669022742e-03    8.389652545702e-03
50760    9.235665774265e+02    9.743546468879e-03    8.414594850365e-03
50770    9.237256957808e+02    9.757944081346e-03    8.431801408733e-03
50780    9.238654252010e+02    9.739245441643e-03    8.414879182965e-03
50790    9.240102449378e+02    9.721431018298e-03    8.398443332226e-03
50800    9.242102449378e+02    9.705066575027e-03    8.382930939661e-03
50810    9.244102449378e+02    9.700998388019e-03    8.379437840631e-03
50820    9.245530254036e+02    9.707809723028e-03    8.387201277401e-03
50830    9.247358471019e+02    9.728068990714e-03    8.407630090005e-03
50840    9.248741350294e+02    9.757713386550e-03    8.437922910161e-03
50850    9.249865271022e+02    9.750636480745e-03    8.430768097242e-03
50860    9.250219832339e+02    9.745230210704e-03    8.426471516941e-03
50870    9.251111899249e+02    9.734340302801e-03    8.415146873631e-03
50880    9.252551885535e+02    9.719096922327e-03    8.397736357438e-03
50890    9.254423457027e+02    9.706431094226e-03    8.381396779441e-03
50900    9.255281535815e+02    9.701491656896e-03    8.375737525057e-03
50910    9.255996121692e+02    9.700421974405e-03    8.374229053516e-03
50920    9.257032579083e+02    9.704917364469e-03    8.377336418562e-03
50930    9.257392945073e+02    9.707697762029e-03    8.380700454836e-03
50940    9.258312399143e+02    9.716264514930e-03    8.388065064537e-03
50950    9.259990496946e+02    9.741019196174e-03    8.409531632424e-03
50960    9.261383444061e+02    9.764560135718e-03    8.430728797066e-03
50970    9.262879999194e+02    9.751535914448e-03    8.414281277510e-03
50980    9.264689518087e+02    9.731228127067e-03    8.389478394747e-03
50990    9.266097190370e+02    9.718493899744e-03    8.374014344554e-03
51000    9.267752097459e+02    9.713402536247e-03    8.366010700229e-03
51010    9.269242482468e+02    9.716605399056e-03    8.367436495973e-03
51020    9.269485181689e+02    9.718477435698e-03    8.370803479011e-03
51030    9.270057316594e+02    9.722717461001e-03    8.375541690839e-03
51040    9.270779637867e+02    9.731364566841e-03    8.384449543883e-03
51050    9.271579194379e+02    9.742562486381e-03    8.395821595514e-03
51060    9.272479635014e+02    9.761453385567e-03    8.415042228080e-03
51070    9.272881034516e+02    9.773024954616e-03    8.427670041783e-03
51080    9.273692901041e+02    9.780365493750e-03    8.435261319391e-03
51090    9.274994919662e+02    9.764543221442e-03    8.418502548011e-03
51100    9.275372150253e+02    9.753461615076e-03    8.408106595198e-03
51110    9.275771880054e+02    9.746420180412e-03    8.401664516896e-03
51120    9.276583402257e+02    9.736401611270e-03    8.391622218369e-03
51130    9.277973674335e+02    9.724157418377e-03    8.378766510759e-03
51140    9.278422536597e+02    9.717480896707e-03    8.372824728212e-03
51150    9.279557334191e+02    9.713060787480e-03    8.368521959710e-03
51160    9.280980602501e+02    9.714110679087e-03    8.369890561880e-03
51170    9.281625389745e+02    9.716744919462e-03    8.373644386666e-03
51180    9.282976685710e+02    9.727902451742e-03    8.385763288970e-03
51190    9.283274325041e+02    9.734857479788e-03    8.394305653383e-03
51200    9.284026174596e+02    9.745558330196e-03    8.406343128627e-03
51210    9.285190112709e+02    9.766910556879e-03    8.429250695372e-03
51220    9.286767036778e+02    9.764617394422e-03    8.428003649897e-03
51230    9.287547635977e+02    9.751753422841e-03    8.416268862675e-03
51240    9.288980505759e+02    9.733571824897e-03    8.398905159993e-03
51250    9.290313265791e+02    9.719247386679e-03    8.385640219785e-03
51260    9.291859230062e+02    9.710387055617e-03    8.378087401979e-03
51270    9.293285854365e+02    9.709608454172e-03    8.378909486055e-03
51280    9.294844182186e+02    9.718393660605e-03    8.389581865231e-03
51290    9.295155594854e+02    9.723933967616e-03    8.397208985116e-03
51300    9.295948374390e+02    9.733361540302e-03    8.408405067712e-03
51310    9.297221657002e+02    9.753942333730e-03    8.430839989160e-03
51320    9.298476033327e+02    9.763213392226e-03    8.441688865787e-03
51330    9.300195091272e+02    9.742630469048e-03    8.421339711276e-03
51340    9.302101730763e+02    9.720559412678e-03    8.398942405620e-03
51350    9.303199726427e+02    9.709064596729e-03    8.387982818931e-03
51360    9.304859570281e+02    9.704758500387e-03    8.383337160922e-03
51370    9.305961456363e+02    9.706864669952e-03    8.385776447540e-03
51380    9.307253364958e+02    9.716489647063e-03    8.395257165830e-03
51390    9.307746818006e+02    9.725080858733e-03    8.405088825384e-03
51400    9.308644386005e+02    9.737954181420e-03    8.418119964517e-03
51410    9.309866976007e+02    9.762695641437e-03    8.442400493550e-03
51420    9.311093858485e+02    9.761297232155e-03    8.439645528597e-03
51430    9.312812684169e+02    9.740838770517e-03    8.415541551585e-03
51440    9.314130918755e+02    9.723832063415e-03    8.395933412430e-03
51450    9.315401728765e+02    9.714391417226e-03    8.383879365283e-03
51460    9.316971305635e+02    9.711317442667e-03    8.377195585126e-03
51470    9.318670874099e+02    9.718266895119e-03    8.380024638427e-03
51480    9.319869706611e+02    9.733022487511e-03    8.392913526222e-03
51490    9.320470188201e+02    9.743304456199e-03    8.403182409893e-03
51500    9.320657495939e+02    9.749121619822e-03    8.410209074100e-03
51510    9.321107736737e+02    9.757653021066e-03    8.418783834713e-03
51520    9.322096953396e+02    9.776603753258e-03    8.435904245744e-03
51530    9.323798538546e+02    9.769037548485e-03    8.423106466580e-03
51540    9.324676228899e+02    9.755248156903e-03    8.407295793404e-03
51550    9.326348873731e+02    9.739773038580e-03    8.386604788939e-03
51560    9.328100419255e+02    9.728898609429e-03    8.370841570468e-03
51570    9.329734294220e+02    9.727590809070e-03    8.365892412257e-03
51580    9.331176657486e+02    9.735321261619e-03    8.371505707146e-03
51590    9.333020448946e+02    9.756801350318e-03    8.390635684918e-03
51600    9.334401983522e+02    9.785572495661e-03    8.419279214650e-03
51610    9.336270172495e+02    9.775381351544e-03    8.407554383666e-03
51620    9.337924234217e+02    9.753441178378e-03    8.385121622268e-03
51630    9.339886567869e+02    9.736916299983e-03    8.368656867788e-03
51640    9.341012204979e+02    9.729398285090e-03    8.362751990717e-03
51650    9.342411353607e+02    9.729249851490e-03    8.364346135750e-03
51660    9.344411353607e+02    9.742751581127e-03    8.380498317820e-03
51670    9.346411353607e+02    9.772574506235e-03    8.414211225499e-03
51680    9.348194183247e+02    9.770098744125e-03    8.415370150033e-03
51690    9.348840599533e+02    9.758286665390e-03    8.406200356148e-03
51700    9.349416989454e+02    9.749759935752e-03    8.399929149164e-03
51710    9.350889730711e+02    9.734742098292e-03    8.387549258259e-03
51720    9.351910236945e+02    9.722874000192e-03    8.378269752939e-03
51730    9.352717146502e+02    9.716902029623e-03    8.374626645491e-03
51740    9.354318970638e+02    9.715380977094e-03    8.376122617847e-03
51750    9.356309505470e+02    9.726292591512e-03    8.390603029511e-03
51760    9.358309505470e+02    9.753538377496e-03    8.421676850958e-03
51770    9.360261000565e+02    9.761579320918e-03    8.432654737589e-03
51780    9.362261000565e+02    9.737209389262e-03    8.409913595642e-03
51790    9.363833539988e+02    9.719759579259e-03    8.394050561947e-03
51800    9.365833304934e+02    9.711234537462e-03    8.386689895815e-03
51810    9.366961125099e+02    9.712037208914e-03    8.389183110012e-03
51820    9.367382463071e+02    9.713135751072e-03    8.392014370656e-03
51830    9.368475305259e+02    9.720874558057e-03    8.400756594710e-03
51840    9.370448800829e+02    9.747460610640e-03    8.427559652773e-03
51850    9.371120382202e+02    9.768219609201e-03    8.449902335087e-03
51860    9.372439121647e+02    9.763326494485e-03    8.444631458588e-03
51870    9.374192957039e+02    9.742162751989e-03    8.421382165579e-03
51880    9.376138853875e+02    9.723345095372e-03    8.399616455790e-03
51890    9.377191254500e+02    9.714512425621e-03    8.389952478865e-03
51900    9.378315413814e+02    9.712292525528e-03    8.386483090362e-03
51910    9.380234867242e+02    9.721784897019e-03    8.392488678510e-03
51920    9.381561104936e+02    9.739620489243e-03    8.408671377765e-03
51930    9.383159046881e+02    9.766976423172e-03    8.433292693553e-03
51940    9.384684183637e+02    9.771095954137e-03    8.434205207777e-03
51950    9.385554799796e+02    9.758821218389e-03    8.420304496212e-03
51960    9.385717958914e+02    9.753591782948e-03    8.415991045695e-03
51970    9.386137862314e+02    9.748111446205e-03    8.410239610384e-03
51980    9.387066196157e+02    9.739379017362e-03    8.399147731325e-03
51990    9.387525209889e+02    9.732140382381e-03    8.391258418669e-03
52000    9.388381749615e+02    9.726445646202e-03    8.383348185816e-03
52010    9.389365812628e+02    9.722242821114e-03    8.376440694519e-03
52020    9.390736584654e+02    9.723037915820e-03    8.373151122214e-03
52030    9.392482927768e+02    9.734402802004e-03    8.379300863453e-03
52040    9.393137320728e+02    9.743836288962e-03    8.387890074118e-03
52050    9.394145352589e+02    9.758944947281e-03    8.400872107813e-03
52060    9.395520216010e+02    9.785093824648e-03    8.423954091086e-03
52070    9.397008656489e+02    9.785295407010e-03    8.420388541708e-03
52080    9.398991808301e+02    9.763456902678e-03    8.393062086725e-03
52090    9.399875989152e+02    9.749850437050e-03    8.378194762372e-03
52100    9.400984071622e+02    9.741018584098e-03    8.367711050596e-03
52110    9.401897769076e+02    9.735744466015e-03    8.361666852579e-03
52120    9.402170862693e+02    9.733018485870e-03    8.359632805877e-03
52130    9.402870275676e+02    9.732609208369e-03    8.359037849914e-03
52140    9.404374269508e+02    9.738991055671e-03    8.364248052203e-03
52150    9.405298708362e+02    9.749410850865e-03    8.375035618883e-03
52160    9.406707030132e+02    9.768458587350e-03    8.394438681535e-03
52170    9.407780436941e+02    9.791629257607e-03    8.418868624176e-03
52180    9.409051000389e+02    9.789620531905e-03    8.417850801379e-03
52190    9.410257018047e+02    9.774424666125e-03    8.403558213104e-03
52200    9.411923336827e+02    9.753684849203e-03    8.384022102291e-03
52210    9.413652384922e+02    9.738277558086e-03    8.370660866603e-03
52220    9.415008258033e+02    9.732294415169e-03    8.367316560907e-03
52230    9.415653472551e+02    9.730928952441e-03    8.368172892006e-03
52240    9.417211674120e+02    9.737618617068e-03    8.378406918382e-03
52250    9.419077439726e+02    9.759750635991e-03    8.405238061641e-03
52260    9.420739160224e+02    9.782496253555e-03    8.432680610895e-03
52270    9.422738531107e+02    9.758684944136e-03    8.412821346610e-03
52280    9.423618764825e+02    9.741501628531e-03    8.398183209465e-03
52290    9.424536147637e+02    9.730431939871e-03    8.389600564442e-03
52300    9.426419926746e+02    9.719030973493e-03    8.381691395698e-03
52310    9.428355715072e+02    9.718549889017e-03    8.384630494220e-03
52320    9.430012946032e+02    9.729982845644e-03    8.399150899095e-03
52330    9.431872542095e+02    9.756395689380e-03    8.428641376668e-03
52340    9.433780057904e+02    9.762777205709e-03    8.437105838311e-03
52350    9.435398784156e+02    9.742383248766e-03    8.417498978815e-03
52360    9.437287292382e+02    9.722974125892e-03    8.398165526160e-03
52370    9.437882223107e+02    9.714288323804e-03    8.390483701078e-03
52380    9.438693984426e+02    9.709644894368e-03    8.386443166273e-03
52390    9.440293038119e+02    9.711248432622e-03    8.387676278289e-03
52400    9.441015660360e+02    9.715157260899e-03    8.392160513722e-03
52410    9.441999283689e+02    9.724794493112e-03    8.401971210333e-03
52420    9.443373304176e+02    9.743456522374e-03    8.420121466770e-03
52430    9.445328217637e+02    9.770036824320e-03    8.444821945886e-03
52440    9.445971570366e+02    9.764319037476e-03    8.439151288258e-03
52450    9.447076531157e+02    9.751636762032e-03    8.424927734268e-03
52460    9.449010103061e+02    9.732948815709e-03    8.401970973864e-03
52470    9.450779837498e+02    9.721861128476e-03    8.386925434934e-03
52480    9.452669841376e+02    9.723158406707e-03    8.383976671212e-03
52490    9.454423239218e+02    9.737055430040e-03    8.394256075917e-03
52500    9.456356684647e+02    9.767739491968e-03    8.421095348240e-03
52510    9.458308292884e+02    9.777713483518e-03    8.426679131844e-03
52520    9.459540167571e+02    9.761393227863e-03    8.407741289375e-03
52530    9.460924865148e+02    9.746200817359e-03    8.389342077862e-03
52540    9.462502990462e+02    9.735204782692e-03    8.374662635106e-03
52550    9.464330423954e+02    9.733270616301e-03    8.368737531782e-03
52560    9.466055100623e+02    9.742451590775e-03    8.374894643566e-03
52570    9.467353276436e+02    9.759272558815e-03    8.390466550736e-03
52580    9.469092935487e+02    9.789597414375e-03    8.418936398812e-03
52590    9.470649385209e+02    9.787989394166e-03    8.415679446443e-03
52600    9.472123773665e+02    9.769144314128e-03    8.395208121328e-03
52610    9.473536764271e+02    9.751086825054e-03    8.376071882594e-03
52620    9.474893215905e+02    9.740701116811e-03    8.365238977603e-03
52630    9.475837098446e+02    9.735988323621e-03    8.361049758605e-03
52640    9.477297037592e+02    9.737944851528e-03    8.363379819457e-03
52650    9.478709385197e+02    9.749199692372e-03    8.375869348129e-03
52660    9.479354801554e+02    9.759390844582e-03    8.387882651732e-03
52670    9.479561373892e+02    9.764422005864e-03    8.394689495617e-03
52680    9.480057818297e+02    9.772204224655e-03    8.404065635659e-03
52690    9.481182199887e+02    9.790774294229e-03    8.424435482993e-03
52700    9.482250089933e+02    9.794973229350e-03    8.430373786723e-03
52710    9.483660349353e+02    9.776896413036e-03    8.413602437940e-03
52720    9.484568176144e+02    9.759465925809e-03    8.397623030760e-03
52730    9.485389442220e+02    9.747162742644e-03    8.386883554522e-03
52740    9.486768146956e+02    9.735630415299e-03    8.377221260162e-03
52750    9.487973139519e+02    9.728693372173e-03    8.372436271202e-03
52760    9.489073818473e+02    9.727444331383e-03    8.373490421036e-03
52770    9.490372483715e+02    9.733654550629e-03    8.382458837332e-03
52780    9.491731803476e+02    9.747873200424e-03    8.399717542488e-03
52790    9.492473815939e+02    9.762228955053e-03    8.416763846981e-03
52800    9.492966693069e+02    9.773743864550e-03    8.430586966824e-03
52810    9.493728807803e+02    9.791073782782e-03    8.450426457784e-03
52820    9.494788169605e+02    9.782523206773e-03    8.443765123957e-03
52830    9.496105426973e+02    9.763309113057e-03    8.426051183960e-03
52840    9.497397296657e+02    9.742931230771e-03    8.407031214119e-03
52850    9.497737017815e+02    9.733269041852e-03    8.398830991609e-03
52860    9.497966559324e+02    9.727980310081e-03    8.394902565669e-03
52870    9.498481769433e+02    9.722640693841e-03    8.390764483011e-03
52880    9.499352902815e+02    9.717264228098e-03    8.386410297135e-03
52890    9.500269698519e+02    9.714246014894e-03    8.384303540879e-03
52900    9.501441697771e+02    9.715683242944e-03    8.386427146434e-03
52910    9.502487299583e+02    9.721673671912e-03    8.393097096814e-03
52920    9.503338439980e+02    9.731388459173e-03    8.403642998928e-03
52930    9.504046307449e+02    9.742277246101e-03    8.415393600444e-03
52940    9.504829542131e+02    9.756569165942e-03    8.430379740275e-03
52950    9.505535103022e+02    9.773328388204e-03    8.447902222542e-03
52960    9.506795783817e+02    9.780048263067e-03    8.454004281703e-03
52970    9.507787024094e+02    9.765238352823e-03    8.438392052994e-03
52980    9.509272726662e+02    9.746367496243e-03    8.417263672527e-03
52990    9.510506558644e+02    9.731639722663e-03    8.400817181609e-03
53000    9.511758625211e+02    9.722929011420e-03    8.390351573325e-03
53010    9.512145341214e+02    9.718677228476e-03    8.386669808715e-03
53020    9.513052144347e+02    9.718014284461e-03    8.385075084334e-03
53030    9.514228374500e+02    9.722758327125e-03    8.388179988287e-03
53040    9.515591215586e+02    9.735623989997e-03    8.399017935517e-03
53050    9.516983775902e+02    9.758479858165e-03    8.419995536315e-03
53060    9.517901571136e+02    9.779833179246e-03    8.440820985015e-03
53070    9.519615063595e+02    9.779649241486e-03    8.436932185759e-03
53080    9.521261970049e+02    9.757768839159e-03    8.411035311838e-03
53090    9.522493061095e+02    9.743038968895e-03    8.393866784900e-03
53100    9.523254446781e+02    9.734392151464e-03    8.384439200199e-03
53110    9.524321501464e+02    9.729243032733e-03    8.377511984690e-03
53120    9.525105249431e+02    9.727621017067e-03    8.375110997804e-03
53130    9.526577881085e+02    9.733095489274e-03    8.377743732126e-03
53140    9.528558180500e+02    9.754175933065e-03    8.395049692808e-03
53150    9.529326895870e+02    9.772961000960e-03    8.414101213020e-03
53160    9.530519171330e+02    9.797014363921e-03    8.437040732133e-03
53170    9.532134883536e+02    9.786676290899e-03    8.423637870692e-03
53180    9.534129444575e+02    9.762930425948e-03    8.395716564337e-03
53190    9.536129444575e+02    9.746721058454e-03    8.376099761335e-03
53200    9.538099859686e+02    9.743697861138e-03    8.370723449843e-03
53210    9.539584778907e+02    9.752494086850e-03    8.379084410990e-03
53220    9.541005352479e+02    9.768347750121e-03    8.394863213653e-03
53230    9.542831862537e+02    9.801872136815e-03    8.428358406491e-03
53240    9.544096562842e+02    9.795479775988e-03    8.422293173680e-03
53250    9.546019312968e+02    9.771828535199e-03    8.397781601161e-03
53260    9.547178746814e+02    9.755044342495e-03    8.381575165913e-03
53270    9.548541903171e+02    9.745542741867e-03    8.372584932658e-03
53280    9.550541903171e+02    9.744458047614e-03    8.372096256608e-03
53290    9.552541903171e+02    9.758280862597e-03    8.387503657104e-03
53300    9.554541903171e+02    9.789132003312e-03    8.420864934124e-03
53310    9.556379330651e+02    9.792480418610e-03    8.426543351561e-03
53320    9.558222716708e+02    9.768484677469e-03    8.404241651988e-03
53330    9.560117429003e+02    9.749284962155e-03    8.386938458898e-03
53340    9.561826582410e+02    9.740822641240e-03    8.380753371057e-03
53350    9.563585538902e+02    9.744243625283e-03    8.386601223719e-03
53360    9.565585538902e+02    9.764233920545e-03    8.409375890551e-03
53370    9.566548178744e+02    9.785778677278e-03    8.433763593530e-03
53380    9.568021747416e+02    9.797376613123e-03    8.447462522781e-03
53390    9.569508413019e+02    9.777993655413e-03    8.429057612375e-03
53400    9.571391447073e+02    9.755727482582e-03    8.407040383645e-03
53410    9.572143098716e+02    9.744110313699e-03    8.396504440498e-03
53420    9.573445772965e+02    9.737055828460e-03    8.389843848818e-03
53430    9.574422530133e+02    9.735357760022e-03    8.388795498831e-03
53440    9.575594785293e+02    9.739634351139e-03    8.393448012612e-03
53450    9.576839139340e+02    9.752236149837e-03    8.406395921156e-03
53460    9.577554672667e+02    9.762940431251e-03    8.417947671660e-03
53470    9.578421265528e+02    9.778423328334e-03    8.433977433924e-03
53480    9.580071078582e+02    9.799214285467e-03    8.453874637780e-03
53490    9.581997188638e+02    9.778500613226e-03    8.430293366473e-03
53500    9.583592862202e+02    9.759449282293e-03    8.408800961661e-03
53510    9.585531623121e+02    9.747102525007e-03    8.393062370487e-03
53520    9.586784488872e+02    9.744378048511e-03    8.389020342292e-03
53530    9.587654770829e+02    9.747451354226e-03    8.391890589337e-03
53540    9.588077033936e+02    9.749816134625e-03    8.394995084927e-03
53550    9.589163611396e+02    9.759705930832e-03    8.403896867094e-03
53560    9.590249553016e+02    9.776525551356e-03    8.419925971793e-03
53570    9.591422695873e+02    9.801079752295e-03    8.443688707302e-03
53580    9.592277018287e+02    9.809611498857e-03    8.452035744995e-03
53590    9.592814701378e+02    9.804728000287e-03    8.447283865280e-03
53600    9.594051567144e+02    9.788852472837e-03    8.429220866674e-03
53610    9.594691547677e+02    9.776042117966e-03    8.415948125730e-03
53620    9.595868384953e+02    9.763756996783e-03    8.401698957641e-03
53630    9.596927157009e+02    9.753869716265e-03    8.390358147153e-03
53640    9.598069937993e+02    9.748872030751e-03    8.383899963519e-03
53650    9.598950882170e+02    9.747915592431e-03    8.382348507439e-03
53660    9.599812697475e+02    9.750832173257e-03    8.384874801777e-03
53670    9.600264384401e+02    9.754090519198e-03    8.388753721192e-03
53680    9.601005374012e+02    9.760294828676e-03    8.394890941418e-03
53690    9.601833770067e+02    9.772663598919e-03    8.407257420004e-03
53700    9.602220984262e+02    9.780147020515e-03    8.415601778324e-03
53710    9.603086570593e+02    9.794991583544e-03    8.430392533228e-03
53720    9.604598562910e+02    9.812292261924e-03    8.446418710264e-03
53730    9.605284556753e+02    9.803680878054e-03    8.437841170235e-03
53740    9.605833775988e+02    9.794739645965e-03    8.429076357970e-03
53750    9.606798023561e+02    9.780820562097e-03    8.414310194894e-03
53760    9.607549706650e+02    9.769528411698e-03    8.402685265537e-03
53770    9.608574083809e+02    9.758885299396e-03    8.391213069444e-03
53780    9.609958814888e+02    9.751470695325e-03    8.382403965697e-03
53790    9.610604593422e+02    9.747929810648e-03    8.379231067011e-03
53800    9.611430298475e+02    9.748080742728e-03    8.379446095205e-03
53810    9.612423735570e+02    9.752614117290e-03    8.383893448809e-03
53820    9.613411104875e+02    9.761561677084e-03    8.392947349421e-03
53830    9.614272635987e+02    9.774871695135e-03    8.406819500124e-03
53840    9.614885252575e+02    9.786694307665e-03    8.419561662777e-03
53850    9.615707609960e+02    9.802785073966e-03    8.436266119134e-03
53860    9.616987727497e+02    9.811739403489e-03    8.444962418253e-03
53870    9.618033554086e+02    9.797118337811e-03    8.429868670646e-03
53880    9.619101074744e+02    9.781174452889e-03    8.413307256887e-03
53890    9.620173387353e+02    9.766922961127e-03    8.398458819102e-03
53900    9.621186833780e+02    9.756166804209e-03    8.387323205170e-03
53910    9.621977499282e+02    9.749634088447e-03    8.380931686588e-03
53920    9.622795672878e+02    9.746442407565e-03    8.377881209526e-03
53930    9.623685944821e+02    9.746679836719e-03    8.378237568650e-03
53940    9.624732874752e+02    9.751431867296e-03    8.382979003727e-03
53950    9.625985547598e+02    9.763279146276e-03    8.394719099670e-03
53960    9.627584174027e+02    9.790164122533e-03    8.421478503806e-03
53970    9.627912626699e+02    9.803170549069e-03    8.436254444860e-03
53980    9.628701756812e+02    9.817657416136e-03    8.451559042442e-03
53990    9.630182312394e+02    9.801297283408e-03    8.433950574727e-03
54000    9.630791592576e+02    9.786980816002e-03    8.419987956586e-03
54010    9.631908099637e+02    9.773013217572e-03    8.405367315390e-03
54020    9.632669275812e+02    9.761142029936e-03    8.393558468924e-03
54030    9.633864428375e+02    9.752399452167e-03    8.384143096009e-03
54040    9.634257501518e+02    9.747012764433e-03    8.379615765989e-03
54050    9.634561416247e+02    9.744013727288e-03    8.377510134778e-03
54060    9.635330241134e+02    9.742869334602e-03    8.376478450373e-03
54070    9.636846751516e+02    9.748129847004e-03    8.380735458559e-03
54080    9.637935604143e+02    9.760108982435e-03    8.392811820158e-03
54090    9.638569355187e+02    9.769059221806e-03    8.402458124692e-03
54100    9.640018835660e+02    9.791565206666e-03    8.424538967120e-03
54110    9.641233561581e+02    9.810883586867e-03    8.443931942566e-03
54120    9.643018148041e+02    9.790369184332e-03    8.421343344708e-03
54130    9.644963800636e+02    9.767386944689e-03    8.396057869504e-03
54140    9.646686492017e+02    9.754285812273e-03    8.381588639168e-03
54150    9.647564730064e+02    9.749593644436e-03    8.377293055673e-03
54160    9.649386505479e+02    9.755457717767e-03    8.382108449041e-03
54170    9.650983221304e+02    9.773216586162e-03    8.399699833717e-03
54180    9.652904255458e+02    9.806494697198e-03    8.432663602434e-03
54190    9.654904255458e+02    9.796283141011e-03    8.421221466961e-03
54200    9.656904255458e+02    9.772704357668e-03    8.396159529184e-03
54210    9.658420703424e+02    9.757929298185e-03    8.381150121750e-03
54220    9.660252448036e+02    9.753590342954e-03    8.376515194868e-03
54230    9.661925735691e+02    9.760563312812e-03    8.383981723455e-03
54240    9.663925735691e+02    9.784136644849e-03    8.408433919612e-03
54250    9.664892576974e+02    9.806905106587e-03    8.433219459221e-03
54260    9.666375814942e+02    9.807786325113e-03    8.435019418357e-03
54270    9.668135135747e+02    9.785452363099e-03    8.412729866905e-03
54280    9.669870287064e+02    9.764990121206e-03    8.392496083616e-03
54290    9.670935394906e+02    9.754303339256e-03    8.382875204916e-03
54300    9.671485556358e+02    9.749543723710e-03    8.379481604607e-03
54310    9.672508336000e+02    9.748457696751e-03    8.379430530113e-03
54320    9.674021798353e+02    9.756189691983e-03    8.387363109250e-03
54330    9.674270182847e+02    9.759371553160e-03    8.392870954594e-03
54340    9.674899075880e+02    9.765820468724e-03    8.400574410189e-03
54350    9.676351762647e+02    9.784879261212e-03    8.420511242548e-03
54360    9.677211814129e+02    9.807198027306e-03    8.444266007245e-03
54370    9.678037519686e+02    9.814475117968e-03    8.452509819108e-03
54380    9.678735461507e+02    9.804168290696e-03    8.442681085398e-03
54390    9.679316577383e+02    9.795413083520e-03    8.434432420472e-03
54400    9.680641699562e+02    9.778473681145e-03    8.416807816502e-03
54410    9.681095495009e+02    9.768090025855e-03    8.406872701926e-03
54420    9.681772774026e+02    9.760234408021e-03    8.399132057093e-03
54430    9.682048428974e+02    9.754850620841e-03    8.394386733926e-03
54440    9.682748386508e+02    9.750015813066e-03    8.389521203753e-03
54450    9.684094963342e+02    9.747026375424e-03    8.385382497181e-03
54460    9.684424917228e+02    9.745843756926e-03    8.384744894101e-03
54470    9.684936274974e+02    9.746413943002e-03    8.385484700739e-03
54480    9.686233980685e+02    9.753622100333e-03    8.391405384828e-03
54490    9.688059345765e+02    9.776489368748e-03    8.411875455749e-03
54500    9.688743130381e+02    9.793850351486e-03    8.429384540250e-03
54510    9.689519802587e+02    9.813212025774e-03    8.448580655568e-03
54520    9.690508896426e+02    9.816559857209e-03    8.450724238173e-03
54530    9.692164740011e+02    9.796268623173e-03    8.426477355897e-03
54540    9.693501265747e+02    9.777931165420e-03    8.405135105932e-03
54550    9.694299314159e+02    9.766985875916e-03    8.393037577662e-03
54560    9.695345764001e+02    9.759921941318e-03    8.384114601540e-03
54570    9.696338263912e+02    9.756837832911e-03    8.379469288229e-03
54580    9.696761082669e+02    9.755539722621e-03    8.378319689655e-03
54590    9.697504749491e+02    9.757571462459e-03    8.379600777516e-03
54600    9.697987421222e+02    9.760132589487e-03    8.382154652281e-03
54610    9.698530976790e+02    9.765125519667e-03    8.387014488108e-03
54620    9.699125676247e+02    9.771578903594e-03    8.393198570047e-03
54630    9.699502175555e+02    9.777681055619e-03    8.399595043556e-03
54640    9.700431345522e+02    9.790881023309e-03    8.411755911766e-03
54650    9.701648027719e+02    9.817134933998e-03    8.436631845143e-03
54660    9.702070282253e+02    9.831604167161e-03    8.451637943836e-03
54670    9.702912683036e+02    9.823999959687e-03    8.442794935036e-03
54680    9.703228239592e+02    9.817952117861e-03    8.436943860943e-03
54690    9.704005997051e+02    9.807140373442e-03    8.424973131696e-03
54700    9.704856096000e+02    9.793776527837e-03    8.410247120992e-03
54710    9.705467240208e+02    9.783571238531e-03    8.399429873862e-03
54720    9.706359121460e+02    9.774132013264e-03    8.388753924919e-03
54730    9.707412769370e+02    9.765935054495e-03    8.379084602893e-03
54740    9.708398034053e+02    9.761962599218e-03    8.374051250939e-03
54750    9.709325443154e+02    9.761742569265e-03    8.373155943445e-03
54760    9.709848453987e+02    9.762976957259e-03    8.374705259484e-03
54770    9.710619264819e+02    9.767064429457e-03    8.378690278732e-03
54780    9.711427429074e+02    9.775074846174e-03    8.386729939048e-03
54790    9.712460301178e+02    9.789731608339e-03    8.401304909967e-03
54800    9.713640825055e+02    9.811328542941e-03    8.422900959886e-03
54810    9.714083767132e+02    9.828655348194e-03    8.441509046861e-03
54820    9.714465937124e+02    9.835377606267e-03    8.449242296592e-03
54830    9.715027806539e+02    9.828037274497e-03    8.442209038549e-03
54840    9.715881497141e+02    9.815450812490e-03    8.429393254119e-03
54850    9.716545375120e+02    9.802177052769e-03    8.416132524872e-03
54860    9.716973388838e+02    9.792943505366e-03    8.407322442508e-03
54870    9.717816978703e+02    9.781208946594e-03    8.395414854931e-03
54880    9.718303488909e+02    9.773219257622e-03    8.387810567001e-03
54890    9.719294128086e+02    9.764510662388e-03    8.378837473174e-03
54900    9.719697713427e+02    9.759338855283e-03    8.374258443837e-03
54910    9.720701261823e+02    9.755855788692e-03    8.370651404221e-03
54920    9.721739524864e+02    9.756123385325e-03    8.370900415684e-03
54930    9.722589940679e+02    9.759684103028e-03    8.374839497264e-03
54940    9.723478325298e+02    9.768115112491e-03    8.383756667172e-03
54950    9.723724727217e+02    9.771845006286e-03    8.388679819291e-03
54960    9.724314421472e+02    9.779079408604e-03    8.396679303587e-03
54970    9.725496613548e+02    9.796858053096e-03    8.414731260018e-03
54980    9.726330865166e+02    9.818497523474e-03    8.437269498245e-03
54990    9.727208368851e+02    9.819053338827e-03    8.438120122264e-03
55000    9.728196475844e+02    9.805702763405e-03    8.424501634181e-03
55010    9.729882296080e+02    9.782650542734e-03    8.399869330788e-03
55020    9.731113877298e+02    9.766938460790e-03    8.383593665712e-03
55030    9.731872868269e+02    9.757940080782e-03    8.374956236366e-03
55040    9.732951946897e+02    9.752617688138e-03    8.369637180294e-03
55050    9.733888555423e+02    9.751470828937e-03    8.368827622689e-03
55060    9.735623739108e+02    9.760978464012e-03    8.377935119825e-03
55070    9.736812337721e+02    9.775875440826e-03    8.393511647228e-03
55080    9.738051609126e+02    9.799070904884e-03    8.417608216405e-03
55090    9.739374544772e+02    9.813502685392e-03    8.432649355200e-03
55100    9.740914882295e+02    9.792079914170e-03    8.410716261096e-03
55110    9.742776408939e+02    9.770092487524e-03    8.387956951083e-03
55120    9.743715453924e+02    9.757154314753e-03    8.375759011869e-03
55130    9.745270222747e+02    9.749717096089e-03    8.368462939870e-03
55140    9.745727727793e+02    9.746541615057e-03    8.366789180400e-03
55150    9.746808888675e+02    9.748471187460e-03    8.369557374863e-03
55160    9.748086340449e+02    9.757191855461e-03    8.379079055885e-03
55170    9.749322710585e+02    9.774346767546e-03    8.397367370890e-03
55180    9.750521772511e+02    9.798720976361e-03    8.423094105638e-03
55190    9.751249110044e+02    9.813823687296e-03    8.439806314527e-03
55200    9.752777490768e+02    9.795390996179e-03    8.421151961556e-03
55210    9.753642289024e+02    9.778332748270e-03    8.404603300733e-03
55220    9.754415271561e+02    9.767077808097e-03    8.393954826715e-03
55230    9.755971874092e+02    9.753750814611e-03    8.380009483517e-03
55240    9.757834412038e+02    9.746724928249e-03    8.371921504477e-03
55250    9.759032208183e+02    9.748647357039e-03    8.374140814340e-03
55260    9.760090401953e+02    9.755193657667e-03    8.381166188883e-03
55270    9.761774617498e+02    9.775542909200e-03    8.401108023463e-03
55280    9.763061270614e+02    9.804687896802e-03    8.430834001956e-03
55290    9.764269066093e+02    9.802838941108e-03    8.428909697614e-03
55300    9.765016064423e+02    9.792875938742e-03    8.419396342106e-03
55310    9.765466964853e+02    9.782859398522e-03    8.410254551563e-03
55320    9.765803770471e+02    9.776801355135e-03    8.405218214648e-03
55330    9.766527567330e+02    9.767902290482e-03    8.396331140830e-03
55340    9.767367404215e+02    9.757720286867e-03    8.385789131353e-03
55350    9.768292063199e+02    9.750375831001e-03    8.377898033359e-03
55360    9.769473847826e+02    9.745299008296e-03    8.371773061299e-03
55370    9.769734137571e+02    9.742679181756e-03    8.370142430067e-03
55380    9.770394863751e+02    9.742472279273e-03    8.369990753636e-03
55390    9.771733064255e+02    9.748779289167e-03    8.374888884646e-03
55400    9.772901916687e+02    9.763097412978e-03    8.388447287871e-03
55410    9.773615840519e+02    9.774392293208e-03    8.399932643442e-03
55420    9.774651905029e+02    9.795728797903e-03    8.420899825978e-03
55430    9.775353808116e+02    9.813623817983e-03    8.439107221420e-03
55440    9.775988094665e+02    9.816771083917e-03    8.442363871836e-03
55450    9.776370206403e+02    9.813175964297e-03    8.439219555839e-03
55460    9.777189224873e+02    9.801882578322e-03    8.426947381849e-03
55470    9.778810819766e+02    9.782371135767e-03    8.404014342887e-03
55480    9.779647056541e+02    9.768292832531e-03    8.388910906433e-03
55490    9.780997690247e+02    9.759026929051e-03    8.377278917578e-03
55500    9.782953634117e+02    9.757486534972e-03    8.371953405913e-03
55510    9.783640358249e+02    9.759321357762e-03    8.373889918403e-03
55520    9.784633179569e+02    9.766877630651e-03    8.380720853893e-03
55530    9.785827996556e+02    9.782067486077e-03    8.394809206948e-03
55540    9.787233816524e+02    9.810572956585e-03    8.422051527305e-03
55550    9.788648672271e+02    9.819955633283e-03    8.429659205831e-03
55560    9.790222405796e+02    9.798434439810e-03    8.405155303990e-03
55570    9.791730454683e+02    9.780843055928e-03    8.384742647650e-03
55580    9.792718802356e+02    9.768920189336e-03    8.371734618777e-03
55590    9.793139546049e+02    9.762924073561e-03    8.366324216695e-03
55600    9.793707240725e+02    9.759346681879e-03    8.362723763639e-03
55610    9.794724425516e+02    9.758727913313e-03    8.360697581338e-03
55620    9.796084217880e+02    9.765299802850e-03    8.365028373191e-03
55630    9.796997220994e+02    9.773615019290e-03    8.372499522920e-03
55640    9.798106699167e+02    9.790780307155e-03    8.388527913667e-03
55650    9.799031154005e+02    9.807987982000e-03    8.405107767430e-03
55660    9.800588427410e+02    9.828522259020e-03    8.423285851677e-03
55670    9.801985798464e+02    9.811051194543e-03    8.403162344621e-03
55680    9.802849998302e+02    9.797056373625e-03    8.388286920308e-03
55690    9.804147921542e+02    9.783387797872e-03    8.372505582884e-03
55700    9.805334864765e+02    9.773559446826e-03    8.361141467503e-03
55710    9.805765680353e+02    9.767770517018e-03    8.356071832168e-03
55720    9.806421887601e+02    9.764969070405e-03    8.353296435416e-03
55730    9.807573646593e+02    9.766423492410e-03    8.353740007806e-03
55740    9.808437277796e+02    9.771549912338e-03    8.358842129383e-03
55750    9.809542197943e+02    9.781372598565e-03    8.368290693397e-03
55760    9.811519821340e+02    9.811054652212e-03    8.396749212807e-03
55770    9.813519821340e+02    9.821173369482e-03    8.406107843257e-03
55780    9.815505730794e+02    9.796155679840e-03    8.380374139961e-03
55790    9.817072844203e+02    9.777518898266e-03    8.362478128220e-03
55800    9.818266509814e+02    9.768389364859e-03    8.354885540939e-03
55810    9.819664151357e+02    9.765886410587e-03    8.354267060895e-03
55820    9.821255603505e+02    9.773865561048e-03    8.364714376512e-03
55830    9.822054188214e+02    9.782448368907e-03    8.375936654375e-03
55840    9.823707558892e+02    9.806808959189e-03    8.403373120018e-03
55850    9.824558367782e+02    9.829652040923e-03    8.429368352154e-03
55860    9.824816347691e+02    9.832847770327e-03    8.434967610810e-03
55870    9.825459300681e+02    9.824605314352e-03    8.428594746874e-03
55880    9.826944667171e+02    9.802925155342e-03    8.408287485508e-03
55890    9.827265131575e+02    9.789887211765e-03    8.396954683121e-03
55900    9.827576512338e+02    9.782566408380e-03    8.391201336963e-03
55910    9.828068261315e+02    9.774978308866e-03    8.385000780436e-03
55920    9.829231583917e+02    9.764300219093e-03    8.375337530197e-03
55930    9.830782825543e+02    9.756076714582e-03    8.367823145818e-03
55940    9.831713377305e+02    9.754037687137e-03    8.366955377824e-03
55950    9.833223047336e+02    9.759972716469e-03    8.373452707019e-03
55960    9.834680714223e+02    9.777141145052e-03    8.391415476581e-03
55970    9.836205090807e+02    9.803727995055e-03    8.418597972195e-03
55980    9.837286632209e+02    9.817724350284e-03    8.433513299678e-03
55990    9.838281105745e+02    9.806192722745e-03    8.422000821156e-03
56000    9.839651632669e+02    9.787475481613e-03    8.402041469708e-03
56010    9.840290781671e+02    9.774427902237e-03    8.389395031372e-03
56020    9.841347994116e+02    9.763513588185e-03    8.377698816730e-03
56030    9.842544963993e+02    9.755535409635e-03    8.368526212507e-03
56040    9.842880682265e+02    9.751470142155e-03    8.365448150471e-03
56050    9.843700441660e+02    9.750390456637e-03    8.363925377125e-03
56060    9.844624944915e+02    9.752928153378e-03    8.365698777197e-03
56070    9.845744105685e+02    9.762053631347e-03    8.373610337912e-03
56080    9.846615275712e+02    9.773746057251e-03    8.384810357711e-03
56090    9.847734182230e+02    9.791707548151e-03    8.401511612647e-03
56100    9.848912964630e+02    9.820568803303e-03    8.429246856394e-03
56110    9.850260209122e+02    9.814773280905e-03    8.420730586295e-03
56120    9.851842718610e+02    9.792394286703e-03    8.394344064982e-03
56130    9.852867519966e+02    9.778305924064e-03    8.378314168112e-03
56140    9.853977283013e+02    9.767053673261e-03    8.364860689653e-03
56150    9.855203809095e+02    9.761272109468e-03    8.356584715330e-03
56160    9.856543473162e+02    9.761949678252e-03    8.354599853192e-03
56170    9.857296462266e+02    9.766049049734e-03    8.358223722098e-03
56180    9.857991316469e+02    9.771722550317e-03    8.363497180653e-03
56190    9.858995890104e+02    9.783746765180e-03    8.374185218599e-03
56200    9.860545737141e+02    9.810165797426e-03    8.397814197451e-03
56210    9.861906496716e+02    9.827221291200e-03    8.412675547333e-03
56220    9.862463028990e+02    9.820981696893e-03    8.406275002017e-03
56230    9.863573462292e+02    9.807024850467e-03    8.389901417104e-03
56240    9.864196729469e+02    9.793677111157e-03    8.375813933526e-03
56250    9.864599575908e+02    9.786507975969e-03    8.368635697479e-03
56260    9.865393919951e+02    9.778212937694e-03    8.358974172552e-03
56270    9.866709623379e+02    9.770104093381e-03    8.347844544915e-03
56280    9.868003792520e+02    9.766993841804e-03    8.342081176124e-03
56290    9.869417535122e+02    9.771672645250e-03    8.344178174411e-03
56300    9.870039219399e+02    9.776541983321e-03    8.348991788807e-03
56310    9.871272073366e+02    9.790884180764e-03    8.361814836462e-03
56320    9.872270963023e+02    9.808670701011e-03    8.378995400562e-03
56330    9.873638769906e+02    9.836183733286e-03    8.405392261920e-03
56340    9.875634793511e+02    9.817025561489e-03    8.382837138925e-03
56350    9.876318945707e+02    9.801390082918e-03    8.367221762455e-03
56360    9.877016392471e+02    9.791207285740e-03    8.357091596736e-03
56370    9.878606261838e+02    9.778561050175e-03    8.343086171408e-03
56380    9.879245115709e+02    9.771373070055e-03    8.336470946233e-03
56390    9.880742156101e+02    9.769301012911e-03    8.334254514011e-03
56400    9.882736009758e+02    9.779736040801e-03    8.345268659468e-03
56410    9.884615980485e+02    9.805568653269e-03    8.373283366382e-03
56420    9.886251740526e+02    9.829358146429e-03    8.400117172641e-03
56430    9.887774391883e+02    9.810679565643e-03    8.383902853893e-03
56440    9.889176798778e+02    9.789379950499e-03    8.365251285795e-03
56450    9.890856958229e+02    9.770956983788e-03    8.350196595529e-03
56460    9.892856958229e+02    9.761489255477e-03    8.345266547622e-03
56470    9.894856958229e+02    9.767364384438e-03    8.356492960957e-03
56480    9.896845239382e+02    9.790847654227e-03    8.385905095565e-03
56490    9.898726657108e+02    9.811994527612e-03    8.412668219535e-03
56500    9.900700724781e+02    9.785738308251e-03    8.390572190365e-03
56510    9.902700724781e+02    9.760998286775e-03    8.369380780096e-03
56520    9.904226991428e+02    9.748476622957e-03    8.359752589058e-03
56530    9.906226991428e+02    9.748819152897e-03    8.362723936443e-03
56540    9.907537991264e+02    9.759175583572e-03    8.375252215046e-03
56550    9.909367819482e+02    9.786184901775e-03    8.403817939325e-03
56560    9.910246426265e+02    9.811875693257e-03    8.431336731519e-03
56570    9.911673269500e+02    9.799917253071e-03    8.418888336564e-03
56580    9.913082066706e+02    9.777811966499e-03    8.395362736337e-03
56590    9.914081946543e+02    9.763485128227e-03    8.380196818507e-03
56600    9.915623748668e+02    9.751254445758e-03    8.365333888833e-03
56610    9.916649396934e+02    9.745988863197e-03    8.358620202671e-03
56620    9.918103233389e+02    9.748792027488e-03    8.358497962945e-03
56630    9.919131037204e+02    9.757089098648e-03    8.365143568881e-03
56640    9.920689775848e+02    9.776372049404e-03    8.380772026612e-03
56650    9.921321572191e+02    9.793243512865e-03    8.397338963732e-03
56660    9.922348050681e+02    9.818394147802e-03    8.420633600508e-03
56670    9.922811354769e+02    9.827278522730e-03    8.429461819105e-03
56680    9.923784761142e+02    9.816345131456e-03    8.415658661761e-03
56690    9.925278680673e+02    9.794925538910e-03    8.388647630454e-03
56700    9.927031588825e+02    9.776867120208e-03    8.363795489458e-03
56710    9.928352410939e+02    9.766754709778e-03    8.349137498044e-03
56720    9.929506945482e+02    9.764536595916e-03    8.343356826117e-03
56730    9.930385839184e+02    9.767395316994e-03    8.344073873559e-03
56740    9.931179330257e+02    9.773009213461e-03    8.347952961230e-03
56750    9.931654559289e+02    9.778509678298e-03    8.353018069101e-03
56760    9.932887181008e+02    9.794462853468e-03    8.365693856831e-03
56770    9.933625077276e+02    9.813632665238e-03    8.383844766286e-03
56780    9.933906548503e+02    9.823472570645e-03    8.394172787121e-03
56790    9.934636612376e+02    9.840385260385e-03    8.409942030084e-03
56800    9.936209514136e+02    9.830836000769e-03    8.395544724408e-03
56810    9.937465196120e+02    9.810238542463e-03    8.371253451514e-03
56820    9.939083805065e+02    9.791970148483e-03    8.348400009709e-03
56830    9.940435532130e+02    9.780688207458e-03    8.334063192706e-03
56840    9.941738608394e+02    9.777169417523e-03    8.328228127539e-03
56850    9.942905011364e+02    9.780075445823e-03    8.329686170327e-03
56860    9.943425734103e+02    9.783893646893e-03    8.333881995895e-03
56870    9.944649538574e+02    9.796528083041e-03    8.345476240720e-03
56880    9.945197245170e+02    9.808278447361e-03    8.357877027265e-03
56890    9.946234230817e+02    9.827155293324e-03    8.376586019040e-03
56900    9.946740298623e+02    9.844829460597e-03    8.395255096730e-03
56910    9.947341109660e+02    9.852007212632e-03    8.402961081629e-03
56920    9.947709631194e+02    9.846931097659e-03    8.398461328397e-03
56930    9.948639677095e+02    9.832540072458e-03    8.383524293095e-03
56940    9.949685465290e+02    9.813210559360e-03    8.363514386474e-03
56950    9.950733859648e+02    9.796928214585e-03    8.346841133971e-03
56960    9.952132021270e+02    9.783478712129e-03    8.332941203662e-03
56970    9.952638639925e+02    9.775701593999e-03    8.326062273227e-03
56980    9.953537944162e+02    9.771516253861e-03    8.322551633682e-03
56990    9.955011249157e+02    9.773579485085e-03    8.325419343237e-03
57000    9.956143307137e+02    9.781702428071e-03    8.335116418493e-03
57010    9.957558785848e+02    9.798761574959e-03    8.354304421118e-03
57020    9.958659923402e+02    9.822733014227e-03    8.381017723877e-03
57030    9.959785863203e+02    9.835677793470e-03    8.396667828492e-03
57040    9.961361114012e+02    9.811507762646e-03    8.374838826057e-03
57050    9.963046058366e+02    9.786540993518e-03    8.352686109902e-03
57060    9.964175156740e+02    9.770077249645e-03    8.339084948602e-03
57070    9.965783314802e+02    9.759665369256e-03    8.332403733220e-03
57080    9.966632674115e+02    9.756630017085e-03    8.332494077877e-03
