time_step time kinetic_energy potential_energy
0    0.000000000000e+00    9.390412958648e-03    8.011822043954e-03
10    1.000000000000e+00    9.345805914873e-03    7.841099532016e-03
20    2.000000000000e+00    9.359363596392e-03    7.778281410538e-03
30    3.000000000000e+00    9.275016689846e-03    7.849386847738e-03
40    4.000000000000e+00    9.322764048547e-03    7.809799238203e-03
50    5.000000000000e+00    9.329235545824e-03    7.809272592567e-03
60    6.000000000000e+00    9.238990187343e-03    7.855455394747e-03
70    7.000000000000e+00    9.263431795575e-03    7.786230085003e-03
80    8.000000000000e+00    9.285668170391e-03    7.741474657450e-03
90    9.000000000000e+00    9.245373054602e-03    7.783910964463e-03
100    1.000000000000e+01    9.261068342024e-03    7.781724317283e-03
110    1.100000000000e+01    9.274475226640e-03    7.754615745398e-03
120    1.200000000000e+01    9.220489003631e-03    7.749163607514e-03
130    1.300000000000e+01    9.199024130218e-03    7.742070632048e-03
140    1.400000000000e+01    9.217487613310e-03    7.717887793660e-03
150    1.500000000000e+01    9.221496477894e-03    7.724332266662e-03
160    1.600000000000e+01    9.211968178065e-03    7.742381852950e-03
170    1.700000000000e+01    9.196608282395e-03    7.710973437497e-03
180    1.800000000000e+01    9.182676971879e-03    7.683051510867e-03
190    1.900000000000e+01    9.163558020742e-03    7.688073356803e-03
200    2.000000000000e+01    9.165404526023e-03    7.693552677665e-03
210    2.100000000000e+01    9.181003136398e-03    7.690923266637e-03
220    2.200000000000e+01    9.166729523959e-03    7.687151963182e-03
230    2.300000000000e+01    9.133647079009e-03    7.666828450965e-03
240    2.400000000000e+01    9.127219742740e-03    7.647182334040e-03
250    2.500000000000e+01    9.127026104692e-03    7.645747537936e-03
260    2.600000000000e+01    9.125715562987e-03    7.660541745281e-03
270    2.700000000000e+01    9.131097277408e-03    7.661713426387e-03
280    2.800000000000e+01    9.110812265204e-03    7.629706342414e-03
290    2.900000000000e+01    9.088443749889e-03    7.614212160661e-03
300    3.000000000000e+01    9.080578527664e-03    7.610743605255e-03
310    3.100000000000e+01    9.087557898796e-03    7.611612119035e-03
320    3.200000000000e+01    9.090099446452e-03    7.622692626683e-03
330    3.300000000000e+01    9.071562964719e-03    7.616373501151e-03
340    3.400000000000e+01    9.049679246857e-03    7.588109209792e-03
350    3.500000000000e+01    9.044849219723e-03    7.571379565888e-03
360    3.600000000000e+01    9.044087605412e-03    7.573376325126e-03
370    3.700000000000e+01    9.049333430750e-03    7.583819777210e-03
380    3.800000000000e+01    9.054190164058e-03    7.585006027512e-03
390    3.900000000000e+01    9.024419730568e-03    7.559481527096e-03
400    4.000000000000e+01    9.004722565164e-03    7.547703606178e-03
410    4.100000000000e+01    9.002141173782e-03    7.543344692749e-03
420    4.200000000000e+01    9.009051556598e-03    7.547196411906e-03
430    4.300000000000e+01    9.014084890803e-03    7.557041019027e-03
440    4.400000000000e+01    9.000142024990e-03    7.539213716882e-03
450    4.500000000000e+01    8.982770830387e-03    7.511699842325e-03
460    4.600000000000e+01    8.972923072545e-03    7.504044573579e-03
470    4.700000000000e+01    8.971418367998e-03    7.510553909015e-03
480    4.800000000000e+01    8.976929109526e-03    7.520532454691e-03
490    4.900000000000e+01    8.974365624970e-03    7.524151184953e-03
500    5.000000000000e+01    8.944593386984e-03    7.496094612179e-03
510    5.100000000000e+01    8.935335138113e-03    7.476965951355e-03
520    5.200000000000e+01    8.938346478119e-03    7.470453198948e-03
530    5.300000000000e+01    8.943759896304e-03    7.477960926735e-03
540    5.400000000000e+01    8.946339905758e-03    7.488754637961e-03
550    5.500000000000e+01    8.922634764718e-03    7.472003137991e-03
560    5.600000000000e+01    8.900207331162e-03    7.454266456079e-03
570    5.700000000000e+01    8.894738471201e-03    7.446813918250e-03
580    5.800000000000e+01    8.903334024039e-03    7.446713688296e-03
590    5.900000000000e+01    8.914402658957e-03    7.453033444108e-03
600    6.000000000000e+01    8.906630334375e-03    7.451418671735e-03
610    6.100000000000e+01    8.877766165129e-03    7.427671378537e-03
620    6.200000000000e+01    8.866312255221e-03    7.415439097713e-03
630    6.300000000000e+01    8.866647501959e-03    7.414853690534e-03
640    6.400000000000e+01    8.873770196836e-03    7.423659390952e-03
650    6.500000000000e+01    8.878705279073e-03    7.429147495714e-03
660    6.600000000000e+01    8.856777462795e-03    7.406917389744e-03
670    6.700000000000e+01    8.837619194683e-03    7.389261220851e-03
680    6.800000000000e+01    8.832790009437e-03    7.384018190351e-03
690    6.900000000000e+01    8.837381548534e-03    7.389113206045e-03
700    7.000000000000e+01    8.843253689012e-03    7.399551748676e-03
710    7.100000000000e+01    8.833868147960e-03    7.393506101835e-03
720    7.200000000000e+01    8.809619705966e-03    7.366427189481e-03
730    7.300000000000e+01    8.799662146540e-03    7.354231848694e-03
740    7.400000000000e+01    8.800099402589e-03    7.355660356552e-03
750    7.500000000000e+01    8.806758698527e-03    7.364534601038e-03
760    7.600000000000e+01    8.809904849240e-03    7.371398703981e-03
770    7.700000000000e+01    8.784076803910e-03    7.349214714850e-03
780    7.800000000000e+01    8.767344719955e-03    7.331455915846e-03
790    7.900000000000e+01    8.766379094807e-03    7.325290400331e-03
800    8.000000000000e+01    8.772679037457e-03    7.331226493079e-03
810    8.100000000000e+01    8.780092225767e-03    7.342069577135e-03
820    8.200000000000e+01    8.769433584976e-03    7.331204420552e-03
830    8.300000000000e+01    8.746340582825e-03    7.307443661375e-03
840    8.400000000000e+01    8.735837859441e-03    7.299572333068e-03
850    8.500000000000e+01    8.738080146721e-03    7.302027626793e-03
860    8.600000000000e+01    8.748626544636e-03    7.310228397728e-03
870    8.700000000000e+01    8.753027113042e-03    7.314742392737e-03
880    8.800000000000e+01    8.725603689970e-03    7.288666862223e-03
890    8.900000000000e+01    8.709194291003e-03    7.273684979737e-03
900    9.000000000000e+01    8.705548800345e-03    7.272138868757e-03
910    9.100000000000e+01    8.711395920256e-03    7.280981486474e-03
920    9.200000000000e+01    8.721391438705e-03    7.290184729754e-03
930    9.300000000000e+01    8.708359525077e-03    7.272680330061e-03
940    9.400000000000e+01    8.685995354336e-03    7.251067475408e-03
950    9.500000000000e+01    8.676993167186e-03    7.244935085509e-03
960    9.600000000000e+01    8.680243994253e-03    7.249320528899e-03
970    9.700000000000e+01    8.690921925080e-03    7.259992279614e-03
980    9.800000000000e+01    8.695379678663e-03    7.263391461493e-03
990    9.900000000000e+01    8.666599970236e-03    7.233541603455e-03
1000    1.000000000000e+02    8.652876529744e-03    7.220243185657e-03
1010    1.010000000000e+02    8.652617239911e-03    7.220213808068e-03
1020    1.020000000000e+02    8.662262173295e-03    7.228575474073e-03
1030    1.030000000000e+02    8.672799143925e-03    7.238234561555e-03
1040    1.040000000000e+02    8.655060911197e-03    7.218538241432e-03
1050    1.050000000000e+02    8.636047443672e-03    7.198453895398e-03
1060    1.060000000000e+02    8.631402705029e-03    7.193401795121e-03
1070    1.070000000000e+02    8.637916846625e-03    7.199931550531e-03
1080    1.080000000000e+02    8.650070502718e-03    7.211919724796e-03
1090    1.090000000000e+02    8.648384332807e-03    7.210320575723e-03
1100    1.100000000000e+02    8.623388648538e-03    7.181909199062e-03
1110    1.110000000000e+02    8.613531018051e-03    7.169380432970e-03
1120    1.120000000000e+02    8.615483956917e-03    7.171662159635e-03
1130    1.130000000000e+02    8.625484834702e-03    7.183112749772e-03
1140    1.140000000000e+02    8.632676168382e-03    7.191737060566e-03
1150    1.150000000000e+02    8.611117895211e-03    7.170332011810e-03
1160    1.160000000000e+02    8.593871233233e-03    7.151709579375e-03
1170    1.170000000000e+02    8.591676377800e-03    7.146721027311e-03
1180    1.180000000000e+02    8.600920674111e-03    7.153066804676e-03
1190    1.190000000000e+02    8.613187630840e-03    7.163388517256e-03
1200    1.200000000000e+02    8.606456340693e-03    7.157127883147e-03
1210    1.210000000000e+02    8.579887291178e-03    7.133401373721e-03
1220    1.220000000000e+02    8.571196526294e-03    7.124391080652e-03
1230    1.230000000000e+02    8.577407578550e-03    7.125897952392e-03
1240    1.240000000000e+02    8.592548938378e-03    7.134537048842e-03
1250    1.250000000000e+02    8.602964536644e-03    7.140563051507e-03
1260    1.260000000000e+02    8.580751925774e-03    7.116132849660e-03
1270    1.270000000000e+02    8.565225697200e-03    7.100897631062e-03
1280    1.280000000000e+02    8.564668458656e-03    7.099916634616e-03
1290    1.290000000000e+02    8.574908977429e-03    7.109045772268e-03
1300    1.300000000000e+02    8.587315287581e-03    7.121466496756e-03
1310    1.310000000000e+02    8.577272041930e-03    7.111967060155e-03
1320    1.320000000000e+02    8.553668112013e-03    7.088544742146e-03
1330    1.330000000000e+02    8.546810144962e-03    7.079986286953e-03
1340    1.340000000000e+02    8.552603515339e-03    7.083011159921e-03
1350    1.350000000000e+02    8.564401562826e-03    7.094704438714e-03
1360    1.360000000000e+02    8.569879751222e-03    7.102734497494e-03
1370    1.370000000000e+02    8.540914843721e-03    7.076544366100e-03
1380    1.380000000000e+02    8.525213215130e-03    7.061137188430e-03
1390    1.390000000000e+02    8.525092201616e-03    7.059799349918e-03
1400    1.400000000000e+02    8.536401513934e-03    7.068191395774e-03
1410    1.410000000000e+02    8.550188633795e-03    7.078308779455e-03
1420    1.420000000000e+02    8.537120789066e-03    7.062345077429e-03
1430    1.430000000000e+02    8.516883646498e-03    7.039375968816e-03
1440    1.440000000000e+02    8.511515554083e-03    7.032493502265e-03
1450    1.450000000000e+02    8.517915428323e-03    7.039310234177e-03
1460    1.460000000000e+02    8.531548486423e-03    7.053329702103e-03
1470    1.470000000000e+02    8.538957686253e-03    7.058877235067e-03
1480    1.480000000000e+02    8.511408082125e-03    7.028586304841e-03
1490    1.490000000000e+02    8.499871454519e-03    7.014905329015e-03
1500    1.500000000000e+02    8.501682534437e-03    7.015933368166e-03
1510    1.510000000000e+02    8.511909670902e-03    7.028093432382e-03
1520    1.520000000000e+02    8.521928397843e-03    7.042303747767e-03
1530    1.530000000000e+02    8.502115587841e-03    7.023745759398e-03
1540    1.540000000000e+02    8.482352464285e-03    7.002625915447e-03
1550    1.550000000000e+02    8.477572453823e-03    6.996405543759e-03
1560    1.560000000000e+02    8.483940521763e-03    7.002904196270e-03
1570    1.570000000000e+02    8.496591955504e-03    7.016300067335e-03
1580    1.580000000000e+02    8.494956396909e-03    7.016706488685e-03
1590    1.590000000000e+02    8.466470454482e-03    6.989216810325e-03
1600    1.600000000000e+02    8.456005052024e-03    6.977259791711e-03
1610    1.610000000000e+02    8.460961484283e-03    6.978009321756e-03
1620    1.620000000000e+02    8.474750538334e-03    6.987707600274e-03
1630    1.630000000000e+02    8.486455331621e-03    6.996330071161e-03
1640    1.640000000000e+02    8.466631290327e-03    6.975456100918e-03
1650    1.650000000000e+02    8.448968379116e-03    6.959216014366e-03
1660    1.660000000000e+02    8.445546817806e-03    6.958081262383e-03
1670    1.670000000000e+02    8.454568482326e-03    6.967105856347e-03
1680    1.680000000000e+02    8.468754646172e-03    6.978164410611e-03
1690    1.690000000000e+02    8.464376233677e-03    6.972717562348e-03
1700    1.700000000000e+02    8.438878036065e-03    6.948683610062e-03
1710    1.710000000000e+02    8.430097402659e-03    6.939127234546e-03
1720    1.720000000000e+02    8.433702106480e-03    6.942448235350e-03
1730    1.730000000000e+02    8.442986930212e-03    6.953997796700e-03
1740    1.740000000000e+02    8.448504915221e-03    6.961689659875e-03
1750    1.750000000000e+02    8.425070777201e-03    6.938231850654e-03
1760    1.760000000000e+02    8.409495160906e-03    6.922112587745e-03
1770    1.770000000000e+02    8.408488913664e-03    6.919904871211e-03
1780    1.780000000000e+02    8.417480987063e-03    6.928293862074e-03
1790    1.790000000000e+02    8.429586507684e-03    6.938798587726e-03
1800    1.800000000000e+02    8.421151177100e-03    6.928309286195e-03
1810    1.810000000000e+02    8.401167307872e-03    6.906626999807e-03
1820    1.820000000000e+02    8.396301364867e-03    6.900264295837e-03
1830    1.830000000000e+02    8.402004011674e-03    6.905348049258e-03
1840    1.840000000000e+02    8.412747321626e-03    6.917457813870e-03
1850    1.850000000000e+02    8.419569061409e-03    6.922432212377e-03
1860    1.860000000000e+02    8.397958121535e-03    6.896282598063e-03
1870    1.870000000000e+02    8.385951962794e-03    6.883103957080e-03
1880    1.880000000000e+02    8.384839372229e-03    6.884157102832e-03
1890    1.890000000000e+02    8.391835396756e-03    6.894312766235e-03
1900    1.900000000000e+02    8.399208601665e-03    6.905757035383e-03
1910    1.910000000000e+02    8.384741748587e-03    6.892619371683e-03
1920    1.920000000000e+02    8.367223878609e-03    6.872033284708e-03
1930    1.930000000000e+02    8.363112976451e-03    6.865127546007e-03
1940    1.940000000000e+02    8.367629901756e-03    6.870506606901e-03
1950    1.950000000000e+02    8.376239419281e-03    6.882317086820e-03
1960    1.960000000000e+02    8.377703262383e-03    6.887873722007e-03
1970    1.970000000000e+02    8.350972794050e-03    6.863840409096e-03
1980    1.980000000000e+02    8.339704614918e-03    6.852019311737e-03
1990    1.990000000000e+02    8.342281169539e-03    6.850817110717e-03
2000    2.000000000000e+02    8.352219263812e-03    6.857918294372e-03
2010    2.010000000000e+02    8.360110009524e-03    6.866961614833e-03
2020    2.020000000000e+02    8.341801244897e-03    6.850935742477e-03
2030    2.030000000000e+02    8.324187571790e-03    6.833679182819e-03
2040    2.040000000000e+02    8.319470387121e-03    6.829383842160e-03
2050    2.050000000000e+02    8.324749922348e-03    6.835963151389e-03
2060    2.060000000000e+02    8.335739757170e-03    6.846448917713e-03
2070    2.070000000000e+02    8.336814108246e-03    6.844093541986e-03
2080    2.080000000000e+02    8.314677499482e-03    6.820734241046e-03
2090    2.090000000000e+02    8.305857447228e-03    6.812038619501e-03
2100    2.100000000000e+02    8.307399054059e-03    6.815541786636e-03
2110    2.110000000000e+02    8.315892760152e-03    6.827501207226e-03
2120    2.120000000000e+02    8.323487045804e-03    6.836292009211e-03
2130    2.130000000000e+02    8.305888659751e-03    6.817528170359e-03
2140    2.140000000000e+02    8.290603408483e-03    6.803036237216e-03
2150    2.150000000000e+02    8.286707603421e-03    6.801464222008e-03
2160    2.160000000000e+02    8.293428724511e-03    6.807991148889e-03
2170    2.170000000000e+02    8.303026284202e-03    6.817588956437e-03
2180    2.180000000000e+02    8.296177075743e-03    6.813316545959e-03
2190    2.190000000000e+02    8.272687052652e-03    6.792317062718e-03
2200    2.200000000000e+02    8.264579234465e-03    6.783857347727e-03
2210    2.210000000000e+02    8.267918368603e-03    6.786356281737e-03
2220    2.220000000000e+02    8.277847460736e-03    6.795450930440e-03
2230    2.230000000000e+02    8.284033738824e-03    6.801841464949e-03
2240    2.240000000000e+02    8.263485976369e-03    6.781171408875e-03
2250    2.250000000000e+02    8.249914180586e-03    6.767539814064e-03
2260    2.260000000000e+02    8.250990300762e-03    6.765672239453e-03
2270    2.270000000000e+02    8.260600815129e-03    6.772796597943e-03
2280    2.280000000000e+02    8.270604259634e-03    6.784460749259e-03
2290    2.290000000000e+02    8.261159725607e-03    6.777877409149e-03
2300    2.300000000000e+02    8.241714764646e-03    6.758568853911e-03
2310    2.310000000000e+02    8.236143830504e-03    6.752244116797e-03
2320    2.320000000000e+02    8.241094541679e-03    6.757377468602e-03
2330    2.330000000000e+02    8.251502208654e-03    6.768860485863e-03
2340    2.340000000000e+02    8.257235739812e-03    6.774794356716e-03
2350    2.350000000000e+02    8.233619548470e-03    6.751835136129e-03
2360    2.360000000000e+02    8.220680172594e-03    6.740562512277e-03
2370    2.370000000000e+02    8.219479607565e-03    6.741605958268e-03
2380    2.380000000000e+02    8.227479778891e-03    6.751310314939e-03
2390    2.390000000000e+02    8.238556733599e-03    6.761633782844e-03
2400    2.400000000000e+02    8.228143138317e-03    6.746977448529e-03
2410    2.410000000000e+02    8.211083477652e-03    6.726087093739e-03
2420    2.420000000000e+02    8.206541307373e-03    6.720658689119e-03
2430    2.430000000000e+02    8.212209652696e-03    6.727633211085e-03
2440    2.440000000000e+02    8.223449971199e-03    6.741258664988e-03
2450    2.450000000000e+02    8.228940721376e-03    6.747533603630e-03
2460    2.460000000000e+02    8.203632084512e-03    6.721425119395e-03
2470    2.470000000000e+02    8.193723815185e-03    6.709973036777e-03
2480    2.480000000000e+02    8.196573002380e-03    6.711184918458e-03
2490    2.490000000000e+02    8.208791303244e-03    6.721042928802e-03
2500    2.500000000000e+02    8.221743779521e-03    6.732816072144e-03
2510    2.510000000000e+02    8.204808409004e-03    6.716697428601e-03
2520    2.520000000000e+02    8.186119440378e-03    6.700233943775e-03
2530    2.530000000000e+02    8.181953598612e-03    6.698296048853e-03
2540    2.540000000000e+02    8.191382509002e-03    6.705123190841e-03
2550    2.550000000000e+02    8.208421068698e-03    6.714836316860e-03
2560    2.560000000000e+02    8.210251514286e-03    6.713074830259e-03
2570    2.570000000000e+02    8.184184169801e-03    6.689037561046e-03
2580    2.580000000000e+02    8.172105054803e-03    6.680798225716e-03
2590    2.590000000000e+02    8.174694293957e-03    6.684676217446e-03
2600    2.600000000000e+02    8.187989319225e-03    6.696351412756e-03
2610    2.610000000000e+02    8.199393425225e-03    6.705164087180e-03
2620    2.620000000000e+02    8.179184625432e-03    6.683668439109e-03
2630    2.630000000000e+02    8.161367044190e-03    6.667048323834e-03
2640    2.640000000000e+02    8.157871242837e-03    6.666367153230e-03
2650    2.650000000000e+02    8.166229552317e-03    6.677858687908e-03
2660    2.660000000000e+02    8.181539476114e-03    6.690789290587e-03
2670    2.670000000000e+02    8.181845864949e-03    6.683358514238e-03
2680    2.680000000000e+02    8.160969696333e-03    6.656894605840e-03
2690    2.690000000000e+02    8.154416389870e-03    6.648797731032e-03
2700    2.700000000000e+02    8.159378966062e-03    6.656237976131e-03
2710    2.710000000000e+02    8.172144971784e-03    6.672701210846e-03
2720    2.720000000000e+02    8.183048247563e-03    6.683434756269e-03
2730    2.730000000000e+02    8.162941462776e-03    6.657984787125e-03
2740    2.740000000000e+02    8.151775502883e-03    6.640339560363e-03
2750    2.750000000000e+02    8.155470671556e-03    6.638149225182e-03
2760    2.760000000000e+02    8.167882744461e-03    6.648257070083e-03
2770    2.770000000000e+02    8.181979137127e-03    6.663886894785e-03
2780    2.780000000000e+02    8.171927869453e-03    6.657362427177e-03
2790    2.790000000000e+02    8.146843192907e-03    6.635887410994e-03
2800    2.800000000000e+02    8.139235854367e-03    6.630200034124e-03
2810    2.810000000000e+02    8.147630522938e-03    6.635479893703e-03
2820    2.820000000000e+02    8.165431074200e-03    6.647239537415e-03
2830    2.830000000000e+02    8.176360272641e-03    6.654802892626e-03
2840    2.840000000000e+02    8.149587238063e-03    6.627592631048e-03
2850    2.850000000000e+02    8.134800615081e-03    6.613794083023e-03
2860    2.860000000000e+02    8.134526304229e-03    6.615392240747e-03
2870    2.870000000000e+02    8.146188793543e-03    6.627689818743e-03
2880    2.880000000000e+02    8.162080043928e-03    6.642191732681e-03
2890    2.890000000000e+02    8.150869850004e-03    6.627916472098e-03
2900    2.900000000000e+02    8.131417918049e-03    6.604552707358e-03
2910    2.910000000000e+02    8.128156256289e-03    6.598288879104e-03
2920    2.920000000000e+02    8.138435806313e-03    6.606141458178e-03
2930    2.930000000000e+02    8.156311053886e-03    6.621732596614e-03
2940    2.940000000000e+02    8.167393436470e-03    6.629975487158e-03
2950    2.950000000000e+02    8.139880642594e-03    6.601185963518e-03
2960    2.960000000000e+02    8.129021016050e-03    6.590083638912e-03
2970    2.970000000000e+02    8.132857198610e-03    6.593120465368e-03
2980    2.980000000000e+02    8.147825463991e-03    6.606075107811e-03
2990    2.990000000000e+02    8.164801021946e-03    6.619929521548e-03
3000    3.000000000000e+02    8.148551409800e-03    6.599636910323e-03
3010    3.010000000000e+02    8.129298447722e-03    6.579258671081e-03
3020    3.020000000000e+02    8.124185088706e-03    6.577196440048e-03
3030    3.030000000000e+02    8.131005236152e-03    6.587800256057e-03
3040    3.040000000000e+02    8.145293116128e-03    6.602883951018e-03
3050    3.050000000000e+02    8.147886759936e-03    6.601413982935e-03
3060    3.060000000000e+02    8.123295925295e-03    6.571285824066e-03
3070    3.070000000000e+02    8.113636583228e-03    6.560739098859e-03
3080    3.080000000000e+02    8.116568572478e-03    6.567337186425e-03
3090    3.090000000000e+02    8.130030129936e-03    6.582557549336e-03
3100    3.100000000000e+02    8.142465531079e-03    6.592601843295e-03
3110    3.110000000000e+02    8.125565705534e-03    6.569151633812e-03
3120    3.120000000000e+02    8.113536363132e-03    6.550288887411e-03
3130    3.130000000000e+02    8.114649501944e-03    6.549197675668e-03
3140    3.140000000000e+02    8.124886796187e-03    6.561270201018e-03
3150    3.150000000000e+02    8.137787289566e-03    6.575328970939e-03
3160    3.160000000000e+02    8.134023190585e-03    6.570368718712e-03
3170    3.170000000000e+02    8.112659625040e-03    6.545813819685e-03
3180    3.180000000000e+02    8.106863289232e-03    6.537006099279e-03
3190    3.190000000000e+02    8.113806885433e-03    6.542304294271e-03
3200    3.200000000000e+02    8.126682663926e-03    6.554821717145e-03
3210    3.210000000000e+02    8.133987824093e-03    6.561964426510e-03
3220    3.220000000000e+02    8.111862968903e-03    6.539890645399e-03
3230    3.230000000000e+02    8.098230026116e-03    6.526475337523e-03
3240    3.240000000000e+02    8.098279352978e-03    6.526837031743e-03
3250    3.250000000000e+02    8.108123016118e-03    6.537104138260e-03
3260    3.260000000000e+02    8.120850563144e-03    6.549281783009e-03
3270    3.270000000000e+02    8.112991154358e-03    6.539645971316e-03
3280    3.280000000000e+02    8.092582912435e-03    6.518030568259e-03
3290    3.290000000000e+02    8.086946085862e-03    6.512587509860e-03
3300    3.300000000000e+02    8.092264725183e-03    6.519110487716e-03
3310    3.310000000000e+02    8.104147342569e-03    6.531919715599e-03
3320    3.320000000000e+02    8.111924237186e-03    6.538518281559e-03
3330    3.330000000000e+02    8.090065857428e-03    6.513876463941e-03
3340    3.340000000000e+02    8.079186628650e-03    6.501131147161e-03
3350    3.350000000000e+02    8.081453027960e-03    6.501144051072e-03
3360    3.360000000000e+02    8.093341584341e-03    6.510842900752e-03
3370    3.370000000000e+02    8.106943120857e-03    6.523750076667e-03
3380    3.380000000000e+02    8.095452157396e-03    6.512317951092e-03
3390    3.390000000000e+02    8.076955597025e-03    6.494572275187e-03
3400    3.400000000000e+02    8.072820765076e-03    6.491635361272e-03
3410    3.410000000000e+02    8.080197445392e-03    6.498982199446e-03
3420    3.420000000000e+02    8.093965955919e-03    6.511478062748e-03
3430    3.430000000000e+02    8.102660224890e-03    6.518108754790e-03
3440    3.440000000000e+02    8.078105583734e-03    6.492040866760e-03
3450    3.450000000000e+02    8.066240931231e-03    6.481357484518e-03
3460    3.460000000000e+02    8.066290862421e-03    6.484564893071e-03
3470    3.470000000000e+02    8.075035322716e-03    6.497247731204e-03
3480    3.480000000000e+02    8.085457836529e-03    6.509376528811e-03
3490    3.490000000000e+02    8.068753655881e-03    6.491160552287e-03
3500    3.500000000000e+02    8.052156573615e-03    6.471794110439e-03
3510    3.510000000000e+02    8.048375867100e-03    6.467403079114e-03
3520    3.520000000000e+02    8.053922497956e-03    6.475714946646e-03
3530    3.530000000000e+02    8.065058013913e-03    6.490248655609e-03
3540    3.540000000000e+02    8.065418819028e-03    6.491016030850e-03
3550    3.550000000000e+02    8.041930442236e-03    6.466935622484e-03
3560    3.560000000000e+02    8.032628612406e-03    6.458448068770e-03
3570    3.570000000000e+02    8.037026032897e-03    6.462569635005e-03
3580    3.580000000000e+02    8.050596296666e-03    6.474497049567e-03
3590    3.590000000000e+02    8.061148399329e-03    6.483610012765e-03
3600    3.600000000000e+02    8.043223600426e-03    6.465359341746e-03
3610    3.610000000000e+02    8.029046212411e-03    6.451695539909e-03
3620    3.620000000000e+02    8.027096624385e-03    6.451411451962e-03
3630    3.630000000000e+02    8.035159298009e-03    6.460713564593e-03
3640    3.640000000000e+02    8.046472433205e-03    6.473256841673e-03
3650    3.650000000000e+02    8.041399580078e-03    6.469004297287e-03
3660    3.660000000000e+02    8.018191572180e-03    6.447186981859e-03
3670    3.670000000000e+02    8.009218124446e-03    6.440801691497e-03
3680    3.680000000000e+02    8.012263942776e-03    6.446110684919e-03
3690    3.690000000000e+02    8.021470710618e-03    6.457004345066e-03
3700    3.700000000000e+02    8.026388726030e-03    6.464984625381e-03
3710    3.710000000000e+02    8.004391813533e-03    6.445631074712e-03
3720    3.720000000000e+02    7.990537009959e-03    6.432348738599e-03
3730    3.730000000000e+02    7.989983238868e-03    6.431658698602e-03
3740    3.740000000000e+02    7.998847419009e-03    6.441003558393e-03
3750    3.750000000000e+02    8.010204991712e-03    6.453069547206e-03
3760    3.760000000000e+02    8.002668817991e-03    6.444783120969e-03
3770    3.770000000000e+02    7.983705971272e-03    6.424891395909e-03
3780    3.780000000000e+02    7.977995038907e-03    6.420537036320e-03
3790    3.790000000000e+02    7.981793848391e-03    6.427900963899e-03
3800    3.800000000000e+02    7.991095741682e-03    6.440394445235e-03
3810    3.810000000000e+02    7.996378111289e-03    6.446596420574e-03
3820    3.820000000000e+02    7.973924072450e-03    6.423727786569e-03
3830    3.830000000000e+02    7.962479479573e-03    6.410697061256e-03
3840    3.840000000000e+02    7.961397797330e-03    6.411451980057e-03
3850    3.850000000000e+02    7.967498510186e-03    6.424082725061e-03
3860    3.860000000000e+02    7.974196446760e-03    6.438382206397e-03
3870    3.870000000000e+02    7.959104433857e-03    6.426320479477e-03
3880    3.880000000000e+02    7.942154682098e-03    6.406548084669e-03
3890    3.890000000000e+02    7.940370273978e-03    6.399196958228e-03
3900    3.900000000000e+02    7.947577217940e-03    6.403598979887e-03
3910    3.910000000000e+02    7.958073388131e-03    6.417293076083e-03
3920    3.920000000000e+02    7.960879484947e-03    6.426554758946e-03
3930    3.930000000000e+02    7.933791816525e-03    6.403876707736e-03
3940    3.940000000000e+02    7.922344543745e-03    6.394452445420e-03
3950    3.950000000000e+02    7.925706517491e-03    6.396558398592e-03
3960    3.960000000000e+02    7.938886253660e-03    6.405870590243e-03
3970    3.970000000000e+02    7.951517519098e-03    6.416632457331e-03
3980    3.980000000000e+02    7.934730524650e-03    6.401658949471e-03
3990    3.990000000000e+02    7.915428478025e-03    6.386871803443e-03
4000    4.000000000000e+02    7.909261218861e-03    6.385463398146e-03
4010    4.010000000000e+02    7.914190656248e-03    6.393590074367e-03
4020    4.020000000000e+02    7.926363938362e-03    6.406575716937e-03
4030    4.030000000000e+02    7.927756593895e-03    6.407406598555e-03
4040    4.040000000000e+02    7.903245820101e-03    6.382607627529e-03
4050    4.050000000000e+02    7.893638618461e-03    6.372899684720e-03
4060    4.060000000000e+02    7.896777178677e-03    6.376204050866e-03
4070    4.070000000000e+02    7.907728992845e-03    6.387784998878e-03
4080    4.080000000000e+02    7.916498789572e-03    6.398396304576e-03
4090    4.090000000000e+02    7.896692034882e-03    6.381287704244e-03
4100    4.100000000000e+02    7.879185068016e-03    6.366860861817e-03
4110    4.110000000000e+02    7.875895433900e-03    6.365020073645e-03
4120    4.120000000000e+02    7.885137674462e-03    6.373447641636e-03
4130    4.130000000000e+02    7.899230319203e-03    6.385021025380e-03
4140    4.140000000000e+02    7.895342416757e-03    6.380844407431e-03
4150    4.150000000000e+02    7.870114652814e-03    6.360127217704e-03
4160    4.160000000000e+02    7.859881977459e-03    6.354643950544e-03
4170    4.170000000000e+02    7.864035239773e-03    6.359088742101e-03
4180    4.180000000000e+02    7.877108222493e-03    6.369388768690e-03
4190    4.190000000000e+02    7.887655932591e-03    6.376471027579e-03
4200    4.200000000000e+02    7.868165934964e-03    6.354543471389e-03
4210    4.210000000000e+02    7.854072068005e-03    6.341098293888e-03
4220    4.220000000000e+02    7.851610386154e-03    6.343205249323e-03
4230    4.230000000000e+02    7.858874315659e-03    6.355547763633e-03
4240    4.240000000000e+02    7.870189388171e-03    6.368882203788e-03
4250    4.250000000000e+02    7.863510929097e-03    6.358688011460e-03
4260    4.260000000000e+02    7.845046667628e-03    6.335590584058e-03
4270    4.270000000000e+02    7.838808524483e-03    6.329352014291e-03
4280    4.280000000000e+02    7.840935856747e-03    6.337077588796e-03
4290    4.290000000000e+02    7.848919278361e-03    6.352230221637e-03
4300    4.300000000000e+02    7.853716353724e-03    6.361334853864e-03
4310    4.310000000000e+02    7.830464312730e-03    6.337035280012e-03
4320    4.320000000000e+02    7.819624784283e-03    6.322498657028e-03
4330    4.330000000000e+02    7.822296076259e-03    6.321300411400e-03
4340    4.340000000000e+02    7.833782407667e-03    6.330627261377e-03
4350    4.350000000000e+02    7.846368868990e-03    6.342516087898e-03
4360    4.360000000000e+02    7.833657908539e-03    6.332375349302e-03
4370    4.370000000000e+02    7.814506883005e-03    6.317663180198e-03
4380    4.380000000000e+02    7.811020305871e-03    6.315081928733e-03
4390    4.390000000000e+02    7.821060042127e-03    6.320709343527e-03
4400    4.400000000000e+02    7.838167018911e-03    6.331081619464e-03
4410    4.410000000000e+02    7.846003019466e-03    6.336150229799e-03
4420    4.420000000000e+02    7.819907542447e-03    6.313035533822e-03
4430    4.430000000000e+02    7.808577575445e-03    6.305703781436e-03
4440    4.440000000000e+02    7.811690335617e-03    6.309507250080e-03
4450    4.450000000000e+02    7.823929294249e-03    6.321003921585e-03
4460    4.460000000000e+02    7.837064123157e-03    6.331973872875e-03
4470    4.470000000000e+02    7.822731118537e-03    6.314507900242e-03
4480    4.480000000000e+02    7.807708409124e-03    6.297120263298e-03
4490    4.490000000000e+02    7.805995494197e-03    6.294478907876e-03
4500    4.500000000000e+02    7.813291687366e-03    6.304176213234e-03
4510    4.510000000000e+02    7.824824125231e-03    6.320261762994e-03
4520    4.520000000000e+02    7.824655622290e-03    6.321710257907e-03
4530    4.530000000000e+02    7.803045279515e-03    6.297240633103e-03
4540    4.540000000000e+02    7.797902914998e-03    6.287813746894e-03
4550    4.550000000000e+02    7.804852041734e-03    6.291602097917e-03
4560    4.560000000000e+02    7.818512807369e-03    6.304950929007e-03
4570    4.570000000000e+02    7.829083974525e-03    6.316659475488e-03
4580    4.580000000000e+02    7.811613859184e-03    6.299290410425e-03
4590    4.590000000000e+02    7.798412863060e-03    6.284740377851e-03
4600    4.600000000000e+02    7.800120570752e-03    6.283873720349e-03
4610    4.610000000000e+02    7.813271763228e-03    6.293423089119e-03
4620    4.620000000000e+02    7.828915118018e-03    6.306106937700e-03
4630    4.630000000000e+02    7.827327521849e-03    6.302377869360e-03
4640    4.640000000000e+02    7.807784139578e-03    6.280372009314e-03
4650    4.650000000000e+02    7.803676206091e-03    6.273532590967e-03
4660    4.660000000000e+02    7.811895718011e-03    6.280095114562e-03
4670    4.670000000000e+02    7.826056687644e-03    6.294831479863e-03
4680    4.680000000000e+02    7.836375105563e-03    6.305510799393e-03
4690    4.690000000000e+02    7.817316948871e-03    6.283614371569e-03
4700    4.700000000000e+02    7.806048475155e-03    6.269174051340e-03
4710    4.710000000000e+02    7.807914519857e-03    6.270138983382e-03
4720    4.720000000000e+02    7.818903942381e-03    6.282064942752e-03
4730    4.730000000000e+02    7.833199821119e-03    6.296446248598e-03
4740    4.740000000000e+02    7.826404993735e-03    6.287792216426e-03
4750    4.750000000000e+02    7.806686213548e-03    6.264984273002e-03
4760    4.760000000000e+02    7.801477560728e-03    6.259244137254e-03
4770    4.770000000000e+02    7.806918225247e-03    6.267784319789e-03
4780    4.780000000000e+02    7.820860752123e-03    6.283939126661e-03
4790    4.790000000000e+02    7.831841009405e-03    6.292892887359e-03
4800    4.800000000000e+02    7.811033856042e-03    6.265193131185e-03
4810    4.810000000000e+02    7.802740155273e-03    6.250855757571e-03
4820    4.820000000000e+02    7.805990769693e-03    6.253587962419e-03
4830    4.830000000000e+02    7.819106868355e-03    6.268394107792e-03
4840    4.840000000000e+02    7.835673169482e-03    6.285574491812e-03
4850    4.850000000000e+02    7.825993135675e-03    6.273888050600e-03
4860    4.860000000000e+02    7.809269384456e-03    6.253041422497e-03
4870    4.870000000000e+02    7.808333111442e-03    6.247987219467e-03
4880    4.880000000000e+02    7.819781783607e-03    6.255799418796e-03
4890    4.890000000000e+02    7.837676624925e-03    6.270957499510e-03
4900    4.900000000000e+02    7.846588247698e-03    6.280089788561e-03
4910    4.910000000000e+02    7.818030295317e-03    6.253211096009e-03
4920    4.920000000000e+02    7.806330082264e-03    6.242120252864e-03
4930    4.930000000000e+02    7.810276581669e-03    6.244158154004e-03
4940    4.940000000000e+02    7.824223592988e-03    6.256143628889e-03
4950    4.950000000000e+02    7.838837248610e-03    6.270240137383e-03
4960    4.960000000000e+02    7.820570203212e-03    6.253040479351e-03
4970    4.970000000000e+02    7.800989307545e-03    6.234062108888e-03
4980    4.980000000000e+02    7.798506403091e-03    6.230071059690e-03
4990    4.990000000000e+02    7.808835207816e-03    6.238515368750e-03
5000    5.000000000000e+02    7.825303235085e-03    6.254332817662e-03
5010    5.010000000000e+02    7.828056772897e-03    6.257061239921e-03
5020    5.020000000000e+02    7.803170173503e-03    6.231268780539e-03
5030    5.030000000000e+02    7.796204488117e-03    6.221562784049e-03
5040    5.040000000000e+02    7.803608942566e-03    6.226034633983e-03
5050    5.050000000000e+02    7.819751925322e-03    6.241611993573e-03
5060    5.060000000000e+02    7.833063802867e-03    6.255667471123e-03
5070    5.070000000000e+02    7.814373615661e-03    6.237217869966e-03
5080    5.080000000000e+02    7.799718760704e-03    6.221298023775e-03
5090    5.090000000000e+02    7.800602473460e-03    6.219776928447e-03
5100    5.100000000000e+02    7.812528428236e-03    6.229613601135e-03
5110    5.110000000000e+02    7.826788910583e-03    6.244395561225e-03
5120    5.120000000000e+02    7.821724523188e-03    6.242607009881e-03
5130    5.130000000000e+02    7.795425055490e-03    6.221066132639e-03
5140    5.140000000000e+02    7.786148116925e-03    6.214822386028e-03
5150    5.150000000000e+02    7.792257313376e-03    6.219925425285e-03
5160    5.160000000000e+02    7.807147693364e-03    6.231273918274e-03
5170    5.170000000000e+02    7.819827932227e-03    6.238578686862e-03
5180    5.180000000000e+02    7.800121168753e-03    6.215037013135e-03
5190    5.190000000000e+02    7.786056934867e-03    6.201331375451e-03
5200    5.200000000000e+02    7.783547724636e-03    6.204361596247e-03
5210    5.210000000000e+02    7.792093174401e-03    6.216510536433e-03
5220    5.220000000001e+02    7.806408958548e-03    6.228593359083e-03
5230    5.230000000001e+02    7.801094583878e-03    6.218806473044e-03
5240    5.240000000001e+02    7.782879017646e-03    6.196934608852e-03
5250    5.250000000001e+02    7.778214474738e-03    6.191428265993e-03
5260    5.260000000001e+02    7.784328491436e-03    6.198922455951e-03
5270    5.270000000001e+02    7.796552143609e-03    6.213690073309e-03
5280    5.280000000001e+02    7.804146546559e-03    6.222902594345e-03
5290    5.290000000001e+02    7.781318550405e-03    6.201173918271e-03
5300    5.300000000001e+02    7.769054424267e-03    6.191530435899e-03
5310    5.310000000001e+02    7.769583138001e-03    6.194398330081e-03
5320    5.320000000001e+02    7.780052792460e-03    6.205433760442e-03
5330    5.330000000001e+02    7.792901439537e-03    6.216966015018e-03
5340    5.340000000001e+02    7.781053481600e-03    6.204585250089e-03
5350    5.350000000001e+02    7.763026044626e-03    6.187104037053e-03
5360    5.360000000001e+02    7.758542075585e-03    6.184097465848e-03
5370    5.370000000001e+02    7.764954429183e-03    6.192254380039e-03
5380    5.380000000001e+02    7.777004377100e-03    6.206033131093e-03
5390    5.390000000001e+02    7.783737310239e-03    6.209862862306e-03
5400    5.400000000001e+02    7.762820498508e-03    6.183259699355e-03
5410    5.410000000001e+02    7.755842903054e-03    6.172744057039e-03
5420    5.420000000001e+02    7.758730380858e-03    6.176547643918e-03
5430    5.430000000001e+02    7.768058710821e-03    6.189831635311e-03
5440    5.440000000001e+02    7.777235861828e-03    6.203066787748e-03
5450    5.450000000001e+02    7.762153851495e-03    6.187636026880e-03
5460    5.460000000001e+02    7.747944535798e-03    6.171718388032e-03
5470    5.470000000001e+02    7.746325723788e-03    6.171112443553e-03
5480    5.480000000001e+02    7.754282856650e-03    6.181836460200e-03
5490    5.490000000001e+02    7.766943083943e-03    6.195933259733e-03
5500    5.500000000001e+02    7.767489101594e-03    6.196550990353e-03
5510    5.510000000001e+02    7.746087780494e-03    6.174359436955e-03
5520    5.520000000001e+02    7.738008045914e-03    6.166955766275e-03
5530    5.530000000001e+02    7.740392152779e-03    6.172277187943e-03
5540    5.540000000001e+02    7.749813566283e-03    6.185506929796e-03
5550    5.550000000001e+02    7.757848593511e-03    6.194241099365e-03
5560    5.560000000001e+02    7.739632605185e-03    6.174054353323e-03
5570    5.570000000001e+02    7.724696592948e-03    6.158393744045e-03
5580    5.580000000001e+02    7.721124247634e-03    6.158172632240e-03
5590    5.590000000001e+02    7.727785958926e-03    6.168980744405e-03
5600    5.600000000001e+02    7.738364190766e-03    6.182433395225e-03
5610    5.610000000001e+02    7.734760154059e-03    6.178484250995e-03
5620    5.620000000001e+02    7.715970996477e-03    6.156045595162e-03
5630    5.630000000001e+02    7.711666172604e-03    6.148655771540e-03
5640    5.640000000001e+02    7.717717299719e-03    6.155308446978e-03
5650    5.650000000001e+02    7.729935384804e-03    6.170322299113e-03
5660    5.660000000001e+02    7.738546273175e-03    6.180740261698e-03
5670    5.670000000001e+02    7.717810983335e-03    6.160309912957e-03
5680    5.680000000001e+02    7.703895888731e-03    6.147583717393e-03
5690    5.690000000001e+02    7.702869936061e-03    6.149007544991e-03
5700    5.700000000001e+02    7.711589650801e-03    6.159690131426e-03
5710    5.710000000001e+02    7.723032095654e-03    6.173205275445e-03
5720    5.720000000001e+02    7.713723882740e-03    6.164907042148e-03
5730    5.730000000001e+02    7.691316476925e-03    6.143171106487e-03
5740    5.740000000001e+02    7.682954529284e-03    6.138064512925e-03
5750    5.750000000001e+02    7.686283777238e-03    6.146084855573e-03
5760    5.760000000001e+02    7.698392098550e-03    6.160301621094e-03
5770    5.770000000001e+02    7.707985374310e-03    6.168292582515e-03
5780    5.780000000001e+02    7.685254453550e-03    6.142830167846e-03
5790    5.790000000001e+02    7.673737906552e-03    6.129930251518e-03
5800    5.800000000001e+02    7.675443572203e-03    6.132315769719e-03
5810    5.810000000001e+02    7.687224339534e-03    6.145400310743e-03
5820    5.820000000001e+02    7.702260587810e-03    6.160201754028e-03
5830    5.830000000001e+02    7.690819442758e-03    6.148135973490e-03
5840    5.840000000001e+02    7.670072609206e-03    6.128591094239e-03
5850    5.850000000001e+02    7.663148185870e-03    6.124599611212e-03
5860    5.860000000001e+02    7.669143544468e-03    6.132605900348e-03
5870    5.870000000001e+02    7.683288223697e-03    6.147588018393e-03
5880    5.880000000001e+02    7.690521134479e-03    6.156198767712e-03
5890    5.890000000001e+02    7.662167225019e-03    6.128670968792e-03
5900    5.900000000001e+02    7.650118191575e-03    6.117551210082e-03
5910    5.910000000001e+02    7.652693761061e-03    6.120941749941e-03
5920    5.920000000001e+02    7.665423097691e-03    6.135241618722e-03
5930    5.930000000001e+02    7.679705190103e-03    6.150292815619e-03
5940    5.940000000001e+02    7.664385171382e-03    6.132885324405e-03
5950    5.950000000001e+02    7.647801705068e-03    6.115046585364e-03
5960    5.960000000001e+02    7.645923981461e-03    6.112968904745e-03
5970    5.970000000001e+02    7.655607479708e-03    6.123381542238e-03
5980    5.980000000001e+02    7.672104278718e-03    6.140208616671e-03
5990    5.990000000001e+02    7.675175445196e-03    6.142334155811e-03
6000    6.000000000001e+02    7.650595193528e-03    6.116783187281e-03
6010    6.010000000001e+02    7.641194174573e-03    6.109058099355e-03
6020    6.020000000001e+02    7.644018631227e-03    6.116254555309e-03
6030    6.030000000001e+02    7.656626372911e-03    6.131231145446e-03
6040    6.040000000001e+02    7.667827627587e-03    6.142760247712e-03
6050    6.050000000001e+02    7.649226019471e-03    6.122841613433e-03
6060    6.060000000001e+02    7.634868706656e-03    6.105839433076e-03
6070    6.070000000001e+02    7.634714880538e-03    6.104298572609e-03
6080    6.080000000001e+02    7.644471214424e-03    6.116434113210e-03
6090    6.090000000001e+02    7.657270667081e-03    6.133153801784e-03
6100    6.100000000001e+02    7.653299106243e-03    6.131180923148e-03
6110    6.110000000001e+02    7.631220675442e-03    6.108980608587e-03
6120    6.120000000001e+02    7.625144977887e-03    6.102670212385e-03
6130    6.130000000001e+02    7.631465373944e-03    6.109475295489e-03
6140    6.140000000001e+02    7.646009364035e-03    6.122997158855e-03
6150    6.150000000001e+02    7.657028375263e-03    6.132578903816e-03
6160    6.160000000001e+02    7.637443470815e-03    6.111554359450e-03
6170    6.170000000001e+02    7.625059143049e-03    6.099116280893e-03
6180    6.180000000001e+02    7.625362802049e-03    6.102178826950e-03
6190    6.190000000001e+02    7.634910834606e-03    6.115950789535e-03
6200    6.200000000001e+02    7.648412056525e-03    6.130259098427e-03
6210    6.210000000001e+02    7.643592784435e-03    6.120407628259e-03
6220    6.220000000001e+02    7.627268694377e-03    6.097686979956e-03
6230    6.230000000001e+02    7.623935206836e-03    6.091230509810e-03
6240    6.240000000001e+02    7.629188882855e-03    6.098089516854e-03
6250    6.250000000001e+02    7.638610290315e-03    6.114332758443e-03
6260    6.260000000001e+02    7.643044540774e-03    6.125690377303e-03
6270    6.270000000001e+02    7.619208916420e-03    6.102533893682e-03
6280    6.280000000001e+02    7.609154069484e-03    6.088781692597e-03
6290    6.290000000001e+02    7.612997288073e-03    6.088075317166e-03
6300    6.300000000001e+02    7.624337505656e-03    6.097885834606e-03
6310    6.310000000001e+02    7.634980696056e-03    6.111873827649e-03
6320    6.320000000001e+02    7.620469418589e-03    6.103037908360e-03
6330    6.330000000001e+02    7.600447452130e-03    6.087172564548e-03
6340    6.340000000001e+02    7.595860695582e-03    6.084196006668e-03
6350    6.350000000001e+02    7.604331385083e-03    6.090909028899e-03
6360    6.360000000001e+02    7.620067715762e-03    6.102233661295e-03
6370    6.370000000001e+02    7.627998420342e-03    6.106949213063e-03
6380    6.380000000001e+02    7.602657954012e-03    6.082448866437e-03
6390    6.390000000001e+02    7.590673665570e-03    6.074842505768e-03
6400    6.400000000001e+02    7.591413514037e-03    6.079854496420e-03
6410    6.410000000001e+02    7.603154887339e-03    6.090855488765e-03
6420    6.420000000001e+02    7.616871081128e-03    6.100328379034e-03
6430    6.430000000001e+02    7.602689189417e-03    6.082865657845e-03
6440    6.440000000001e+02    7.586154725524e-03    6.066238040148e-03
6450    6.450000000001e+02    7.581166913925e-03    6.064761579182e-03
6460    6.460000000001e+02    7.586811725694e-03    6.074869758777e-03
6470    6.470000000001e+02    7.598984508397e-03    6.088253217968e-03
6480    6.480000000001e+02    7.599590398364e-03    6.087719800234e-03
6490    6.490000000001e+02    7.575927830402e-03    6.064660426091e-03
6500    6.500000000001e+02    7.566393525634e-03    6.056854772396e-03
6510    6.510000000001e+02    7.568964432831e-03    6.061136743483e-03
6520    6.520000000001e+02    7.580045347194e-03    6.073537687371e-03
6530    6.530000000001e+02    7.589738482450e-03    6.083557666898e-03
6540    6.540000000001e+02    7.572443146582e-03    6.065231637876e-03
6550    6.550000000001e+02    7.558352309498e-03    6.050221212718e-03
6560    6.560000000001e+02    7.557336334501e-03    6.049195024389e-03
6570    6.570000000001e+02    7.566199896489e-03    6.058588123778e-03
6580    6.580000000001e+02    7.578434319625e-03    6.071122666981e-03
6590    6.590000000001e+02    7.574761639035e-03    6.068245199458e-03
6600    6.600000000001e+02    7.553696995941e-03    6.048001914678e-03
6610    6.610000000001e+02    7.547933968666e-03    6.040951811883e-03
6620    6.620000000001e+02    7.554548675137e-03    6.044785866834e-03
6630    6.630000000001e+02    7.567115105604e-03    6.056256524971e-03
6640    6.640000000001e+02    7.574491127202e-03    6.066329125133e-03
6650    6.650000000001e+02    7.552296873399e-03    6.049473714484e-03
6660    6.660000000001e+02    7.537264019223e-03    6.039564765160e-03
6670    6.670000000001e+02    7.536738894653e-03    6.041488090887e-03
6680    6.680000000001e+02    7.547620465244e-03    6.050747467270e-03
6690    6.690000000001e+02    7.561934122167e-03    6.061773843612e-03
6700    6.700000000001e+02    7.556641921160e-03    6.054756683625e-03
6710    6.710000000001e+02    7.538747230279e-03    6.037107141310e-03
6720    6.720000000001e+02    7.534514520700e-03    6.033544550519e-03
6730    6.730000000001e+02    7.541755140550e-03    6.041052566616e-03
6740    6.740000000001e+02    7.555203290847e-03    6.054942165974e-03
6750    6.750000000001e+02    7.564528670370e-03    6.062634047339e-03
6760    6.760000000001e+02    7.545344395962e-03    6.040750411557e-03
6770    6.770000000001e+02    7.536933920576e-03    6.029871673491e-03
6780    6.780000000001e+02    7.540715887876e-03    6.030877592821e-03
6790    6.790000000001e+02    7.551396484511e-03    6.041883862054e-03
6800    6.800000000001e+02    7.561475274546e-03    6.056459165848e-03
6810    6.810000000001e+02    7.547316738954e-03    6.047638438758e-03
6820    6.820000000001e+02    7.528069714738e-03    6.031651013473e-03
6830    6.830000000001e+02    7.524220061787e-03    6.027995874319e-03
6840    6.840000000001e+02    7.532635842813e-03    6.034484800693e-03
6850    6.850000000001e+02    7.547477429844e-03    6.046976193829e-03
6860    6.860000000001e+02    7.555152090756e-03    6.052918286514e-03
6870    6.870000000001e+02    7.530618192839e-03    6.029453234078e-03
6880    6.880000000001e+02    7.519623355035e-03    6.021627420523e-03
6890    6.890000000001e+02    7.521013827455e-03    6.025818153830e-03
6900    6.900000000001e+02    7.532119922364e-03    6.037728815500e-03
6910    6.910000000001e+02    7.545316595122e-03    6.049513000107e-03
6920    6.920000000001e+02    7.531727613011e-03    6.031584021002e-03
6930    6.930000000001e+02    7.517122583093e-03    6.013521701789e-03
6940    6.940000000001e+02    7.515184403076e-03    6.011476838466e-03
6950    6.950000000001e+02    7.523580031901e-03    6.020869338499e-03
6960    6.960000000001e+02    7.537220865756e-03    6.035318751856e-03
6970    6.970000000001e+02    7.537267148400e-03    6.037916975401e-03
6980    6.980000000001e+02    7.513433875940e-03    6.015553382895e-03
6990    6.990000000001e+02    7.506193816440e-03    6.006629857438e-03
7000    7.000000000001e+02    7.512565834220e-03    6.009823267959e-03
7010    7.010000000001e+02    7.526913472147e-03    6.022832467352e-03
7020    7.020000000001e+02    7.537010917953e-03    6.035058982889e-03
7030    7.030000000001e+02    7.517222971866e-03    6.019398268108e-03
7040    7.040000000001e+02    7.501493283693e-03    6.007115425746e-03
7050    7.050000000001e+02    7.501683322984e-03    6.006689040078e-03
7060    7.060000000001e+02    7.514095933993e-03    6.016103150614e-03
7070    7.070000000001e+02    7.530623688973e-03    6.029763883816e-03
7080    7.080000000001e+02    7.529442088938e-03    6.027613620972e-03
7090    7.090000000001e+02    7.507674539798e-03    6.006557257933e-03
7100    7.100000000001e+02    7.501118909081e-03    6.001376601489e-03
7110    7.110000000001e+02    7.508453755323e-03    6.008457543430e-03
7120    7.120000000001e+02    7.524175704235e-03    6.021900785527e-03
7130    7.130000000001e+02    7.535507868240e-03    6.031403239831e-03
7140    7.140000000001e+02    7.514462635972e-03    6.010629681441e-03
7150    7.150000000001e+02    7.500342331871e-03    5.998406053550e-03
7160    7.160000000001e+02    7.500551895679e-03    6.000530295751e-03
7170    7.170000000001e+02    7.512091146073e-03    6.012919756358e-03
7180    7.180000000001e+02    7.527830872794e-03    6.028209617398e-03
7190    7.190000000001e+02    7.522958522213e-03    6.020296099450e-03
7200    7.200000000001e+02    7.504146889978e-03    5.999299761243e-03
7210    7.210000000001e+02    7.500745781446e-03    5.994975531394e-03
7220    7.220000000001e+02    7.508782195583e-03    6.003358256748e-03
7230    7.230000000001e+02    7.524264462560e-03    6.018295919603e-03
7240    7.240000000001e+02    7.534103530486e-03    6.027949620147e-03
7250    7.250000000001e+02    7.511527628575e-03    6.003846865497e-03
7260    7.260000000001e+02    7.500408328261e-03    5.991602908580e-03
7270    7.270000000001e+02    7.502463226709e-03    5.994077851028e-03
7280    7.280000000001e+02    7.514415503828e-03    6.006842940224e-03
7290    7.290000000001e+02    7.528589368944e-03    6.020833036928e-03
7300    7.300000000001e+02    7.516155091254e-03    6.008448729517e-03
7310    7.310000000001e+02    7.496435217435e-03    5.990131454382e-03
7320    7.320000000001e+02    7.493060527877e-03    5.986528338326e-03
7330    7.330000000001e+02    7.503736931215e-03    5.994163961077e-03
7340    7.340000000001e+02    7.521770650426e-03    6.008669234689e-03
7350    7.350000000001e+02    7.531800460377e-03    6.017182620781e-03
7360    7.360000000001e+02    7.505897762824e-03    5.991461280246e-03
7370    7.370000000001e+02    7.495618937700e-03    5.983217783978e-03
7380    7.380000000001e+02    7.501037720843e-03    5.988062389406e-03
7390    7.390000000001e+02    7.517971464312e-03    6.001405820825e-03
7400    7.400000000001e+02    7.536569717362e-03    6.015122636200e-03
7410    7.410000000001e+02    7.521731590149e-03    5.998406369145e-03
7420    7.420000000001e+02    7.503625653475e-03    5.982673008475e-03
7430    7.430000000001e+02    7.499892301458e-03    5.982474699522e-03
7440    7.440000000001e+02    7.508963857709e-03    5.993290199513e-03
7450    7.450000000001e+02    7.524475961134e-03    6.010261371557e-03
7460    7.460000000001e+02    7.526987596216e-03    6.011828180817e-03
7470    7.470000000001e+02    7.503071165733e-03    5.984582760902e-03
7480    7.480000000001e+02    7.494996060758e-03    5.974541976684e-03
7490    7.490000000001e+02    7.500159545164e-03    5.979190848848e-03
7500    7.500000000001e+02    7.514023817243e-03    5.993693430355e-03
7510    7.510000000001e+02    7.526344132162e-03    6.007563412822e-03
7520    7.520000000001e+02    7.507763748829e-03    5.988872905618e-03
7530    7.530000000001e+02    7.493586619199e-03    5.971851886898e-03
7540    7.540000000001e+02    7.494414430660e-03    5.970706124572e-03
7550    7.550000000001e+02    7.506969566957e-03    5.982185692119e-03
7560    7.560000000001e+02    7.524287696915e-03    5.997654179737e-03
7570    7.570000000001e+02    7.525253807444e-03    5.995808637635e-03
7580    7.580000000001e+02    7.504900719119e-03    5.973092226668e-03
7590    7.590000000001e+02    7.499905492530e-03    5.967223466541e-03
7600    7.600000000001e+02    7.507312326716e-03    5.975943167869e-03
7610    7.610000000001e+02    7.522779919983e-03    5.992057614094e-03
7620    7.620000000001e+02    7.535502988725e-03    6.003124560266e-03
7630    7.630000000001e+02    7.516496956456e-03    5.981231478472e-03
7640    7.640000000001e+02    7.504222906831e-03    5.967652589788e-03
7650    7.650000000001e+02    7.505015351874e-03    5.969411529804e-03
7660    7.660000000001e+02    7.514399246697e-03    5.982654519357e-03
7670    7.670000000001e+02    7.526070360439e-03    5.998365782943e-03
7680    7.680000000001e+02    7.517648052241e-03    5.990482513880e-03
7690    7.690000000001e+02    7.498205508247e-03    5.968142882011e-03
7700    7.700000000001e+02    7.494595394320e-03    5.962180041934e-03
7710    7.710000000001e+02    7.502009048224e-03    5.970025288661e-03
7720    7.720000000001e+02    7.515826298318e-03    5.985426924781e-03
7730    7.730000000001e+02    7.524526227050e-03    5.993179236611e-03
7740    7.740000000001e+02    7.502178567022e-03    5.969165341412e-03
7750    7.750000000001e+02    7.492086430977e-03    5.958256954727e-03
7760    7.760000000001e+02    7.495082271228e-03    5.961311315332e-03
7770    7.770000000001e+02    7.506767933272e-03    5.973845263725e-03
7780    7.780000000001e+02    7.520269909808e-03    5.986676023895e-03
7790    7.790000000001e+02    7.509402171938e-03    5.973016368443e-03
7800    7.800000000001e+02    7.492032494318e-03    5.954159014436e-03
7810    7.810000000001e+02    7.488287367293e-03    5.951748744337e-03
7820    7.820000000001e+02    7.495515405934e-03    5.961982764347e-03
7830    7.830000000001e+02    7.508493536273e-03    5.977683851597e-03
7840    7.840000000001e+02    7.516004307598e-03    5.984595271002e-03
7850    7.850000000001e+02    7.494486540294e-03    5.957377654340e-03
7860    7.860000000001e+02    7.488349029881e-03    5.944304190962e-03
7870    7.870000000001e+02    7.492132526846e-03    5.947246174401e-03
7880    7.880000000001e+02    7.501460666107e-03    5.962349701804e-03
7890    7.890000000001e+02    7.510969533779e-03    5.977631129099e-03
7900    7.900000000001e+02    7.493616006601e-03    5.961976916296e-03
7910    7.910000000001e+02    7.476663389160e-03    5.945423209596e-03
7920    7.920000000001e+02    7.474280073626e-03    5.942536082330e-03
7930    7.930000000001e+02    7.483611865639e-03    5.950771701464e-03
7940    7.940000000001e+02    7.498000890515e-03    5.965624530290e-03
7950    7.950000000001e+02    7.499936425849e-03    5.968028787720e-03
7960    7.960000000001e+02    7.475503005347e-03    5.945434621935e-03
7970    7.970000000001e+02    7.466812626753e-03    5.938864891505e-03
7980    7.980000000001e+02    7.471981551728e-03    5.944828695647e-03
7990    7.990000000001e+02    7.487525016002e-03    5.958880155049e-03
8000    8.000000000001e+02    7.502188961411e-03    5.969563068902e-03
8010    8.010000000001e+02    7.486781043927e-03    5.949309887001e-03
8020    8.020000000001e+02    7.472617665632e-03    5.934043952948e-03
8030    8.030000000001e+02    7.470910482860e-03    5.933972721323e-03
8040    8.040000000001e+02    7.479309056624e-03    5.945706720013e-03
8050    8.050000000001e+02    7.492382844534e-03    5.961957214822e-03
8060    8.060000000001e+02    7.490658182186e-03    5.959554265246e-03
8070    8.070000000001e+02    7.469144902466e-03    5.935605078776e-03
8080    8.080000000001e+02    7.462398451806e-03    5.928709742875e-03
8090    8.090000000001e+02    7.468079454539e-03    5.935086740465e-03
8100    8.100000000001e+02    7.481498555300e-03    5.947850773737e-03
8110    8.110000000001e+02    7.491224376837e-03    5.957860815215e-03
8120    8.120000000001e+02    7.468833965032e-03    5.937140303104e-03
8130    8.130000000001e+02    7.453273233363e-03    5.924614648393e-03
8140    8.140000000001e+02    7.451467396843e-03    5.927358100053e-03
8150    8.150000000001e+02    7.461287757456e-03    5.939607673099e-03
8160    8.160000000001e+02    7.476451069398e-03    5.952980791335e-03
8170    8.170000000001e+02    7.470204264902e-03    5.943754420514e-03
8180    8.180000000001e+02    7.449736705682e-03    5.922130162617e-03
8190    8.190000000001e+02    7.444196805792e-03    5.917949853028e-03
8200    8.200000000001e+02    7.450676472025e-03    5.927078870627e-03
8210    8.210000000001e+02    7.464357428950e-03    5.943730731815e-03
8220    8.220000000001e+02    7.473030727987e-03    5.954659935924e-03
8230    8.230000000001e+02    7.451905438180e-03    5.930424615144e-03
8240    8.240000000001e+02    7.444113603155e-03    5.916625413192e-03
8250    8.250000000001e+02    7.449223886208e-03    5.918475301769e-03
8260    8.260000000001e+02    7.462644721932e-03    5.932385440246e-03
8270    8.270000000001e+02    7.476329419565e-03    5.948528613771e-03
8280    8.280000000001e+02    7.462276487039e-03    5.939479041444e-03
8290    8.290000000001e+02    7.441603328736e-03    5.923716435063e-03
8300    8.300000000001e+02    7.438182004795e-03    5.920070584580e-03
8310    8.310000000001e+02    7.447979913267e-03    5.926020748120e-03
8320    8.320000000001e+02    7.462934766018e-03    5.939988231148e-03
8330    8.330000000001e+02    7.468542986934e-03    5.949376241006e-03
8340    8.340000000001e+02    7.438706175622e-03    5.924750391387e-03
8350    8.350000000001e+02    7.425836928752e-03    5.915928069044e-03
8360    8.360000000001e+02    7.429091704750e-03    5.919707869907e-03
8370    8.370000000001e+02    7.443494074225e-03    5.931940545452e-03
8380    8.380000000001e+02    7.459047833330e-03    5.945798639914e-03
8390    8.390000000001e+02    7.443233132315e-03    5.931308449362e-03
8400    8.400000000001e+02    7.426646301046e-03    5.916315517425e-03
8410    8.410000000001e+02    7.425846830182e-03    5.915259593166e-03
8420    8.420000000001e+02    7.437472584253e-03    5.925488680077e-03
8430    8.430000000001e+02    7.454764634743e-03    5.941685530161e-03
8440    8.440000000001e+02    7.457022326617e-03    5.945154216533e-03
8450    8.450000000001e+02    7.430973726815e-03    5.924089414293e-03
8460    8.460000000001e+02    7.420508199230e-03    5.918766091781e-03
8470    8.470000000001e+02    7.425197996071e-03    5.924377247538e-03
8480    8.480000000001e+02    7.439982292881e-03    5.937181209447e-03
8490    8.490000000001e+02    7.451980031915e-03    5.948366760094e-03
8500    8.500000000001e+02    7.433269439819e-03    5.930335254561e-03
8510    8.510000000001e+02    7.417705634213e-03    5.916424195675e-03
8520    8.520000000001e+02    7.415952431802e-03    5.917402412706e-03
8530    8.530000000001e+02    7.425649850222e-03    5.929571063461e-03
8540    8.540000000001e+02    7.439618026523e-03    5.944567875304e-03
8550    8.550000000001e+02    7.437426406989e-03    5.941723576143e-03
8560    8.560000000001e+02    7.417159122816e-03    5.919699371589e-03
8570    8.570000000001e+02    7.412616344488e-03    5.912546412219e-03
8580    8.580000000001e+02    7.419572945373e-03    5.917928910094e-03
8590    8.590000000001e+02    7.431100420164e-03    5.932217250120e-03
8600    8.600000000001e+02    7.437536484958e-03    5.943566839960e-03
8610    8.610000000001e+02    7.414932909347e-03    5.923985600020e-03
8620    8.620000000001e+02    7.400723729095e-03    5.911262293012e-03
8630    8.630000000001e+02    7.400740951725e-03    5.911468243539e-03
8640    8.640000000001e+02    7.410961032205e-03    5.920146358221e-03
8650    8.650000000001e+02    7.423095038269e-03    5.931828142820e-03
8660    8.660000000001e+02    7.413575707859e-03    5.924647363827e-03
8670    8.670000000001e+02    7.392060726736e-03    5.905878852900e-03
8680    8.680000000001e+02    7.386320085753e-03    5.901009090849e-03
8690    8.690000000001e+02    7.392431233014e-03    5.907411937187e-03
8700    8.700000000001e+02    7.404875530001e-03    5.920798528678e-03
8710    8.710000000001e+02    7.412255250362e-03    5.929857411502e-03
8720    8.720000000001e+02    7.390243263898e-03    5.909981344303e-03
8730    8.730000000001e+02    7.380863705485e-03    5.900050598939e-03
8740    8.740000000001e+02    7.384931933606e-03    5.901910756620e-03
8750    8.750000000001e+02    7.397855527912e-03    5.912580953918e-03
8760    8.760000000001e+02    7.410781074103e-03    5.925483783358e-03
8770    8.770000000001e+02    7.399499183152e-03    5.916523694395e-03
8780    8.780000000001e+02    7.381424960814e-03    5.902428743866e-03
8790    8.790000000001e+02    7.378141227905e-03    5.900137271965e-03
8800    8.800000000001e+02    7.386186060918e-03    5.907450295126e-03
8810    8.810000000001e+02    7.399368633866e-03    5.920339830482e-03
8820    8.820000000001e+02    7.405897951667e-03    5.926951991569e-03
8830    8.830000000001e+02    7.382180111198e-03    5.904094552534e-03
8840    8.840000000001e+02    7.372283856988e-03    5.895794331082e-03
8850    8.850000000001e+02    7.375403673420e-03    5.899475747356e-03
8860    8.860000000001e+02    7.387112472494e-03    5.911853450016e-03
8870    8.870000000001e+02    7.398853476015e-03    5.925851219217e-03
8880    8.880000000001e+02    7.383906449485e-03    5.913359417718e-03
8890    8.890000000001e+02    7.368649271409e-03    5.899755933569e-03
8900    8.900000000001e+02    7.367888752415e-03    5.898214563786e-03
8910    8.910000000001e+02    7.377943315256e-03    5.906352472266e-03
8920    8.920000000001e+02    7.392455693159e-03    5.920595313910e-03
8930    8.930000000001e+02    7.394273207837e-03    5.923638457716e-03
8940    8.940000000001e+02    7.373340316234e-03    5.902947460527e-03
8950    8.950000000001e+02    7.366462142638e-03    5.895797588892e-03
8960    8.960000000001e+02    7.371062314037e-03    5.899835937271e-03
8970    8.970000000001e+02    7.382057370870e-03    5.912028053899e-03
8980    8.980000000001e+02    7.389127123581e-03    5.923372435973e-03
8990    8.990000000001e+02    7.369733314705e-03    5.908003944569e-03
9000    9.000000000001e+02    7.354375587939e-03    5.894516458284e-03
9010    9.010000000001e+02    7.353342279518e-03    5.892694410250e-03
9020    9.020000000001e+02    7.362614847507e-03    5.900299898713e-03
9030    9.030000000001e+02    7.374654881673e-03    5.911166772421e-03
9040    9.040000000001e+02    7.370877939522e-03    5.908569162784e-03
9050    9.050000000001e+02    7.349771945305e-03    5.890297084079e-03
9060    9.060000000001e+02    7.342745926772e-03    5.885744659281e-03
9070    9.070000000001e+02    7.347754359068e-03    5.892836697058e-03
9080    9.080000000001e+02    7.360382455478e-03    5.905690002692e-03
9090    9.090000000001e+02    7.371375285595e-03    5.913277475884e-03
9100    9.100000000001e+02    7.356612173098e-03    5.892556303479e-03
9110    9.110000000001e+02    7.347326664482e-03    5.879917628590e-03
9120    9.120000000001e+02    7.348274254277e-03    5.881690058231e-03
9130    9.130000000001e+02    7.356152605240e-03    5.893943273804e-03
9140    9.140000000001e+02    7.366240946031e-03    5.908416646889e-03
9150    9.150000000001e+02    7.358486880692e-03    5.903366191887e-03
9160    9.160000000001e+02    7.339458249218e-03    5.885974120247e-03
9170    9.170000000001e+02    7.334908877335e-03    5.880866016014e-03
9180    9.180000000001e+02    7.341841399124e-03    5.885741266866e-03
9190    9.190000000001e+02    7.354920590869e-03    5.896957112782e-03
9200    9.200000000001e+02    7.361715342305e-03    5.904245690544e-03
9210    9.210000000001e+02    7.338194670281e-03    5.884643233003e-03
9220    9.220000000001e+02    7.324086235220e-03    5.877183410121e-03
9230    9.230000000001e+02    7.323305752144e-03    5.880812864234e-03
9240    9.240000000001e+02    7.333695275834e-03    5.891499552490e-03
9250    9.250000000001e+02    7.349447294445e-03    5.902521262215e-03
9260    9.260000000001e+02    7.343190934124e-03    5.890144468140e-03
9270    9.270000000001e+02    7.329989880565e-03    5.872320404706e-03
9280    9.280000000001e+02    7.327546902709e-03    5.870546401638e-03
9290    9.290000000001e+02    7.334207751661e-03    5.881309165488e-03
9300    9.300000000001e+02    7.347037579081e-03    5.896930893869e-03
9310    9.310000000001e+02    7.355053164725e-03    5.905106564569e-03
9320    9.320000000001e+02    7.334925803398e-03    5.882975541681e-03
9330    9.330000000001e+02    7.328711655552e-03    5.874244701772e-03
9340    9.340000000001e+02    7.334105846933e-03    5.877613900338e-03
9350    9.350000000001e+02    7.347819622590e-03    5.890138029827e-03
9360    9.360000000001e+02    7.361594465744e-03    5.903709317863e-03
9370    9.370000000001e+02    7.347893841193e-03    5.890753337553e-03
9380    9.380000000001e+02    7.333601409512e-03    5.878102834686e-03
9390    9.390000000001e+02    7.331990488839e-03    5.879529817321e-03
9400    9.400000000001e+02    7.341200877144e-03    5.891216743294e-03
9410    9.410000000001e+02    7.356825890953e-03    5.905871657887e-03
9420    9.420000000001e+02    7.362246095014e-03    5.906651177611e-03
9430    9.430000000001e+02    7.345092287720e-03    5.884700759452e-03
9440    9.440000000001e+02    7.340295829707e-03    5.878089137695e-03
9450    9.450000000001e+02    7.345708187396e-03    5.885003276489e-03
9460    9.460000000001e+02    7.358143289515e-03    5.901122164687e-03
9470    9.470000000001e+02    7.368503306519e-03    5.914081698393e-03
9480    9.480000000001e+02    7.353594259575e-03    5.897914497837e-03
9490    9.490000000001e+02    7.344281478011e-03    5.883788407118e-03
9500    9.500000000001e+02    7.347872414266e-03    5.881978746402e-03
9510    9.510000000001e+02    7.359920709956e-03    5.890539148822e-03
9520    9.520000000001e+02    7.373027264130e-03    5.904718378588e-03
9530    9.530000000001e+02    7.369012559711e-03    5.906115473408e-03
9540    9.540000000001e+02    7.347773943983e-03    5.889632970138e-03
9550    9.550000000001e+02    7.342905644559e-03    5.885650552045e-03
9560    9.560000000001e+02    7.352613400332e-03    5.890832034311e-03
9570    9.570000000001e+02    7.370316253688e-03    5.901555334276e-03
9580    9.580000000001e+02    7.383297735541e-03    5.910681376008e-03
9590    9.590000000001e+02    7.366470333865e-03    5.893816811295e-03
9600    9.600000000001e+02    7.355154323963e-03    5.885415919693e-03
9610    9.610000000001e+02    7.356828310591e-03    5.890126537452e-03
9620    9.620000000002e+02    7.370309012460e-03    5.901773783080e-03
9630    9.630000000002e+02    7.389047693681e-03    5.913905445595e-03
9640    9.640000000002e+02    7.386908900353e-03    5.906305300414e-03
9650    9.650000000002e+02    7.370789301070e-03    5.888801410038e-03
9660    9.660000000002e+02    7.367270628837e-03    5.886623061087e-03
9670    9.670000000002e+02    7.374817685801e-03    5.895604376747e-03
9680    9.680000000002e+02    7.388872127997e-03    5.910500678510e-03
9690    9.690000000002e+02    7.398118888956e-03    5.919256942434e-03
9700    9.700000000002e+02    7.378954719858e-03    5.898032430196e-03
9710    9.710000000002e+02    7.370799602048e-03    5.887686216738e-03
9720    9.720000000002e+02    7.374869742782e-03    5.890094860661e-03
9730    9.730000000002e+02    7.388012577336e-03    5.902473451897e-03
9740    9.740000000002e+02    7.402410149057e-03    5.917097791098e-03
9750    9.750000000002e+02    7.392633007039e-03    5.907269628551e-03
9760    9.760000000002e+02    7.378266045283e-03    5.890387155887e-03
9770    9.770000000002e+02    7.379055644523e-03    5.886478331377e-03
9780    9.780000000002e+02    7.390135576095e-03    5.894433436879e-03
9790    9.790000000002e+02    7.405618052363e-03    5.910490717724e-03
9800    9.800000000002e+02    7.415354570228e-03    5.919839800299e-03
9810    9.810000000002e+02    7.394151562215e-03    5.896304803173e-03
9820    9.820000000002e+02    7.387703620177e-03    5.888291274459e-03
9830    9.830000000002e+02    7.394796909755e-03    5.893510434362e-03
9840    9.840000000002e+02    7.411226523489e-03    5.907304152970e-03
9850    9.850000000002e+02    7.429163107244e-03    5.921953540565e-03
9860    9.860000000002e+02    7.418408861471e-03    5.907820949687e-03
9870    9.870000000002e+02    7.406008193811e-03    5.892753151784e-03
9880    9.880000000002e+02    7.406250980992e-03    5.892335044337e-03
9890    9.890000000002e+02    7.417093177701e-03    5.902851723476e-03
9900    9.900000000002e+02    7.433883901421e-03    5.918114957240e-03
9910    9.910000000002e+02    7.438960422523e-03    5.920084182435e-03
9920    9.920000000002e+02    7.417620475346e-03    5.895609521758e-03
9930    9.930000000002e+02    7.410248704266e-03    5.886836989703e-03
9940    9.940000000002e+02    7.414881058879e-03    5.892593958379e-03
9950    9.950000000002e+02    7.428659232511e-03    5.907666566600e-03
9960    9.960000000002e+02    7.442320350244e-03    5.919964900386e-03
9970    9.970000000002e+02    7.428668742092e-03    5.901624840590e-03
9980    9.980000000002e+02    7.419565746659e-03    5.885829507861e-03
9990    9.990000000002e+02    7.424078999363e-03    5.884884379157e-03
10000    1.000000000000e+03    7.438392819984e-03    5.896725290768e-03
10010    1.001000000000e+03    7.455016654208e-03    5.913616391808e-03
10020    1.002000000000e+03    7.453999259563e-03    5.912913124121e-03
10030    1.003000000000e+03    7.435030866807e-03    5.892228733501e-03
10040    1.004000000000e+03    7.434072279458e-03    5.885434464290e-03
10050    1.005000000000e+03    7.447415021835e-03    5.890368836845e-03
10060    1.006000000000e+03    7.466058409798e-03    5.904075525905e-03
10070    1.007000000000e+03    7.477215937751e-03    5.916272858485e-03
10080    1.008000000000e+03    7.455878303237e-03    5.898686379624e-03
10090    1.009000000000e+03    7.443259599637e-03    5.888557523576e-03
10100    1.010000000000e+03    7.447371680911e-03    5.891301215343e-03
10110    1.011000000000e+03    7.463539898226e-03    5.902753397095e-03
10120    1.012000000000e+03    7.483398047645e-03    5.916423336203e-03
10130    1.013000000000e+03    7.480325105632e-03    5.907594010750e-03
10140    1.014000000000e+03    7.462287427307e-03    5.886965888749e-03
10150    1.015000000000e+03    7.457802498878e-03    5.884603314371e-03
10160    1.016000000000e+03    7.464731619310e-03    5.896156770177e-03
10170    1.017000000000e+03    7.480467942278e-03    5.914021349781e-03
10180    1.018000000000e+03    7.493956818406e-03    5.924824489739e-03
10190    1.019000000000e+03    7.476662740432e-03    5.899242497435e-03
10200    1.020000000000e+03    7.472702760473e-03    5.884945996513e-03
10210    1.021000000000e+03    7.481302052972e-03    5.886839422601e-03
10220    1.022000000000e+03    7.497088218207e-03    5.902703769607e-03
10230    1.023000000000e+03    7.512893868972e-03    5.923790969064e-03
10240    1.024000000000e+03    7.502849819210e-03    5.917308040807e-03
10250    1.025000000000e+03    7.488553636250e-03    5.898600898945e-03
10260    1.026000000000e+03    7.491995669356e-03    5.892535116800e-03
10270    1.027000000000e+03    7.505993492011e-03    5.900817559450e-03
10280    1.028000000000e+03    7.524249618811e-03    5.919741422986e-03
10290    1.029000000000e+03    7.534546453361e-03    5.933471928984e-03
10300    1.030000000000e+03    7.507924885376e-03    5.908016026297e-03
10310    1.031000000000e+03    7.500052125489e-03    5.897102871131e-03
10320    1.032000000000e+03    7.507556356647e-03    5.899033740207e-03
10330    1.033000000000e+03    7.524614642942e-03    5.912962752518e-03
10340    1.034000000000e+03    7.541911604781e-03    5.930772184911e-03
10350    1.035000000000e+03    7.525708684214e-03    5.915909774558e-03
10360    1.036000000000e+03    7.508305793975e-03    5.898510310544e-03
10370    1.037000000000e+03    7.507958775025e-03    5.895794625758e-03
10380    1.038000000000e+03    7.520930169615e-03    5.905233071644e-03
10390    1.039000000000e+03    7.541353964052e-03    5.921330046476e-03
10400    1.040000000000e+03    7.546996400318e-03    5.923621461989e-03
10410    1.041000000000e+03    7.522829546236e-03    5.898034519305e-03
10420    1.042000000000e+03    7.513835816524e-03    5.892135522117e-03
10430    1.043000000000e+03    7.519086830480e-03    5.900899975131e-03
10440    1.044000000000e+03    7.535566566617e-03    5.917101375417e-03
10450    1.045000000000e+03    7.550687889591e-03    5.929045359153e-03
10460    1.046000000000e+03    7.533636219512e-03    5.907599425882e-03
10470    1.047000000000e+03    7.519320806970e-03    5.891211299968e-03
10480    1.048000000000e+03    7.518827367957e-03    5.892381734157e-03
10490    1.049000000000e+03    7.529652723300e-03    5.906398627303e-03
10500    1.050000000000e+03    7.545111139882e-03    5.923088115196e-03
10510    1.051000000000e+03    7.542042277087e-03    5.919883146817e-03
10520    1.052000000000e+03    7.520760503975e-03    5.895417128158e-03
10530    1.053000000000e+03    7.516953248935e-03    5.887720814826e-03
10540    1.054000000000e+03    7.527352810676e-03    5.894332462958e-03
10550    1.055000000000e+03    7.544327962767e-03    5.909714787776e-03
10560    1.056000000000e+03    7.555622902684e-03    5.921828510509e-03
10570    1.057000000000e+03    7.535789824179e-03    5.901841346713e-03
10580    1.058000000000e+03    7.526364086432e-03    5.888164355383e-03
10590    1.059000000000e+03    7.531912088752e-03    5.888594078897e-03
10600    1.060000000000e+03    7.545659142398e-03    5.901794972488e-03
10610    1.061000000000e+03    7.559138955636e-03    5.920279541897e-03
10620    1.062000000000e+03    7.548732874820e-03    5.916659733884e-03
10630    1.063000000000e+03    7.527152905781e-03    5.897486529648e-03
10640    1.064000000000e+03    7.524336631306e-03    5.891347822399e-03
10650    1.065000000000e+03    7.534009028534e-03    5.896843440496e-03
10660    1.066000000000e+03    7.548553601685e-03    5.911636109886e-03
10670    1.067000000000e+03    7.555016696140e-03    5.923839954448e-03
10680    1.068000000000e+03    7.528325809650e-03    5.902962504479e-03
10690    1.069000000000e+03    7.516386129893e-03    5.891917129702e-03
10700    1.070000000000e+03    7.520412652330e-03    5.893145362279e-03
10710    1.071000000000e+03    7.535606231296e-03    5.904366304094e-03
10720    1.072000000000e+03    7.552835610460e-03    5.918666770413e-03
10730    1.073000000000e+03    7.543955013858e-03    5.907373789341e-03
10740    1.074000000000e+03    7.527966387546e-03    5.888819901884e-03
10750    1.075000000000e+03    7.526599415281e-03    5.885980042876e-03
10760    1.076000000000e+03    7.536526838816e-03    5.895903836063e-03
10770    1.077000000000e+03    7.552808733528e-03    5.913278606386e-03
10780    1.078000000000e+03    7.563062067473e-03    5.924746761593e-03
10790    1.079000000000e+03    7.538122221349e-03    5.900024949369e-03
10800    1.080000000000e+03    7.528612664017e-03    5.890077937693e-03
10810    1.081000000000e+03    7.531622572915e-03    5.895174213038e-03
10820    1.082000000000e+03    7.543456220794e-03    5.911169425417e-03
10830    1.083000000000e+03    7.557032261826e-03    5.927592548687e-03
10840    1.084000000000e+03    7.541817846672e-03    5.913549210163e-03
10850    1.085000000000e+03    7.525493465768e-03    5.898957393583e-03
10860    1.086000000000e+03    7.523919594866e-03    5.898040892134e-03
10870    1.087000000000e+03    7.535207402590e-03    5.906946573305e-03
10880    1.088000000000e+03    7.552850635491e-03    5.921044091338e-03
10890    1.089000000000e+03    7.556141179138e-03    5.922672287852e-03
10900    1.090000000000e+03    7.531359100288e-03    5.900862120143e-03
10910    1.091000000000e+03    7.521418114599e-03    5.895688448618e-03
10920    1.092000000000e+03    7.526398091311e-03    5.902194096961e-03
10930    1.093000000000e+03    7.541757548485e-03    5.915255937907e-03
10940    1.094000000000e+03    7.555183481108e-03    5.924108936597e-03
10950    1.095000000000e+03    7.538500170450e-03    5.904560360250e-03
10960    1.096000000000e+03    7.523343269866e-03    5.891819456338e-03
10970    1.097000000000e+03    7.520414460565e-03    5.894708964661e-03
10980    1.098000000000e+03    7.528437298152e-03    5.908479021855e-03
10990    1.099000000000e+03    7.540593115945e-03    5.925689143623e-03
11000    1.100000000000e+03    7.538186269630e-03    5.923308286583e-03
11010    1.101000000000e+03    7.521973391151e-03    5.900531791667e-03
11020    1.102000000000e+03    7.522019802652e-03    5.892224216041e-03
11030    1.103000000000e+03    7.531929882864e-03    5.897513520722e-03
11040    1.104000000000e+03    7.543745034539e-03    5.911896476391e-03
11050    1.105000000000e+03    7.547900851050e-03    5.925180131271e-03
11060    1.106000000000e+03    7.523516811896e-03    5.910022075113e-03
11070    1.107000000000e+03    7.509981746640e-03    5.899010931898e-03
11080    1.108000000000e+03    7.512552023571e-03    5.898839302972e-03
11090    1.109000000000e+03    7.525303846817e-03    5.907226540330e-03
11100    1.110000000000e+03    7.538486530556e-03    5.918800221480e-03
11110    1.111000000000e+03    7.528827245615e-03    5.911492834457e-03
11120    1.112000000000e+03    7.507083727470e-03    5.894693440496e-03
11130    1.113000000000e+03    7.500156113944e-03    5.894186649130e-03
11140    1.114000000000e+03    7.505546522488e-03    5.905308585170e-03
11150    1.115000000000e+03    7.519539450898e-03    5.921187173954e-03
11160    1.116000000000e+03    7.530620956553e-03    5.929632061452e-03
11170    1.117000000000e+03    7.512870129840e-03    5.906201030484e-03
11180    1.118000000000e+03    7.506297873602e-03    5.893530572394e-03
11190    1.119000000000e+03    7.511127241809e-03    5.894921950130e-03
11200    1.120000000000e+03    7.522599063541e-03    5.908583453675e-03
11210    1.121000000000e+03    7.533686542792e-03    5.924608872192e-03
11220    1.122000000000e+03    7.519020010841e-03    5.916309382883e-03
11230    1.123000000000e+03    7.498860605655e-03    5.900990791815e-03
11240    1.124000000000e+03    7.494374004396e-03    5.897549004658e-03
11250    1.125000000000e+03    7.502896789010e-03    5.903183686314e-03
11260    1.126000000000e+03    7.518424269099e-03    5.915284410548e-03
11270    1.127000000000e+03    7.527081273968e-03    5.921820625190e-03
11280    1.128000000000e+03    7.500522171555e-03    5.896085843233e-03
11290    1.129000000000e+03    7.487130779463e-03    5.889212301554e-03
11300    1.130000000000e+03    7.487121386682e-03    5.897527803427e-03
11310    1.131000000000e+03    7.498921428143e-03    5.913725892242e-03
11320    1.132000000000e+03    7.515621886879e-03    5.928037679951e-03
11330    1.133000000000e+03    7.504982943225e-03    5.910557046263e-03
11340    1.134000000000e+03    7.492848431392e-03    5.891714540667e-03
11350    1.135000000000e+03    7.492452060871e-03    5.890208548408e-03
11360    1.136000000000e+03    7.501520467008e-03    5.903557802412e-03
11370    1.137000000000e+03    7.516647918318e-03    5.924188904828e-03
11380    1.138000000000e+03    7.520182048851e-03    5.929453931458e-03
11390    1.139000000000e+03    7.497077417517e-03    5.906329440222e-03
11400    1.140000000000e+03    7.489972025594e-03    5.898524624172e-03
11410    1.141000000000e+03    7.496933418445e-03    5.903672451495e-03
11420    1.142000000000e+03    7.512801677930e-03    5.917223000324e-03
11430    1.143000000000e+03    7.525472715854e-03    5.929357815148e-03
11440    1.144000000000e+03    7.505513597467e-03    5.912052036365e-03
11450    1.145000000000e+03    7.487299809364e-03    5.898781372707e-03
11460    1.146000000000e+03    7.483622463819e-03    5.899581069571e-03
11470    1.147000000000e+03    7.492561598829e-03    5.911205038501e-03
11480    1.148000000000e+03    7.506963354908e-03    5.925570183535e-03
11490    1.149000000000e+03    7.504565879861e-03    5.921354660131e-03
11500    1.150000000000e+03    7.481447221298e-03    5.897704295421e-03
11510    1.151000000000e+03    7.474596477637e-03    5.891064188290e-03
11520    1.152000000000e+03    7.481136407572e-03    5.898448425796e-03
11530    1.153000000000e+03    7.494758927450e-03    5.915000960158e-03
11540    1.154000000000e+03    7.505414582479e-03    5.927610545768e-03
11550    1.155000000000e+03    7.486205469438e-03    5.906408182454e-03
11560    1.156000000000e+03    7.476436935033e-03    5.893419232962e-03
11570    1.157000000000e+03    7.481084515141e-03    5.895852758840e-03
11580    1.158000000000e+03    7.494949510550e-03    5.909168225116e-03
11590    1.159000000000e+03    7.511230448098e-03    5.925304010816e-03
11600    1.160000000000e+03    7.505526112222e-03    5.918820294937e-03
11610    1.161000000000e+03    7.485871587581e-03    5.899569599023e-03
11620    1.162000000000e+03    7.480709372826e-03    5.896638669583e-03
11630    1.163000000000e+03    7.486635364089e-03    5.905780389185e-03
11640    1.164000000000e+03    7.499428256931e-03    5.920904802224e-03
11650    1.165000000000e+03    7.507274367803e-03    5.929373474828e-03
11660    1.166000000000e+03    7.482146610254e-03    5.904660110900e-03
11670    1.167000000000e+03    7.467758035241e-03    5.893390192796e-03
11680    1.168000000000e+03    7.467570726597e-03    5.897030725464e-03
11690    1.169000000000e+03    7.478496341441e-03    5.910261109420e-03
11700    1.170000000000e+03    7.492086252676e-03    5.924950238295e-03
11710    1.171000000000e+03    7.480647167968e-03    5.913776507441e-03
11720    1.172000000000e+03    7.462969544406e-03    5.895494370634e-03
11730    1.173000000000e+03    7.460788090159e-03    5.892100300116e-03
11740    1.174000000000e+03    7.471431950443e-03    5.900389258386e-03
11750    1.175000000000e+03    7.488442119189e-03    5.915384444961e-03
11760    1.176000000000e+03    7.497815513960e-03    5.923636863372e-03
11770    1.177000000000e+03    7.472228712618e-03    5.899342615521e-03
11780    1.178000000000e+03    7.462158056743e-03    5.891191662158e-03
11790    1.179000000000e+03    7.466242047074e-03    5.895543973566e-03
11800    1.180000000000e+03    7.480106439743e-03    5.908698550229e-03
11810    1.181000000000e+03    7.494336476720e-03    5.922940963501e-03
11820    1.182000000000e+03    7.479314050958e-03    5.907427420425e-03
11830    1.183000000000e+03    7.463578825934e-03    5.890554680263e-03
11840    1.184000000000e+03    7.461982026299e-03    5.888361280086e-03
11850    1.185000000000e+03    7.471061871898e-03    5.898355123463e-03
11860    1.186000000000e+03    7.483951224280e-03    5.915363238273e-03
11870    1.187000000000e+03    7.482355017211e-03    5.919466576415e-03
11880    1.188000000000e+03    7.455674811828e-03    5.897398371417e-03
11890    1.189000000000e+03    7.445623247880e-03    5.889677340747e-03
11900    1.190000000000e+03    7.450893733919e-03    5.892662759834e-03
11910    1.191000000000e+03    7.466339030321e-03    5.902768292799e-03
11920    1.192000000000e+03    7.477854816886e-03    5.912795827498e-03
11930    1.193000000000e+03    7.457144970309e-03    5.896515029235e-03
11940    1.194000000000e+03    7.438117622542e-03    5.886027308406e-03
11950    1.195000000000e+03    7.434412215304e-03    5.889459775972e-03
11960    1.196000000000e+03    7.445905463709e-03    5.900681890125e-03
11970    1.197000000000e+03    7.464980023788e-03    5.910749414397e-03
11980    1.198000000000e+03    7.468555135279e-03    5.903566006964e-03
11990    1.199000000000e+03    7.450411807554e-03    5.881293827770e-03
12000    1.200000000000e+03    7.442947761696e-03    5.878364866476e-03
12010    1.201000000000e+03    7.445588019137e-03    5.890505031857e-03
12020    1.202000000000e+03    7.455760774728e-03    5.909487223107e-03
12030    1.203000000000e+03    7.466554397577e-03    5.920945453909e-03
12040    1.204000000000e+03    7.450328311618e-03    5.898613349018e-03
12050    1.205000000000e+03    7.441575631632e-03    5.883291280043e-03
12060    1.206000000000e+03    7.443519920043e-03    5.884105057703e-03
12070    1.207000000000e+03    7.452724883534e-03    5.897174913116e-03
12080    1.208000000000e+03    7.463954475116e-03    5.913968988352e-03
12090    1.209000000000e+03    7.455439036519e-03    5.910348349971e-03
12100    1.210000000000e+03    7.435823167886e-03    5.893018550523e-03
12110    1.211000000000e+03    7.432144197447e-03    5.888774890991e-03
12120    1.212000000000e+03    7.440924371990e-03    5.894955348595e-03
12130    1.213000000000e+03    7.456314195712e-03    5.909053215873e-03
12140    1.214000000000e+03    7.466778248426e-03    5.918503406974e-03
12150    1.215000000000e+03    7.446447329819e-03    5.895909367609e-03
12160    1.216000000000e+03    7.435943281067e-03    5.885812948691e-03
12170    1.217000000000e+03    7.437187763484e-03    5.889864072742e-03
12180    1.218000000000e+03    7.447209943347e-03    5.903441256123e-03
12190    1.219000000000e+03    7.459143693833e-03    5.919617817199e-03
12200    1.220000000000e+03    7.447221962649e-03    5.911426663260e-03
12210    1.221000000000e+03    7.430131142095e-03    5.894324809560e-03
12220    1.222000000000e+03    7.429698116871e-03    5.888890706046e-03
12230    1.223000000000e+03    7.440768070968e-03    5.894022478060e-03
12240    1.224000000000e+03    7.455962988118e-03    5.907427144848e-03
12250    1.225000000000e+03    7.461539627331e-03    5.916582033933e-03
12260    1.226000000000e+03    7.434979173862e-03    5.896424932871e-03
12270    1.227000000000e+03    7.424903127286e-03    5.890261798413e-03
12280    1.228000000000e+03    7.429910893396e-03    5.893946587094e-03
12290    1.229000000000e+03    7.445750195930e-03    5.903257792852e-03
12300    1.230000000000e+03    7.460969949062e-03    5.913369765040e-03
12310    1.231000000000e+03    7.445823576893e-03    5.898612007513e-03
12320    1.232000000000e+03    7.429151583915e-03    5.884861405320e-03
12330    1.233000000000e+03    7.425739053445e-03    5.885304323783e-03
12340    1.234000000000e+03    7.432932854247e-03    5.896545572796e-03
12350    1.235000000000e+03    7.445359416915e-03    5.911482684496e-03
12360    1.236000000000e+03    7.445242155553e-03    5.912485389672e-03
12370    1.237000000000e+03    7.423267508734e-03    5.891630204133e-03
12380    1.238000000000e+03    7.416804759293e-03    5.884891404094e-03
12390    1.239000000000e+03    7.422767401030e-03    5.889408803341e-03
12400    1.240000000000e+03    7.435862162808e-03    5.902072150093e-03
12410    1.241000000000e+03    7.445338417471e-03    5.913073938245e-03
12420    1.242000000000e+03    7.427982797937e-03    5.896970747017e-03
12430    1.243000000000e+03    7.414794424057e-03    5.884210791010e-03
12440    1.244000000000e+03    7.414973111606e-03    5.885243775992e-03
12450    1.245000000000e+03    7.424349570177e-03    5.896535804823e-03
12460    1.246000000000e+03    7.436561414775e-03    5.910391327234e-03
12470    1.247000000000e+03    7.433016210614e-03    5.909113684538e-03
12480    1.248000000000e+03    7.414209429132e-03    5.889858664887e-03
12490    1.249000000000e+03    7.410890738843e-03    5.883239972718e-03
12500    1.250000000000e+03    7.419475335051e-03    5.888757429602e-03
12510    1.251000000000e+03    7.433408443565e-03    5.902931276978e-03
12520    1.252000000000e+03    7.443066661147e-03    5.915218830523e-03
12530    1.253000000000e+03    7.424549413914e-03    5.899682039853e-03
12540    1.254000000000e+03    7.413492789423e-03    5.890376701245e-03
12550    1.255000000000e+03    7.416896568925e-03    5.892202979339e-03
12560    1.256000000000e+03    7.430629487037e-03    5.901235613237e-03
12570    1.257000000000e+03    7.446561121109e-03    5.912818193792e-03
12580    1.258000000000e+03    7.441674276879e-03    5.907739434406e-03
12590    1.259000000000e+03    7.422601110022e-03    5.892016388316e-03
12600    1.260000000000e+03    7.415504154501e-03    5.891086564588e-03
12610    1.261000000000e+03    7.419935332848e-03    5.901402012569e-03
12620    1.262000000000e+03    7.433710364087e-03    5.915559637288e-03
12630    1.263000000000e+03    7.445359359601e-03    5.921887057411e-03
12640    1.264000000000e+03    7.427542597360e-03    5.899289523768e-03
12650    1.265000000000e+03    7.419950435924e-03    5.889535557799e-03
12660    1.266000000000e+03    7.423828788649e-03    5.892798852074e-03
12670    1.267000000000e+03    7.434764737793e-03    5.907081532314e-03
12680    1.268000000000e+03    7.447515998216e-03    5.923980294028e-03
12690    1.269000000000e+03    7.438472336022e-03    5.914441640016e-03
12700    1.270000000000e+03    7.424981435647e-03    5.895873014197e-03
12710    1.271000000000e+03    7.425783995033e-03    5.891523287573e-03
12720    1.272000000000e+03    7.435709411013e-03    5.900617330553e-03
12730    1.273000000000e+03    7.449143707396e-03    5.917921812397e-03
12740    1.274000000000e+03    7.455100109590e-03    5.929122497946e-03
12750    1.275000000000e+03    7.432027597653e-03    5.908036839173e-03
12760    1.276000000000e+03    7.426248168855e-03    5.899414624764e-03
12770    1.277000000000e+03    7.434899121933e-03    5.901602502490e-03
12780    1.278000000000e+03    7.451648035766e-03    5.913720150602e-03
12790    1.279000000000e+03    7.467337583592e-03    5.929294828093e-03
12800    1.280000000000e+03    7.452802153633e-03    5.917572547332e-03
12810    1.281000000000e+03    7.436400953874e-03    5.905768545745e-03
12820    1.282000000000e+03    7.435816752850e-03    5.906983577916e-03
12830    1.283000000000e+03    7.449194914665e-03    5.915854217164e-03
12840    1.284000000000e+03    7.469525940753e-03    5.927803735176e-03
12850    1.285000000000e+03    7.476096455719e-03    5.928336672696e-03
12860    1.286000000000e+03    7.454634629935e-03    5.907029982154e-03
12870    1.287000000000e+03    7.444097274659e-03    5.904062719310e-03
12880    1.288000000000e+03    7.445340388134e-03    5.915217884649e-03
12890    1.289000000000e+03    7.459365421461e-03    5.932573240898e-03
12900    1.290000000000e+03    7.476222873039e-03    5.943107733401e-03
12910    1.291000000000e+03    7.465310285517e-03    5.921153859163e-03
12920    1.292000000000e+03    7.456898186955e-03    5.904135513447e-03
12930    1.293000000000e+03    7.459415554545e-03    5.904492928494e-03
12940    1.294000000000e+03    7.468891727096e-03    5.919644015194e-03
12950    1.295000000000e+03    7.480549190422e-03    5.940652365098e-03
12960    1.296000000000e+03    7.477468038723e-03    5.942808422333e-03
12970    1.297000000000e+03    7.458588109741e-03    5.919777539930e-03
12980    1.298000000000e+03    7.457638861855e-03    5.908889320381e-03
12990    1.299000000000e+03    7.469290917538e-03    5.911506180382e-03
13000    1.300000000000e+03    7.485035018970e-03    5.925633383413e-03
13010    1.301000000000e+03    7.493313468463e-03    5.939791383753e-03
13020    1.302000000000e+03    7.468168380720e-03    5.922478439061e-03
13030    1.303000000000e+03    7.451952811493e-03    5.912817837270e-03
13040    1.304000000000e+03    7.454027313811e-03    5.915104094129e-03
13050    1.305000000000e+03    7.469877574303e-03    5.924431266976e-03
13060    1.306000000000e+03    7.491076151292e-03    5.936281656432e-03
13070    1.307000000000e+03    7.488774854324e-03    5.927609265200e-03
13080    1.308000000000e+03    7.468456524234e-03    5.908161519073e-03
13090    1.309000000000e+03    7.461509783012e-03    5.908383632232e-03
13100    1.310000000000e+03    7.468795567395e-03    5.920777985921e-03
13110    1.311000000000e+03    7.486398666678e-03    5.937166569311e-03
13120    1.312000000000e+03    7.500076533966e-03    5.945018183411e-03
13130    1.313000000000e+03    7.479817018519e-03    5.918599216784e-03
13140    1.314000000000e+03    7.470361683012e-03    5.905623231229e-03
13150    1.315000000000e+03    7.472860738689e-03    5.908348768571e-03
13160    1.316000000000e+03    7.484138900933e-03    5.922893937168e-03
13170    1.317000000000e+03    7.496884206851e-03    5.940002383795e-03
13180    1.318000000000e+03    7.482815079658e-03    5.928479310569e-03
13190    1.319000000000e+03    7.462414434808e-03    5.908437249673e-03
13200    1.320000000000e+03    7.459314798467e-03    5.903406450670e-03
13210    1.321000000000e+03    7.469492194361e-03    5.911417448260e-03
13220    1.322000000000e+03    7.486207805817e-03    5.926866580012e-03
13230    1.323000000000e+03    7.495774359154e-03    5.935404003139e-03
13240    1.324000000000e+03    7.470808449859e-03    5.909403847909e-03
13250    1.325000000000e+03    7.462522657558e-03    5.900733328417e-03
13260    1.326000000000e+03    7.468993156556e-03    5.906251109991e-03
13270    1.327000000000e+03    7.486098012018e-03    5.921763535298e-03
13280    1.328000000000e+03    7.504873635083e-03    5.937740880654e-03
13290    1.329000000000e+03    7.491575606598e-03    5.919519806412e-03
13300    1.330000000000e+03    7.476334778919e-03    5.900474073314e-03
13310    1.331000000000e+03    7.475305513604e-03    5.898637382415e-03
13320    1.332000000000e+03    7.484221390767e-03    5.910883266552e-03
13330    1.333000000000e+03    7.497637732570e-03    5.931442235124e-03
13340    1.334000000000e+03    7.498489281888e-03    5.937772265497e-03
13350    1.335000000000e+03    7.473572309295e-03    5.911239533816e-03
13360    1.336000000000e+03    7.467119371818e-03    5.899290674279e-03
13370    1.337000000000e+03    7.475262555044e-03    5.902527207581e-03
13380    1.338000000000e+03    7.492322628101e-03    5.918360987380e-03
13390    1.339000000000e+03    7.506165833959e-03    5.934256133514e-03
13400    1.340000000000e+03    7.485727818547e-03    5.917873203543e-03
13410    1.341000000000e+03    7.469105616720e-03    5.904418893806e-03
13420    1.342000000000e+03    7.469943571360e-03    5.904010978156e-03
13430    1.343000000000e+03    7.484317421330e-03    5.913860767578e-03
13440    1.344000000000e+03    7.503592099001e-03    5.928085394771e-03
13450    1.345000000000e+03    7.504295379624e-03    5.925152811869e-03
13460    1.346000000000e+03    7.481906565580e-03    5.900934124838e-03
13470    1.347000000000e+03    7.473322559095e-03    5.895733373109e-03
13480    1.348000000000e+03    7.478125440826e-03    5.905826586968e-03
13490    1.349000000000e+03    7.491808835319e-03    5.922945139901e-03
13500    1.350000000000e+03    7.502582584368e-03    5.934269209320e-03
13510    1.351000000000e+03    7.482319791553e-03    5.911803806157e-03
13520    1.352000000000e+03    7.471578180223e-03    5.896364814362e-03
13530    1.353000000000e+03    7.475163931867e-03    5.895768711525e-03
13540    1.354000000000e+03    7.486492119455e-03    5.909205885473e-03
13550    1.355000000000e+03    7.498974603893e-03    5.928477075031e-03
13560    1.356000000000e+03    7.489137566230e-03    5.923816455834e-03
13570    1.357000000000e+03    7.467281069941e-03    5.903833686716e-03
13580    1.358000000000e+03    7.463481789370e-03    5.898317886022e-03
13590    1.359000000000e+03    7.473588476500e-03    5.903076936193e-03
13600    1.360000000000e+03    7.489893572607e-03    5.915082209867e-03
13610    1.361000000000e+03    7.499004298815e-03    5.924064671490e-03
13620    1.362000000000e+03    7.474672430501e-03    5.902555523789e-03
13630    1.363000000000e+03    7.461442788526e-03    5.893132038182e-03
13640    1.364000000000e+03    7.461336416756e-03    5.897041321077e-03
13650    1.365000000000e+03    7.471956099104e-03    5.909453804634e-03
13660    1.366000000000e+03    7.486044093811e-03    5.921489592765e-03
13670    1.367000000000e+03    7.475888114555e-03    5.907500767535e-03
13680    1.368000000000e+03    7.459274136357e-03    5.889158472201e-03
13690    1.369000000000e+03    7.455941192775e-03    5.886916396776e-03
13700    1.370000000000e+03    7.462159997494e-03    5.896898000174e-03
13710    1.371000000000e+03    7.472413697688e-03    5.913600018175e-03
13720    1.372000000000e+03    7.476004492161e-03    5.922829469455e-03
13730    1.373000000000e+03    7.452021724604e-03    5.897937039663e-03
13740    1.374000000000e+03    7.444763823550e-03    5.885745366868e-03
13750    1.375000000000e+03    7.449643021593e-03    5.888203005270e-03
13760    1.376000000000e+03    7.460667146495e-03    5.901978807742e-03
13770    1.377000000000e+03    7.470138385257e-03    5.916900338889e-03
13780    1.378000000000e+03    7.451446333179e-03    5.905280133447e-03
13790    1.379000000000e+03    7.434246931931e-03    5.893249920518e-03
13800    1.380000000000e+03    7.433773763374e-03    5.891280268770e-03
13810    1.381000000000e+03    7.445320317143e-03    5.898435769268e-03
13820    1.382000000000e+03    7.460760055218e-03    5.912052986787e-03
13830    1.383000000000e+03    7.462342248582e-03    5.914036464674e-03
13840    1.384000000000e+03    7.440356022938e-03    5.894933530726e-03
13850    1.385000000000e+03    7.432213161079e-03    5.891107511161e-03
13860    1.386000000000e+03    7.436943857373e-03    5.897505451685e-03
13870    1.387000000000e+03    7.450372331537e-03    5.909548310228e-03
13880    1.388000000000e+03    7.461512071364e-03    5.918247201407e-03
13890    1.389000000000e+03    7.445152398819e-03    5.901759578592e-03
13900    1.390000000000e+03    7.430646905886e-03    5.890153427572e-03
13910    1.391000000000e+03    7.427273012755e-03    5.891399582652e-03
13920    1.392000000000e+03    7.432659345696e-03    5.902283595788e-03
13930    1.393000000000e+03    7.441919971960e-03    5.915425798776e-03
13940    1.394000000000e+03    7.437593200874e-03    5.911306429880e-03
13950    1.395000000000e+03    7.417162284506e-03    5.890298044505e-03
13960    1.396000000000e+03    7.409258692076e-03    5.885674327146e-03
13970    1.397000000000e+03    7.412842311230e-03    5.893294382076e-03
13980    1.398000000000e+03    7.422349679836e-03    5.906937875807e-03
13990    1.399000000000e+03    7.429731953574e-03    5.916937464463e-03
14000    1.400000000000e+03    7.411989568067e-03    5.898099761907e-03
14010    1.401000000000e+03    7.403016581713e-03    5.884586898901e-03
14020    1.402000000000e+03    7.405178341326e-03    5.884923889425e-03
14030    1.403000000000e+03    7.414896051966e-03    5.895856018469e-03
14040    1.404000000000e+03    7.425433236929e-03    5.909957335462e-03
14050    1.405000000000e+03    7.416034822310e-03    5.905566546971e-03
14060    1.406000000000e+03    7.395167121568e-03    5.889306119570e-03
14070    1.407000000000e+03    7.389249703966e-03    5.884610114663e-03
14080    1.408000000000e+03    7.395079466448e-03    5.888676498216e-03
14090    1.409000000000e+03    7.406230102980e-03    5.899193544792e-03
14100    1.410000000000e+03    7.411409592428e-03    5.906778068493e-03
14110    1.411000000000e+03    7.387505428142e-03    5.887624354727e-03
14120    1.412000000000e+03    7.373384378269e-03    5.879871961952e-03
14130    1.413000000000e+03    7.372008490580e-03    5.884152885301e-03
14140    1.414000000000e+03    7.382250344843e-03    5.895887059523e-03
14150    1.415000000000e+03    7.396521386549e-03    5.907174680033e-03
14160    1.416000000000e+03    7.388135851191e-03    5.895351778236e-03
14170    1.417000000000e+03    7.372164926211e-03    5.878815495635e-03
14180    1.418000000000e+03    7.368341089676e-03    5.876590767002e-03
14190    1.419000000000e+03    7.373618241993e-03    5.885601709451e-03
14200    1.420000000000e+03    7.384109381692e-03    5.901362246732e-03
14210    1.421000000000e+03    7.389693040690e-03    5.909697803872e-03
14220    1.422000000000e+03    7.366422723585e-03    5.886261074011e-03
14230    1.423000000000e+03    7.357553731339e-03    5.876756206817e-03
14240    1.424000000000e+03    7.360107919631e-03    5.879986794753e-03
14250    1.425000000000e+03    7.371028771567e-03    5.892458875678e-03
14260    1.426000000000e+03    7.382035503010e-03    5.907550129450e-03
14270    1.427000000000e+03    7.366275860258e-03    5.896134439354e-03
14280    1.428000000000e+03    7.350169994513e-03    5.882500210646e-03
14290    1.429000000000e+03    7.348110494579e-03    5.881189183128e-03
14300    1.430000000000e+03    7.356180296108e-03    5.890414168789e-03
14310    1.431000000000e+03    7.368684522604e-03    5.905700050789e-03
14320    1.432000000000e+03    7.369696554922e-03    5.909372293900e-03
14330    1.433000000000e+03    7.347088505050e-03    5.888196556953e-03
14340    1.434000000000e+03    7.337716160769e-03    5.880934510060e-03
14350    1.435000000000e+03    7.340519341203e-03    5.885804079298e-03
14360    1.436000000000e+03    7.351652728575e-03    5.898674845412e-03
14370    1.437000000000e+03    7.360802993683e-03    5.910628529818e-03
14380    1.438000000000e+03    7.343429853569e-03    5.896051184209e-03
14390    1.439000000000e+03    7.330483094531e-03    5.883719098165e-03
14400    1.440000000000e+03    7.331647362806e-03    5.883417323275e-03
14410    1.441000000000e+03    7.342225448285e-03    5.893693122744e-03
14420    1.442000000000e+03    7.355419400925e-03    5.907707272854e-03
14430    1.443000000000e+03    7.352901460540e-03    5.907198747082e-03
14440    1.444000000000e+03    7.332446007814e-03    5.890882044696e-03
14450    1.445000000000e+03    7.325980123694e-03    5.887843323762e-03
14460    1.446000000000e+03    7.332505162218e-03    5.894230197555e-03
14470    1.447000000000e+03    7.345423505941e-03    5.906632806727e-03
14480    1.448000000000e+03    7.353298632303e-03    5.916584171246e-03
14490    1.449000000000e+03    7.333753935974e-03    5.899910773223e-03
14500    1.450000000000e+03    7.321474345905e-03    5.890086383260e-03
14510    1.451000000000e+03    7.321907342607e-03    5.892391891393e-03
14520    1.452000000000e+03    7.330886511777e-03    5.903127283091e-03
14530    1.453000000000e+03    7.342448534692e-03    5.915452853515e-03
14540    1.454000000000e+03    7.335828008065e-03    5.909112938753e-03
14550    1.455000000000e+03    7.318659355869e-03    5.892437289731e-03
14560    1.456000000000e+03    7.315219316717e-03    5.889471774935e-03
14570    1.457000000000e+03    7.322569931935e-03    5.896955033677e-03
14580    1.458000000000e+03    7.335089247969e-03    5.910316255722e-03
14590    1.459000000000e+03    7.342755538765e-03    5.917629334363e-03
14600    1.460000000000e+03    7.325666298152e-03    5.898541508941e-03
14610    1.461000000000e+03    7.318338238725e-03    5.891126543247e-03
14620    1.462000000000e+03    7.321256975702e-03    5.896227569792e-03
14630    1.463000000000e+03    7.332329591709e-03    5.909123906349e-03
14640    1.464000000000e+03    7.345709908666e-03    5.921590414800e-03
14650    1.465000000000e+03    7.338190657748e-03    5.911674098570e-03
14660    1.466000000000e+03    7.325826271025e-03    5.896054838558e-03
14670    1.467000000000e+03    7.325518511764e-03    5.893365057091e-03
14680    1.468000000000e+03    7.332305498209e-03    5.902946099923e-03
14690    1.469000000000e+03    7.340951579563e-03    5.919191523390e-03
14700    1.470000000000e+03    7.343164302019e-03    5.927318916292e-03
14710    1.471000000000e+03    7.320879240825e-03    5.905455470383e-03
14720    1.472000000000e+03    7.314362727596e-03    5.894887147406e-03
14730    1.473000000000e+03    7.320259156475e-03    5.894564972550e-03
14740    1.474000000000e+03    7.332682384367e-03    5.904038818699e-03
14750    1.475000000000e+03    7.342560716564e-03    5.918057135204e-03
14760    1.476000000000e+03    7.324607043074e-03    5.908084004659e-03
14770    1.477000000000e+03    7.307577412577e-03    5.897345267840e-03
14780    1.478000000000e+03    7.307915822714e-03    5.896864117858e-03
14790    1.479000000000e+03    7.322500760373e-03    5.902506288294e-03
14800    1.480000000000e+03    7.343244262494e-03    5.912048055507e-03
14810    1.481000000000e+03    7.350454217622e-03    5.911933094467e-03
14820    1.482000000000e+03    7.330008957320e-03    5.892716569178e-03
14830    1.483000000000e+03    7.320228509417e-03    5.890428150451e-03
14840    1.484000000000e+03    7.322305405665e-03    5.899412009057e-03
14850    1.485000000000e+03    7.335455624672e-03    5.913228911595e-03
14860    1.486000000000e+03    7.348845688405e-03    5.921785814280e-03
14870    1.487000000000e+03    7.334514302649e-03    5.900344017391e-03
14880    1.488000000000e+03    7.320545726360e-03    5.883725812055e-03
14890    1.489000000000e+03    7.316549361889e-03    5.884183414310e-03
14900    1.490000000000e+03    7.321711270695e-03    5.896836335523e-03
14910    1.491000000000e+03    7.332764301078e-03    5.912064903896e-03
14920    1.492000000000e+03    7.331497880688e-03    5.909421505748e-03
14930    1.493000000000e+03    7.313250071392e-03    5.885203556318e-03
14940    1.494000000000e+03    7.309531286224e-03    5.876182265638e-03
14950    1.495000000000e+03    7.316837089323e-03    5.882663936063e-03
14960    1.496000000000e+03    7.330908521771e-03    5.898415747652e-03
14970    1.497000000000e+03    7.343298271606e-03    5.910401043366e-03
14980    1.498000000000e+03    7.325793131627e-03    5.889323610063e-03
14990    1.499000000000e+03    7.315127023303e-03    5.875395530893e-03
15000    1.500000000000e+03    7.317374549174e-03    5.876121124857e-03
15010    1.501000000000e+03    7.328140391217e-03    5.889127319278e-03
15020    1.502000000000e+03    7.342774163407e-03    5.906857764785e-03
15030    1.503000000000e+03    7.337682019591e-03    5.901996567445e-03
15040    1.504000000000e+03    7.319053592959e-03    5.880441422050e-03
15050    1.505000000000e+03    7.316159626293e-03    5.874142629182e-03
15060    1.506000000000e+03    7.324885999634e-03    5.881905129172e-03
15070    1.507000000000e+03    7.340693770874e-03    5.898770341446e-03
15080    1.508000000000e+03    7.352501354473e-03    5.910739430874e-03
15090    1.509000000000e+03    7.331638211558e-03    5.888450606108e-03
15100    1.510000000000e+03    7.322801936324e-03    5.876792646632e-03
15110    1.511000000000e+03    7.327869197495e-03    5.877252202481e-03
15120    1.512000000000e+03    7.343287431491e-03    5.888447511097e-03
15130    1.513000000000e+03    7.359135114812e-03    5.904732450290e-03
15140    1.514000000000e+03    7.347720180090e-03    5.895384751966e-03
15150    1.515000000000e+03    7.327449753352e-03    5.878451420358e-03
15160    1.516000000000e+03    7.322450920397e-03    5.877047473405e-03
15170    1.517000000000e+03    7.331596174762e-03    5.886543283850e-03
15180    1.518000000000e+03    7.349757241557e-03    5.900012241909e-03
15190    1.519000000000e+03    7.361604896904e-03    5.906203259656e-03
15200    1.520000000000e+03    7.338451947590e-03    5.880880719815e-03
15210    1.521000000000e+03    7.329211765983e-03    5.872566258404e-03
15220    1.522000000000e+03    7.333086561189e-03    5.878909191779e-03
15230    1.523000000000e+03    7.346607431307e-03    5.895171072552e-03
15240    1.524000000000e+03    7.363020300931e-03    5.910113410209e-03
15250    1.525000000000e+03    7.352358707719e-03    5.893112615922e-03
15260    1.526000000000e+03    7.342108682928e-03    5.875386979824e-03
15270    1.527000000000e+03    7.344910906494e-03    5.873230712496e-03
15280    1.528000000000e+03    7.356610799186e-03    5.884311374757e-03
15290    1.529000000000e+03    7.371479251848e-03    5.902638927182e-03
15300    1.530000000000e+03    7.372704614837e-03    5.909803425311e-03
15310    1.531000000000e+03    7.350675452358e-03    5.891195624827e-03
15320    1.532000000000e+03    7.347709547723e-03    5.883402997824e-03
15330    1.533000000000e+03    7.359195265031e-03    5.886039506549e-03
15340    1.534000000000e+03    7.377209551188e-03    5.898351812903e-03
15350    1.535000000000e+03    7.389425589001e-03    5.909632332987e-03
15360    1.536000000000e+03    7.371002178420e-03    5.895365484321e-03
15370    1.537000000000e+03    7.355509153274e-03    5.887593050829e-03
15380    1.538000000000e+03    7.355350193533e-03    5.891421867091e-03
15390    1.539000000000e+03    7.368286830161e-03    5.901771971367e-03
15400    1.540000000000e+03    7.386447603821e-03    5.913500393035e-03
15410    1.541000000000e+03    7.388966592887e-03    5.908951312449e-03
15420    1.542000000000e+03    7.374612025683e-03    5.887538967727e-03
15430    1.543000000000e+03    7.372873787146e-03    5.883153366085e-03
15440    1.544000000000e+03    7.380923828052e-03    5.893244881008e-03
15450    1.545000000000e+03    7.393390644272e-03    5.909800413065e-03
15460    1.546000000000e+03    7.403213063740e-03    5.919818316215e-03
15470    1.547000000000e+03    7.388698345285e-03    5.901221430577e-03
15480    1.548000000000e+03    7.382839377798e-03    5.888940871955e-03
15490    1.549000000000e+03    7.389667978989e-03    5.888935965231e-03
15500    1.550000000000e+03    7.403519371303e-03    5.898854046791e-03
15510    1.551000000000e+03    7.416077458496e-03    5.913309576499e-03
15520    1.552000000000e+03    7.407028144508e-03    5.909875078032e-03
15530    1.553000000000e+03    7.387993653824e-03    5.896013121856e-03
15540    1.554000000000e+03    7.383569696551e-03    5.895112323742e-03
15550    1.555000000000e+03    7.391931140203e-03    5.902347918891e-03
15560    1.556000000000e+03    7.407305044233e-03    5.912142517445e-03
15570    1.557000000000e+03    7.418334070492e-03    5.916164439441e-03
15580    1.558000000000e+03    7.400539050348e-03    5.895210041672e-03
15590    1.559000000000e+03    7.390455493755e-03    5.887564791010e-03
15600    1.560000000000e+03    7.391526445351e-03    5.892671924812e-03
15610    1.561000000000e+03    7.401928901061e-03    5.906191297981e-03
15620    1.562000000000e+03    7.415535187799e-03    5.919043853282e-03
15630    1.563000000000e+03    7.409578615187e-03    5.906152681746e-03
15640    1.564000000000e+03    7.399688478050e-03    5.887056313441e-03
15650    1.565000000000e+03    7.401758438042e-03    5.882588330678e-03
15660    1.566000000000e+03    7.410870539723e-03    5.891132528632e-03
15670    1.567000000000e+03    7.422830419546e-03    5.907949343964e-03
15680    1.568000000000e+03    7.427829192929e-03    5.920244290792e-03
15690    1.569000000000e+03    7.403162903941e-03    5.900877362365e-03
15700    1.570000000000e+03    7.395507764901e-03    5.892911623960e-03
15710    1.571000000000e+03    7.403373747620e-03    5.893845660466e-03
15720    1.572000000000e+03    7.420929670465e-03    5.902403627260e-03
15730    1.573000000000e+03    7.437427942140e-03    5.914335713896e-03
15740    1.574000000000e+03    7.423819585322e-03    5.903024764848e-03
15750    1.575000000000e+03    7.406441462916e-03    5.892758236769e-03
15760    1.576000000000e+03    7.401832184519e-03    5.896052352909e-03
15770    1.577000000000e+03    7.411029342700e-03    5.906508676162e-03
15780    1.578000000000e+03    7.430327918501e-03    5.918476867919e-03
15790    1.579000000000e+03    7.440280928646e-03    5.916897273892e-03
15800    1.580000000000e+03    7.423786493957e-03    5.892338502235e-03
15810    1.581000000000e+03    7.417270261768e-03    5.886117178306e-03
15820    1.582000000000e+03    7.419270472167e-03    5.896055154153e-03
15830    1.583000000000e+03    7.429201669681e-03    5.915100367929e-03
15840    1.584000000000e+03    7.439796039830e-03    5.930061412073e-03
15850    1.585000000000e+03    7.425886483892e-03    5.912858493502e-03
15860    1.586000000000e+03    7.417226143729e-03    5.896048324757e-03
15870    1.587000000000e+03    7.422183882371e-03    5.892760638744e-03
15880    1.588000000000e+03    7.435453789657e-03    5.902722961764e-03
15890    1.589000000000e+03    7.449749595398e-03    5.919678273131e-03
15900    1.590000000000e+03    7.447380703470e-03    5.921266809310e-03
15910    1.591000000000e+03    7.426392516189e-03    5.903931230932e-03
15920    1.592000000000e+03    7.421320979826e-03    5.899713093640e-03
15930    1.593000000000e+03    7.430382750306e-03    5.905915658332e-03
15940    1.594000000000e+03    7.448894114942e-03    5.917726362895e-03
15950    1.595000000000e+03    7.464757237047e-03    5.925906027187e-03
15960    1.596000000000e+03    7.448336948840e-03    5.906235909606e-03
15970    1.597000000000e+03    7.435721395924e-03    5.897720432586e-03
15980    1.598000000000e+03    7.434598560285e-03    5.904797917538e-03
15990    1.599000000000e+03    7.444764753310e-03    5.919697852732e-03
16000    1.600000000000e+03    7.461814339767e-03    5.933956252193e-03
