time_step time kinetic_energy potential_energy
10600    5.300000000001e+02    8.643907790005e-03    7.119422464712e-03
10610    5.305000000001e+02    8.682299733071e-03    7.161570049902e-03
10620    5.310000000001e+02    8.643228182797e-03    7.124301929252e-03
10630    5.315000000001e+02    8.656626307122e-03    7.139946163988e-03
10640    5.320000000001e+02    8.656246312353e-03    7.140870750845e-03
10650    5.325000000001e+02    8.637345225016e-03    7.121979623662e-03
10660    5.330000000001e+02    8.673572976827e-03    7.158558976698e-03
10670    5.335000000001e+02    8.636137169130e-03    7.119895341930e-03
10680    5.340000000001e+02    8.658537099821e-03    7.142245957766e-03
10690    5.345000000001e+02    8.648458326115e-03    7.131465359635e-03
10700    5.350000000001e+02    8.636282796606e-03    7.118358852495e-03
10710    5.355000000001e+02    8.666870928822e-03    7.148921452426e-03
10720    5.360000000001e+02    8.631789178039e-03    7.112391757801e-03
10730    5.365000000001e+02    8.662484479447e-03    7.143336461922e-03
10740    5.370000000001e+02    8.641241019111e-03    7.121926392756e-03
10750    5.375000000001e+02    8.635466088190e-03    7.116187131942e-03
10760    5.380000000001e+02    8.658695319782e-03    7.140107255509e-03
10770    5.385000000001e+02    8.627130585876e-03    7.107484658263e-03
10780    5.390000000001e+02    8.666722591366e-03    7.146905250920e-03
10790    5.395000000001e+02    8.634668325022e-03    7.113401950846e-03
10800    5.400000000001e+02    8.636479922033e-03    7.114558881767e-03
10810    5.405000000001e+02    8.651410701278e-03    7.129949824957e-03
10820    5.410000000001e+02    8.623502666483e-03    7.102586793735e-03
10830    5.415000000001e+02    8.663132567033e-03    7.144824760871e-03
10840    5.420000000001e+02    8.625545381674e-03    7.108479677299e-03
10850    5.425000000001e+02    8.634116638123e-03    7.118711272597e-03
10860    5.430000000001e+02    8.640001957239e-03    7.125401222766e-03
10870    5.435000000001e+02    8.618398940184e-03    7.102998556547e-03
10880    5.440000000001e+02    8.657676971601e-03    7.141951339690e-03
10890    5.445000000001e+02    8.621290182662e-03    7.103440169885e-03
10900    5.450000000001e+02    8.639730905520e-03    7.120994706383e-03
10910    5.455000000001e+02    8.636618192338e-03    7.117476077838e-03
10920    5.460000000001e+02    8.621015797217e-03    7.102102310455e-03
10930    5.465000000001e+02    8.654779391239e-03    7.137892715946e-03
10940    5.470000000001e+02    8.618061264344e-03    7.102518715328e-03
10950    5.475000000000e+02    8.643567453372e-03    7.130422437513e-03
10960    5.480000000000e+02    8.628761237999e-03    7.116751424292e-03
10970    5.485000000000e+02    8.619717947986e-03    7.107823086699e-03
10980    5.490000000000e+02    8.647938828322e-03    7.135874645428e-03
10990    5.495000000000e+02    8.615315743575e-03    7.101078846063e-03
11000    5.500000000000e+02    8.651094489666e-03    7.135710339753e-03
11010    5.505000000000e+02    8.625513665464e-03    7.108452785360e-03
11020    5.510000000000e+02    8.623590160605e-03    7.105679392225e-03
11030    5.515000000000e+02    8.642946359887e-03    7.125747819373e-03
11040    5.520000000000e+02    8.612390159791e-03    7.095501710864e-03
11050    5.525000000000e+02    8.651118590454e-03    7.136736024222e-03
11060    5.530000000000e+02    8.614526385439e-03    7.102605994987e-03
11070    5.535000000000e+02    8.617620270308e-03    7.109468398085e-03
11080    5.540000000000e+02    8.625913077888e-03    7.121890885173e-03
11090    5.545000000000e+02    8.598814497273e-03    7.097381128006e-03
11100    5.550000000000e+02    8.637204003247e-03    7.138085153201e-03
11110    5.555000000000e+02    8.599043137583e-03    7.098931038854e-03
11120    5.560000000000e+02    8.612627975832e-03    7.111386212273e-03
11130    5.565000000000e+02    8.613842342697e-03    7.110972153896e-03
11140    5.570000000000e+02    8.594604926432e-03    7.090269297805e-03
11150    5.575000000000e+02    8.630690421939e-03    7.127188190680e-03
11160    5.580000000000e+02    8.592235966615e-03    7.088862257660e-03
11170    5.585000000000e+02    8.613641573504e-03    7.111896670722e-03
11180    5.590000000000e+02    8.602925230740e-03    7.102541640052e-03
11190    5.595000000000e+02    8.589446350988e-03    7.090271841662e-03
11200    5.600000000000e+02    8.620081319211e-03    7.122756723220e-03
11210    5.605000000000e+02    8.584081895957e-03    7.087011670592e-03
11220    5.610000000000e+02    8.616113777019e-03    7.119624211555e-03
11230    5.615000000000e+02    8.595506781079e-03    7.097706261447e-03
11240    5.620000000000e+02    8.591524568892e-03    7.091858132299e-03
11250    5.625000000000e+02    8.616698762184e-03    7.115898424672e-03
11260    5.630000000000e+02    8.585324563683e-03    7.082632426318e-03
11270    5.635000000000e+02    8.627427701975e-03    7.124864989237e-03
11280    5.640000000000e+02    8.593811537012e-03    7.090657331901e-03
11290    5.645000000000e+02    8.597053771417e-03    7.093700856785e-03
11300    5.650000000000e+02    8.612354311258e-03    7.109386529009e-03
11310    5.655000000000e+02    8.584840900647e-03    7.081208053023e-03
11320    5.660000000000e+02    8.627814053331e-03    7.124884910809e-03
11330    5.665000000000e+02    8.588250257924e-03    7.085300747349e-03
11340    5.670000000000e+02    8.598813894990e-03    7.097099942257e-03
11350    5.675000000000e+02    8.602528316143e-03    7.102823291461e-03
11360    5.680000000000e+02    8.579113102894e-03    7.081574736731e-03
11370    5.685000000000e+02    8.617641089182e-03    7.124043720069e-03
11380    5.690000000000e+02    8.575424444862e-03    7.083955350026e-03
11390    5.695000000000e+02    8.593992941820e-03    7.104867572707e-03
11400    5.700000000000e+02    8.586548393941e-03    7.098462496288e-03
11410    5.705000000000e+02    8.570707699794e-03    7.082326645104e-03
11420    5.710000000000e+02    8.605641345817e-03    7.117460776499e-03
11430    5.715000000000e+02    8.566754457518e-03    7.077076042151e-03
11440    5.720000000000e+02    8.595958864859e-03    7.106338800440e-03
11450    5.725000000000e+02    8.577299451171e-03    7.087435469657e-03
11460    5.730000000000e+02    8.568512553633e-03    7.079248655828e-03
11470    5.735000000000e+02    8.595145881441e-03    7.108132320354e-03
11480    5.740000000000e+02    8.558183922289e-03    7.072906408212e-03
11490    5.745000000000e+02    8.595703831283e-03    7.113970942555e-03
11500    5.750000000000e+02    8.563462672928e-03    7.083699839313e-03
11510    5.755000000000e+02    8.562495131454e-03    7.084569847393e-03
11520    5.760000000000e+02    8.580952169221e-03    7.104471049388e-03
11530    5.765000000000e+02    8.550200958370e-03    7.072808204612e-03
11540    5.770000000000e+02    8.595278139558e-03    7.117545517758e-03
11550    5.775000000000e+02    8.556731591935e-03    7.076400062033e-03
11560    5.780000000000e+02    8.566796939977e-03    7.083915149451e-03
11570    5.785000000000e+02    8.577090313959e-03    7.092113633007e-03
11580    5.790000000000e+02    8.553110997649e-03    7.066059843964e-03
11590    5.795000000000e+02    8.596588091046e-03    7.110140982149e-03
11600    5.800000000000e+02    8.553944934848e-03    7.068211031765e-03
11610    5.805000000000e+02    8.570437675273e-03    7.087060787853e-03
11620    5.810000000000e+02    8.567262718416e-03    7.085940849720e-03
11630    5.815000000000e+02    8.548331651029e-03    7.068204638017e-03
11640    5.820000000000e+02    8.586402745666e-03    7.107971024197e-03
11650    5.825000000000e+02    8.544990847615e-03    7.066409316394e-03
11660    5.830000000000e+02    8.571269486373e-03    7.093556921063e-03
11670    5.835000000000e+02    8.556781152506e-03    7.079422290190e-03
11680    5.840000000000e+02    8.545556117541e-03    7.068201080983e-03
11690    5.845000000000e+02    8.576944543758e-03    7.100289675691e-03
11700    5.850000000000e+02    8.538994104128e-03    7.061398777296e-03
11710    5.855000000000e+02    8.575122522943e-03    7.097755054929e-03
11720    5.860000000000e+02    8.548591130973e-03    7.070958112308e-03
11730    5.865000000000e+02    8.545012461797e-03    7.067975066093e-03
11740    5.870000000000e+02    8.567528624164e-03    7.092098272551e-03
11750    5.875000000000e+02    8.533345418567e-03    7.058542691993e-03
11760    5.880000000000e+02    8.578456212225e-03    7.105589043931e-03
11770    5.885000000000e+02    8.539179312200e-03    7.066136668982e-03
11780    5.890000000000e+02    8.544064654962e-03    7.071384570736e-03
11790    5.895000000000e+02    8.557666116422e-03    7.085524058311e-03
11800    5.900000000000e+02    8.529157739050e-03    7.057007637741e-03
11810    5.905000000000e+02    8.574567246071e-03    7.104386190804e-03
11820    5.910000000000e+02    8.531270678546e-03    7.061576765409e-03
11830    5.915000000000e+02    8.544308956177e-03    7.075871811139e-03
11840    5.920000000000e+02    8.547565206621e-03    7.079579134370e-03
11850    5.925000000000e+02    8.526174436048e-03    7.056922108859e-03
11860    5.930000000000e+02    8.569462736984e-03    7.099440278580e-03
11870    5.935000000000e+02    8.527868646409e-03    7.055476658024e-03
11880    5.940000000000e+02    8.550921077789e-03    7.077899035721e-03
11890    5.945000000000e+02    8.543474294833e-03    7.070337260302e-03
11900    5.950000000000e+02    8.528704654327e-03    7.055741266413e-03
11910    5.955000000000e+02    8.564980151174e-03    7.093488969076e-03
11920    5.960000000000e+02    8.524827437485e-03    7.053044893837e-03
11930    5.965000000000e+02    8.555998842237e-03    7.085430169354e-03
11940    5.970000000000e+02    8.536238260873e-03    7.066504520481e-03
11950    5.975000000000e+02    8.528550679507e-03    7.059604308779e-03
11960    5.980000000000e+02    8.557034997066e-03    7.089506116245e-03
11970    5.985000000000e+02    8.521175878550e-03    7.052751242554e-03
11980    5.990000000000e+02    8.562193505690e-03    7.093595229890e-03
11990    5.995000000000e+02    8.531398843728e-03    7.061093704579e-03
12000    6.000000000000e+02    8.532243204581e-03    7.061077697472e-03
12010    6.005000000000e+02    8.551944711464e-03    7.081407476107e-03
12020    6.010000000000e+02    8.520182244165e-03    7.050320485178e-03
12030    6.015000000000e+02    8.564598538701e-03    7.097335744220e-03
12040    6.020000000000e+02    8.524362647049e-03    7.057592312776e-03
12050    6.025000000000e+02    8.532387193150e-03    7.066150125866e-03
12060    6.030000000000e+02    8.542428621095e-03    7.075927891492e-03
12070    6.035000000000e+02    8.517050559891e-03    7.049186152472e-03
12080    6.040000000000e+02    8.561002347590e-03    7.093282164533e-03
12090    6.045000000000e+02    8.519499961157e-03    7.050787381559e-03
12100    6.050000000000e+02    8.536164306506e-03    7.067756847391e-03
12110    6.055000000000e+02    8.535709626749e-03    7.067216847645e-03
12120    6.060000000000e+02    8.516540455787e-03    7.047559324747e-03
12130    6.065000000000e+02    8.555781803143e-03    7.087315794706e-03
12140    6.070000000000e+02    8.515144112527e-03    7.046000926493e-03
12150    6.075000000000e+02    8.540416392141e-03    7.072117977259e-03
12160    6.080000000000e+02    8.528358587007e-03    7.060869333145e-03
12170    6.085000000000e+02    8.515652323328e-03    7.049400825053e-03
12180    6.090000000000e+02    8.547531426133e-03    7.083526355927e-03
12190    6.095000000000e+02    8.509099539417e-03    7.045698014736e-03
12200    6.100000000000e+02    8.542927814137e-03    7.080908743774e-03
12210    6.105000000000e+02    8.519001995031e-03    7.057433810587e-03
12220    6.110000000000e+02    8.513972052186e-03    7.053211237690e-03
12230    6.115000000000e+02    8.537854585127e-03    7.079086476551e-03
12240    6.120000000000e+02    8.504031177897e-03    7.046007477584e-03
12250    6.125000000000e+02    8.547317633942e-03    7.090571755725e-03
12260    6.130000000000e+02    8.511944137097e-03    7.053949780129e-03
12270    6.135000000000e+02    8.516603960264e-03    7.056054925670e-03
12280    6.140000000000e+02    8.533687553302e-03    7.070180243318e-03
12290    6.145000000000e+02    8.507305438895e-03    7.040655166747e-03
12300    6.150000000000e+02    8.552350762374e-03    7.085296079822e-03
12310    6.155000000000e+02    8.512652885919e-03    7.045703228869e-03
12320    6.160000000000e+02    8.523099952468e-03    7.058910332489e-03
12330    6.165000000000e+02    8.526922304567e-03    7.066271962685e-03
12340    6.170000000000e+02    8.503651685551e-03    7.045646832012e-03
12350    6.175000000000e+02    8.543551734644e-03    7.088743452186e-03
12360    6.180000000000e+02    8.503525215754e-03    7.049287686641e-03
12370    6.185000000000e+02    8.523640243424e-03    7.069838780808e-03
12380    6.190000000000e+02    8.518955230113e-03    7.064052193527e-03
12390    6.195000000000e+02    8.505027604377e-03    7.047185468764e-03
12400    6.200000000000e+02    8.541876366545e-03    7.081145847224e-03
12410    6.205000000000e+02    8.506169097540e-03    7.040422214232e-03
12420    6.210000000000e+02    8.536482938732e-03    7.067285248922e-03
12430    6.215000000000e+02    8.521184630056e-03    7.049033303701e-03
12440    6.220000000000e+02    8.513311243985e-03    7.040366918773e-03
12450    6.225000000000e+02    8.540144731863e-03    7.069900068927e-03
12460    6.230000000000e+02    8.503655452141e-03    7.036791877908e-03
12470    6.235000000000e+02    8.537873931682e-03    7.077200049025e-03
12480    6.240000000000e+02    8.506493662009e-03    7.050704281937e-03
12490    6.245000000000e+02    8.503482595162e-03    7.051529873934e-03
12500    6.250000000000e+02    8.521900425207e-03    7.072119381519e-03
12510    6.255000000000e+02    8.492301238888e-03    7.041504437439e-03
12520    6.260000000000e+02    8.535375308216e-03    7.083040047291e-03
12530    6.265000000000e+02    8.500276500711e-03    7.043851222988e-03
12540    6.270000000000e+02    8.508711336057e-03    7.048812843095e-03
12550    6.275000000000e+02    8.519927248735e-03    7.057114205054e-03
12560    6.280000000000e+02    8.496292948511e-03    7.031159624603e-03
12570    6.285000000000e+02    8.537705832682e-03    7.072627145135e-03
12580    6.290000000000e+02    8.498622916208e-03    7.033516440060e-03
12590    6.295000000000e+02    8.512854046319e-03    7.050219746816e-03
12600    6.300000000000e+02    8.510847537846e-03    7.051669199427e-03
12610    6.305000000000e+02    8.490384237224e-03    7.035077530418e-03
12620    6.310000000000e+02    8.525303638321e-03    7.074908861796e-03
12630    6.315000000000e+02    8.485703248249e-03    7.038071580610e-03
12640    6.320000000000e+02    8.509024697002e-03    7.063437061333e-03
12650    6.325000000000e+02    8.498465451793e-03    7.052291236505e-03
12660    6.330000000000e+02    8.488373052778e-03    7.039469351184e-03
12670    6.335000000000e+02    8.521045846700e-03    7.068973390233e-03
12680    6.340000000000e+02    8.487554192472e-03    7.030787046460e-03
12690    6.345000000000e+02    8.521623767681e-03    7.062214579491e-03
12700    6.350000000000e+02    8.500251931563e-03    7.038596496386e-03
12710    6.355000000000e+02    8.496361706858e-03    7.034244017632e-03
12720    6.360000000000e+02    8.518767060611e-03    7.058594615046e-03
12730    6.365000000000e+02    8.486090933664e-03    7.027777688563e-03
12740    6.370000000000e+02    8.525380694198e-03    7.071517613440e-03
12750    6.375000000000e+02    8.489215519858e-03    7.038911812742e-03
12760    6.380000000000e+02    8.490698077000e-03    7.043930370855e-03
12770    6.385000000000e+02    8.503620658085e-03    7.059753610520e-03
12780    6.390000000000e+02    8.477020662428e-03    7.033074957690e-03
12790    6.395000000000e+02    8.519290702689e-03    7.075041507051e-03
12800    6.400000000000e+02    8.482640330008e-03    7.035002406155e-03
12810    6.405000000000e+02    8.495352147654e-03    7.044172514725e-03
12820    6.410000000000e+02    8.501342107422e-03    7.046692478980e-03
12830    6.415000000000e+02    8.481591667441e-03    7.023745121842e-03
12840    6.420000000000e+02    8.520553299867e-03    7.062304275678e-03
12850    6.425000000000e+02    8.481880559907e-03    7.023364909401e-03
12860    6.430000000000e+02    8.499820041442e-03    7.043656778478e-03
12870    6.435000000000e+02    8.492518114932e-03    7.038995295261e-03
12880    6.440000000000e+02    8.476210748290e-03    7.025184620034e-03
12890    6.445000000000e+02    8.507834532467e-03    7.060238302984e-03
12900    6.450000000000e+02    8.470183150617e-03    7.023863894574e-03
12910    6.455000000000e+02    8.497037423750e-03    7.051886568661e-03
12920    6.460000000000e+02    8.480553700449e-03    7.034698786811e-03
12930    6.465000000000e+02    8.473214266285e-03    7.025857432382e-03
12940    6.470000000000e+02    8.500043137179e-03    7.051585062982e-03
12950    6.475000000000e+02    8.467028473416e-03    7.016655486950e-03
12960    6.480000000000e+02    8.502621210222e-03    7.052297230075e-03
12970    6.485000000000e+02    8.474102182341e-03    7.023731726804e-03
12980    6.490000000000e+02    8.472567153847e-03    7.023337339888e-03
12990    6.495000000000e+02    8.489585902153e-03    7.042476174320e-03
13000    6.500000000000e+02    8.459570005036e-03    7.013752471721e-03
13010    6.505000000000e+02    8.498540480302e-03    7.055694373776e-03
13020    6.510000000000e+02    8.461737164264e-03    7.020419426226e-03
13030    6.515000000000e+02    8.467671013726e-03    7.027827414277e-03
13040    6.520000000000e+02    8.476242444389e-03    7.037355581815e-03
13050    6.525000000000e+02    8.452984254494e-03    7.013096698756e-03
13060    6.530000000000e+02    8.492724145582e-03    7.052241139718e-03
13070    6.535000000000e+02    8.456190288346e-03    7.013115383415e-03
13080    6.540000000000e+02    8.471570468593e-03    7.026970778497e-03
13090    6.545000000000e+02    8.471212695473e-03    7.025881229310e-03
13100    6.550000000000e+02    8.453387142604e-03    7.007913764937e-03
13110    6.555000000000e+02    8.487667336188e-03    7.044102428154e-03
13120    6.560000000000e+02    8.450364313019e-03    7.007508156676e-03
13130    6.565000000000e+02    8.472257881274e-03    7.031188787550e-03
13140    6.570000000000e+02    8.461114360203e-03    7.020697787993e-03
13150    6.574999999999e+02    8.449881208255e-03    7.009177341388e-03
13160    6.579999999999e+02    8.479082065933e-03    7.038573578939e-03
13170    6.584999999999e+02    8.445187555887e-03    7.003328631981e-03
13180    6.589999999999e+02    8.475903279865e-03    7.033955124825e-03
13190    6.594999999999e+02    8.454685223740e-03    7.011624305960e-03
13200    6.599999999999e+02    8.450658804515e-03    7.006339390500e-03
13210    6.604999999999e+02    8.473170958560e-03    7.027753616057e-03
13220    6.609999999999e+02    8.443463257044e-03    6.995714908044e-03
13230    6.614999999999e+02    8.482917234569e-03    7.034667231892e-03
13240    6.619999999999e+02    8.450122761958e-03    7.001153771853e-03
13250    6.624999999999e+02    8.451989306068e-03    7.004271582446e-03
13260    6.629999999999e+02    8.464406669977e-03    7.019187329206e-03
13270    6.634999999999e+02    8.437094775167e-03    6.994124412813e-03
13280    6.639999999999e+02    8.475497555251e-03    7.036269432319e-03
13290    6.644999999999e+02    8.437590287252e-03    7.000506650911e-03
13300    6.649999999999e+02    8.446645689615e-03    7.012025048425e-03
13310    6.654999999999e+02    8.450392671743e-03    7.017792472652e-03
13320    6.659999999999e+02    8.429816606549e-03    6.997645365118e-03
13330    6.664999999999e+02    8.467777435372e-03    7.035769674985e-03
13340    6.669999999999e+02    8.431954428479e-03    6.997683543887e-03
13350    6.674999999999e+02    8.451725713591e-03    7.015440301984e-03
13360    6.679999999999e+02    8.448002017921e-03    7.009344241851e-03
13370    6.684999999999e+02    8.434805732263e-03    6.994178719651e-03
13380    6.689999999999e+02    8.468265544165e-03    7.027277214547e-03
13390    6.694999999999e+02    8.433214861277e-03    6.991548772021e-03
13400    6.699999999999e+02    8.459839585425e-03    7.019148539257e-03
13410    6.704999999999e+02    8.443861057007e-03    7.003932362750e-03
13420    6.709999999999e+02    8.435669534242e-03    6.996497457294e-03
13430    6.714999999999e+02    8.461552953534e-03    7.023824980024e-03
13440    6.719999999999e+02    8.428947690355e-03    6.991174658651e-03
13450    6.724999999999e+02    8.463898124130e-03    7.026917967778e-03
13460    6.729999999999e+02    8.437029646248e-03    6.999817211181e-03
13470    6.734999999999e+02    8.436236433912e-03    6.998746489444e-03
13480    6.739999999999e+02    8.455105445547e-03    7.017290754447e-03
13490    6.744999999999e+02    8.427598148775e-03    6.987612720877e-03
13500    6.749999999999e+02    8.468488426914e-03    7.027189010842e-03
13510    6.754999999999e+02    8.435194129224e-03    6.991020131863e-03
13520    6.759999999999e+02    8.442698347334e-03    6.996694328336e-03
13530    6.764999999999e+02    8.453227159486e-03    7.006433756942e-03
13540    6.769999999999e+02    8.430174145511e-03    6.982399006120e-03
13550    6.774999999999e+02    8.469098965563e-03    7.022642578704e-03
13560    6.779999999999e+02    8.431634270898e-03    6.985588281168e-03
13570    6.784999999999e+02    8.444579254463e-03    7.000943858657e-03
13580    6.789999999999e+02    8.443093699030e-03    7.002678250501e-03
13590    6.794999999999e+02    8.423383264120e-03    6.986015972871e-03
13600    6.799999999999e+02    8.457194149658e-03    7.023793000371e-03
13610    6.804999999999e+02    8.419328553024e-03    6.987507148551e-03
13620    6.809999999999e+02    8.441363004341e-03    7.010758295110e-03
13630    6.814999999999e+02    8.431367285836e-03    6.999995012848e-03
13640    6.819999999999e+02    8.420680358182e-03    6.987314901380e-03
13650    6.824999999999e+02    8.452136350904e-03    7.016755627774e-03
13660    6.829999999999e+02    8.419084225598e-03    6.980169720919e-03
13670    6.834999999999e+02    8.452053817444e-03    7.010883073235e-03
13680    6.839999999999e+02    8.431763726883e-03    6.988209313022e-03
13690    6.844999999999e+02    8.427836369225e-03    6.983078230405e-03
13700    6.849999999999e+02    8.450624921849e-03    7.006658842329e-03
13710    6.854999999999e+02    8.418343696878e-03    6.975643201258e-03
13720    6.859999999999e+02    8.457218876459e-03    7.017984043159e-03
13730    6.864999999999e+02    8.421791428562e-03    6.985555013671e-03
13740    6.869999999999e+02    8.422902992674e-03    6.989998738391e-03
13750    6.874999999999e+02    8.435815182963e-03    7.005774326899e-03
13760    6.879999999999e+02    8.408118005717e-03    6.979077901633e-03
13770    6.884999999999e+02    8.449639796561e-03    7.021522398645e-03
13780    6.889999999999e+02    8.411991141860e-03    6.982184650042e-03
13790    6.894999999999e+02    8.423656846810e-03    6.992362724304e-03
13800    6.899999999999e+02    8.429555040470e-03    6.996461884228e-03
13810    6.904999999999e+02    8.409468294216e-03    6.973684412515e-03
13820    6.909999999999e+02    8.449824183951e-03    7.012691971795e-03
13830    6.914999999999e+02    8.412046902866e-03    6.971829963732e-03
13840    6.919999999999e+02    8.431831772868e-03    6.990162869442e-03
13850    6.924999999999e+02    8.426105421519e-03    6.983977326854e-03
13860    6.929999999999e+02    8.410142212310e-03    6.968590675569e-03
13870    6.934999999999e+02    8.442910992508e-03    7.004347654401e-03
13880    6.939999999999e+02    8.403977731778e-03    6.967307580453e-03
13890    6.944999999999e+02    8.430640734329e-03    6.996756598710e-03
13900    6.949999999999e+02    8.413241608383e-03    6.980037371250e-03
13910    6.954999999999e+02    8.405180682872e-03    6.971291580157e-03
13920    6.959999999999e+02    8.433397645169e-03    6.998764885793e-03
13930    6.964999999999e+02    8.399985744449e-03    6.962897990888e-03
13940    6.969999999999e+02    8.438190177170e-03    6.999962779446e-03
13950    6.974999999999e+02    8.410409369443e-03    6.970196450311e-03
13960    6.979999999999e+02    8.410494501825e-03    6.968932921154e-03
13970    6.984999999999e+02    8.430318404710e-03    6.988416459535e-03
13980    6.989999999999e+02    8.400611545465e-03    6.957765440347e-03
13990    6.994999999999e+02    8.443283076339e-03    7.001451814176e-03
14000    6.999999999999e+02    8.405826815603e-03    6.964846226765e-03
14010    7.004999999999e+02    8.412699339195e-03    6.973773758546e-03
14020    7.009999999999e+02    8.421853337809e-03    6.985278426328e-03
14030    7.014999999999e+02    8.396739734381e-03    6.961226880776e-03
14040    7.019999999999e+02    8.438804053108e-03    7.004434904047e-03
14050    7.024999999999e+02    8.399707759498e-03    6.963993291720e-03
14060    7.029999999999e+02    8.416784738356e-03    6.979636085816e-03
14070    7.034999999999e+02    8.417476171629e-03    6.978572701883e-03
14080    7.039999999999e+02    8.400217766696e-03    6.959056627238e-03
14090    7.044999999999e+02    8.439198296319e-03    6.997061346738e-03
14100    7.049999999999e+02    8.400917915851e-03    6.956484285183e-03
14110    7.054999999999e+02    8.426477361520e-03    6.981246532632e-03
14120    7.059999999999e+02    8.415216469758e-03    6.969403281801e-03
14130    7.064999999999e+02    8.403675379271e-03    6.957881513699e-03
14140    7.069999999999e+02    8.435003189076e-03    6.991189001383e-03
14150    7.074999999999e+02    8.397494292641e-03    6.955004543670e-03
14160    7.079999999999e+02    8.430668575026e-03    6.990991692874e-03
14170    7.084999999999e+02    8.406474062589e-03    6.967951661863e-03
14180    7.089999999999e+02    8.401864106308e-03    6.963846140934e-03
14190    7.094999999999e+02    8.426140819434e-03    6.988067038037e-03
14200    7.099999999999e+02    8.393602204634e-03    6.953579446417e-03
14210    7.104999999999e+02    8.437593792497e-03    6.996970655564e-03
14220    7.109999999999e+02    8.401698998146e-03    6.959499606637e-03
14230    7.114999999999e+02    8.404832597896e-03    6.962500414375e-03
14240    7.119999999999e+02    8.419051286845e-03    6.977867710702e-03
14250    7.124999999999e+02    8.389883756777e-03    6.949303092370e-03
14260    7.129999999999e+02    8.433643698936e-03    6.994929128268e-03
14270    7.134999999999e+02    8.392464834458e-03    6.954167271033e-03
14280    7.139999999999e+02    8.404187893002e-03    6.966630187890e-03
14290    7.144999999999e+02    8.408986800674e-03    6.972001374379e-03
14300    7.149999999999e+02    8.386595940459e-03    6.949613102734e-03
14310    7.154999999999e+02    8.428456900393e-03    6.992655009526e-03
14320    7.159999999999e+02    8.387361506238e-03    6.951016243875e-03
14330    7.164999999999e+02    8.409062915289e-03    6.972365536967e-03
14340    7.169999999999e+02    8.404098859649e-03    6.966097674194e-03
14350    7.174999999999e+02    8.390271954415e-03    6.949613661163e-03
14360    7.179999999999e+02    8.428483348025e-03    6.986071774918e-03
14370    7.184999999999e+02    8.390277749988e-03    6.945208102479e-03
14380    7.189999999999e+02    8.421540283280e-03    6.975739896006e-03
14390    7.194999999999e+02    8.403842172570e-03    6.957892965147e-03
14400    7.199999999999e+02    8.395800536689e-03    6.950115227482e-03
14410    7.204999999999e+02    8.425172071195e-03    6.980464508160e-03
14420    7.209999999999e+02    8.389244174386e-03    6.943940449673e-03
14430    7.214999999999e+02    8.429671378668e-03    6.984563895458e-03
14440    7.219999999999e+02    8.399398091248e-03    6.953122635423e-03
14450    7.224999999999e+02    8.399575376685e-03    6.952469363569e-03
14460    7.229999999999e+02    8.420739054778e-03    6.973154307161e-03
14470    7.234999999999e+02    8.389767222310e-03    6.940573926840e-03
14480    7.239999999999e+02    8.435859854009e-03    6.986684215917e-03
14490    7.244999999999e+02    8.396695506109e-03    6.946648206394e-03
14500    7.249999999999e+02    8.404492014175e-03    6.954881414458e-03
14510    7.254999999999e+02    8.414436932472e-03    6.966391479182e-03
14520    7.259999999999e+02    8.387266289517e-03    6.940377077626e-03
14530    7.264999999999e+02    8.430913646677e-03    6.986542982304e-03
14540    7.269999999999e+02    8.388119354120e-03    6.944487115106e-03
14550    7.274999999999e+02    8.404653195490e-03    6.962109323467e-03
14560    7.279999999999e+02    8.404431828379e-03    6.962017188926e-03
14570    7.284999999999e+02    8.385024278687e-03    6.941678087969e-03
14580    7.289999999999e+02    8.425741376658e-03    6.982590912230e-03
14590    7.294999999999e+02    8.384315123183e-03    6.939969370251e-03
14600    7.299999999999e+02    8.411045113494e-03    6.966702658247e-03
14610    7.304999999999e+02    8.399340223655e-03    6.954566774766e-03
14620    7.309999999999e+02    8.387710274666e-03    6.941925580577e-03
14630    7.314999999999e+02    8.422410377391e-03    6.976328550991e-03
14640    7.319999999999e+02    8.384404200095e-03    6.936159064026e-03
14650    7.324999999999e+02    8.421559419027e-03    6.972297273023e-03
14660    7.329999999999e+02    8.397231163933e-03    6.946874216737e-03
14670    7.334999999999e+02    8.393654921774e-03    6.942523369617e-03
14680    7.339999999999e+02    8.419699335989e-03    6.968580602006e-03
14690    7.344999999999e+02    8.385855826729e-03    6.933423978808e-03
14700    7.349999999999e+02    8.433143067149e-03    6.980316584304e-03
14710    7.354999999999e+02    8.395681784030e-03    6.941183421986e-03
14720    7.359999999999e+02    8.400712722301e-03    6.945442497454e-03
14730    7.364999999999e+02    8.416615080525e-03    6.961437753489e-03
14740    7.369999999999e+02    8.388116960302e-03    6.931928327504e-03
14750    7.374999999999e+02    8.436251805345e-03    6.979967509324e-03
14760    7.379999999999e+02    8.394648828920e-03    6.936258178030e-03
14770    7.384999999999e+02    8.409249276103e-03    6.949033775527e-03
14780    7.389999999999e+02    8.414709506626e-03    6.953332004741e-03
14790    7.394999999999e+02    8.392650108481e-03    6.930139231372e-03
14800    7.399999999999e+02    8.436266487442e-03    6.975145875913e-03
14810    7.404999999999e+02    8.392679955334e-03    6.932357719052e-03
14820    7.409999999999e+02    8.414288970021e-03    6.956503510082e-03
14830    7.414999999999e+02    8.406437953545e-03    6.950781228625e-03
14840    7.419999999999e+02    8.390504338509e-03    6.935981512470e-03
14850    7.424999999999e+02    8.427741366905e-03    6.974786699175e-03
14860    7.429999999999e+02    8.387225495335e-03    6.933146555639e-03
14870    7.434999999999e+02    8.419453489322e-03    6.965087824938e-03
14880    7.439999999999e+02    8.401054749760e-03    6.945201989765e-03
14890    7.444999999999e+02    8.394297484695e-03    6.936672086340e-03
14900    7.449999999999e+02    8.424672234043e-03    6.966138202188e-03
14910    7.454999999999e+02    8.388735110848e-03    6.927649025783e-03
14920    7.459999999999e+02    8.430484763857e-03    6.968516626330e-03
14930    7.464999999999e+02    8.398730125775e-03    6.935384362805e-03
14940    7.469999999999e+02    8.398823660869e-03    6.935422244169e-03
14950    7.474999999999e+02    8.418261151667e-03    6.955981349165e-03
14960    7.479999999999e+02    8.385885332262e-03    6.924172645995e-03
14970    7.484999999999e+02    8.431518668919e-03    6.971646967031e-03
14980    7.489999999999e+02    8.390422669696e-03    6.930529927558e-03
14990    7.494999999999e+02    8.398742384878e-03    6.939478452296e-03
15000    7.499999999999e+02    8.407858686077e-03    6.949371002520e-03
15010    7.504999999999e+02    8.381767910316e-03    6.923533204827e-03
15020    7.509999999999e+02    8.426034107445e-03    6.969090946768e-03
15030    7.514999999999e+02    8.383473223468e-03    6.925915266038e-03
15040    7.519999999999e+02    8.401597823225e-03    6.943431954824e-03
15050    7.524999999999e+02    8.400746514625e-03    6.941399175957e-03
15060    7.529999999999e+02    8.382994830678e-03    6.921753023562e-03
15070    7.534999999999e+02    8.423599804212e-03    6.961550378037e-03
15080    7.539999999999e+02    8.383533438476e-03    6.919949410985e-03
15090    7.544999999999e+02    8.411490274428e-03    6.947527699595e-03
15100    7.549999999999e+02    8.399548552177e-03    6.934806707250e-03
15110    7.554999999999e+02    8.389478081507e-03    6.923638620719e-03
15120    7.559999999999e+02    8.423258231040e-03    6.957368930671e-03
15130    7.564999999999e+02    8.386683171883e-03    6.919334758095e-03
15140    7.569999999999e+02    8.423801104451e-03    6.956393171095e-03
15150    7.574999999999e+02    8.399884555902e-03    6.931741188964e-03
15160    7.579999999999e+02    8.397086920279e-03    6.928302147571e-03
15170    7.584999999999e+02    8.422073913415e-03    6.953678524042e-03
15180    7.589999999999e+02    8.389338798453e-03    6.919977238795e-03
15190    7.594999999999e+02    8.434949519567e-03    6.966106395339e-03
15200    7.599999999999e+02    8.398451050262e-03    6.928535449333e-03
15210    7.604999999999e+02    8.403423441874e-03    6.932536259228e-03
15220    7.609999999999e+02    8.419571533996e-03    6.947603379558e-03
15230    7.614999999999e+02    8.392599692717e-03    6.918337269781e-03
15240    7.619999999999e+02    8.438959830332e-03    6.964119009353e-03
15250    7.624999999999e+02    8.398901448816e-03    6.922046308318e-03
15260    7.629999999999e+02    8.411385919007e-03    6.934316383195e-03
15270    7.634999999999e+02    8.416079110549e-03    6.939811452867e-03
15280    7.639999999999e+02    8.392944950929e-03    6.917844660165e-03
15290    7.644999999999e+02    8.433607609727e-03    6.961987444811e-03
15300    7.649999999999e+02    8.390996106221e-03    6.921596504981e-03
15310    7.654999999999e+02    8.410254993179e-03    6.944129969270e-03
15320    7.659999999999e+02    8.403251978892e-03    6.939303100808e-03
15330    7.664999999999e+02    8.386971795773e-03    6.923620932866e-03
15340    7.669999999999e+02    8.423690581744e-03    6.960568129216e-03
15350    7.674999999998e+02    8.385063496520e-03    6.919856487912e-03
15360    7.679999999998e+02    8.415972942991e-03    6.949137155061e-03
15370    7.684999999998e+02    8.399670017785e-03    6.930289627235e-03
15380    7.689999999998e+02    8.392048879143e-03    6.920546914444e-03
15390    7.694999999998e+02    8.422239557501e-03    6.949653963602e-03
15400    7.699999999998e+02    8.386471494993e-03    6.912320155607e-03
15410    7.704999999998e+02    8.425463380052e-03    6.951830586331e-03
15420    7.709999999998e+02    8.395268908237e-03    6.921965531546e-03
15430    7.714999999998e+02    8.393392615171e-03    6.921471266651e-03
15440    7.719999999998e+02    8.412865812097e-03    6.943576194317e-03
15450    7.724999999998e+02    8.379744681640e-03    6.912333318724e-03
15460    7.729999999998e+02    8.422596767605e-03    6.958222045796e-03
15470    7.734999999998e+02    8.383245458238e-03    6.920392149368e-03
15480    7.739999999998e+02    8.389925723067e-03    6.928083319508e-03
15490    7.744999999998e+02    8.401116091575e-03    6.939304881598e-03
15500    7.749999999998e+02    8.375825580541e-03    6.911921699611e-03
15510    7.754999999998e+02    8.420361597479e-03    6.955030571589e-03
15520    7.759999999998e+02    8.380855520393e-03    6.912507273228e-03
15530    7.764999999998e+02    8.397494248602e-03    6.927574462679e-03
15540    7.769999999998e+02    8.398818893344e-03    6.927869309948e-03
15550    7.774999999998e+02    8.379807531734e-03    6.907446278092e-03
15560    7.779999999998e+02    8.419244754148e-03    6.947387814762e-03
15570    7.784999999998e+02    8.379335904209e-03    6.907136414156e-03
15580    7.789999999998e+02    8.403230179652e-03    6.932920417057e-03
15590    7.794999999998e+02    8.391573011380e-03    6.923992656994e-03
15600    7.799999999998e+02    8.377941997549e-03    6.912977175489e-03
15610    7.804999999998e+02    8.409938464900e-03    6.947981088160e-03
15620    7.809999999998e+02    8.372997417303e-03    6.910964622875e-03
15630    7.814999999998e+02    8.407612374668e-03    6.944783588551e-03
15640    7.819999999998e+02    8.387097929087e-03    6.920906756022e-03
15650    7.824999999998e+02    8.384263712605e-03    6.913924235050e-03
15660    7.829999999998e+02    8.410897704178e-03    6.937243371794e-03
15670    7.834999999998e+02    8.379367572157e-03    6.901644965183e-03
15680    7.839999999998e+02    8.422890153585e-03    6.943647302251e-03
15690    7.844999999998e+02    8.388289963103e-03    6.907550858159e-03
15700    7.849999999998e+02    8.390599729232e-03    6.910032559972e-03
15710    7.854999999998e+02    8.404818584845e-03    6.925951382982e-03
15720    7.859999999998e+02    8.374977642354e-03    6.897921194650e-03
15730    7.864999999998e+02    8.416204235638e-03    6.943421059987e-03
15740    7.869999999998e+02    8.374428809854e-03    6.905101797201e-03
15750    7.874999999998e+02    8.383333868581e-03    6.918026770109e-03
15760    7.879999999998e+02    8.387206796761e-03    6.924291744326e-03
15770    7.884999999998e+02    8.364810044811e-03    6.901548888891e-03
15780    7.889999999998e+02    8.406242709107e-03    6.941817841835e-03
15790    7.894999999998e+02    8.367639652867e-03    6.899413298015e-03
15800    7.899999999998e+02    8.388526427324e-03    6.918333218891e-03
15810    7.904999999998e+02    8.383101890825e-03    6.912323161487e-03
15820    7.909999999998e+02    8.367140508323e-03    6.897019711687e-03
15830    7.914999999998e+02    8.401260350309e-03    6.933908741303e-03
15840    7.919999999998e+02    8.361923256978e-03    6.895839527715e-03
15850    7.924999999998e+02    8.389926879303e-03    6.925647518074e-03
15860    7.929999999998e+02    8.372069388951e-03    6.908335888511e-03
15870    7.934999999998e+02    8.363813424367e-03    6.900019824570e-03
15880    7.939999999998e+02    8.391947161176e-03    6.928523507668e-03
15890    7.944999999998e+02    8.357607976837e-03    6.893230303831e-03
15900    7.949999999998e+02    8.396448746878e-03    6.932105557098e-03
15910    7.954999999998e+02    8.367630065059e-03    6.902110222654e-03
15920    7.959999999998e+02    8.367946527571e-03    6.901534383360e-03
15930    7.964999999998e+02    8.388006567131e-03    6.921230910848e-03
15940    7.969999999998e+02    8.358426027293e-03    6.890541450957e-03
15950    7.974999999998e+02    8.402011440526e-03    6.934962164451e-03
15960    7.979999999998e+02    8.363910408008e-03    6.897338790623e-03
15970    7.984999999998e+02    8.371149246683e-03    6.905754868967e-03
15980    7.989999999998e+02    8.380407785403e-03    6.915908646988e-03
15990    7.994999999998e+02    8.355674951713e-03    6.890322090840e-03
16000    7.999999999998e+02    8.398192049377e-03    6.932044079804e-03
16010    8.004999999998e+02    8.358599213872e-03    6.890002661748e-03
16020    8.009999999998e+02    8.375108455038e-03    6.905534930411e-03
16030    8.014999999998e+02    8.374169469322e-03    6.904624076924e-03
16040    8.019999999998e+02    8.355095581280e-03    6.886447278703e-03
16050    8.024999999998e+02    8.391685913053e-03    6.925866815436e-03
16060    8.029999999998e+02    8.351053901908e-03    6.886701208714e-03
16070    8.034999999998e+02    8.374869464121e-03    6.913125141182e-03
16080    8.039999999998e+02    8.361891856577e-03    6.901935794303e-03
16090    8.044999999998e+02    8.350002958474e-03    6.890880576975e-03
16100    8.049999999998e+02    8.381284127107e-03    6.923358613676e-03
16110    8.054999999998e+02    8.345080217165e-03    6.885621141919e-03
16120    8.059999999998e+02    8.379942255778e-03    6.919377069607e-03
16130    8.064999999998e+02    8.356752436147e-03    6.893599298564e-03
16140    8.069999999998e+02    8.353505897557e-03    6.887983329761e-03
16150    8.074999999998e+02    8.377640859083e-03    6.911016752383e-03
16160    8.079999999998e+02    8.345387899883e-03    6.876983533402e-03
16170    8.084999999998e+02    8.389372810103e-03    6.920923394318e-03
16180    8.089999999998e+02    8.353097738704e-03    6.883312663376e-03
16190    8.094999999998e+02    8.356621653631e-03    6.887038445711e-03
16200    8.099999999998e+02    8.370284014738e-03    6.902131201059e-03
16210    8.104999999998e+02    8.341193596591e-03    6.874284234982e-03
16220    8.109999999998e+02    8.384321116624e-03    6.920633623849e-03
16230    8.114999999998e+02    8.342230455943e-03    6.880330360218e-03
16240    8.119999999998e+02    8.353273260987e-03    6.893867053805e-03
16250    8.124999999998e+02    8.356486035669e-03    6.899397124471e-03
16260    8.129999999998e+02    8.333248302800e-03    6.877674884890e-03
16270    8.134999999998e+02    8.374003967826e-03    6.920368845385e-03
16280    8.139999999998e+02    8.332252028381e-03    6.877992374939e-03
16290    8.144999999998e+02    8.353779241911e-03    6.898407053086e-03
16300    8.149999999998e+02    8.348169779559e-03    6.890158386341e-03
16310    8.154999999998e+02    8.333952258957e-03    6.872671504425e-03
16320    8.159999999998e+02    8.370842089735e-03    6.908190482136e-03
16330    8.164999999998e+02    8.330824792561e-03    6.866990491289e-03
16340    8.169999999998e+02    8.359881959908e-03    6.898196357724e-03
16350    8.174999999998e+02    8.339391693570e-03    6.880725799419e-03
16360    8.179999999998e+02    8.329394405226e-03    6.874110968056e-03
16370    8.184999999998e+02    8.356669429253e-03    6.905567415743e-03
16380    8.189999999998e+02    8.319109285061e-03    6.870382953821e-03
16390    8.194999999998e+02    8.358161399860e-03    6.912322139215e-03
16400    8.199999999998e+02    8.326702498894e-03    6.881901357701e-03
16410    8.204999999998e+02    8.326707353915e-03    6.882011673952e-03
16420    8.209999999998e+02    8.347781681459e-03    6.902322349561e-03
16430    8.214999999998e+02    8.318009544794e-03    6.869401077893e-03
16440    8.219999999998e+02    8.365796739688e-03    6.913979984347e-03
16450    8.224999999998e+02    8.329195244452e-03    6.872121069136e-03
16460    8.229999999998e+02    8.339923939751e-03    6.878629938001e-03
16470    8.234999999998e+02    8.351664208081e-03    6.888005333167e-03
16480    8.239999999998e+02    8.326292764369e-03    6.861637632937e-03
16490    8.244999999998e+02    8.369645311757e-03    6.907791354024e-03
16500    8.249999999998e+02    8.326683220003e-03    6.867518402032e-03
16510    8.254999999998e+02    8.342245886657e-03    6.886832274176e-03
16520    8.259999999998e+02    8.340437072281e-03    6.887981428008e-03
16530    8.264999999998e+02    8.320607980191e-03    6.869203416500e-03
16540    8.269999999998e+02    8.359619180844e-03    6.909565875503e-03
16550    8.274999999998e+02    8.318550037818e-03    6.867751039863e-03
16560    8.279999999998e+02    8.344630996772e-03    6.893532117829e-03
16570    8.284999999998e+02    8.332870009202e-03    6.880238875056e-03
16580    8.289999999998e+02    8.321900647790e-03    6.866734194773e-03
16590    8.294999999998e+02    8.355394416580e-03    6.898855732288e-03
16600    8.299999999998e+02    8.317592571901e-03    6.859012011773e-03
16610    8.304999999998e+02    8.351956926597e-03    6.894627033944e-03
16620    8.309999999998e+02    8.325682689282e-03    6.870759936646e-03
16630    8.314999999998e+02    8.319370096469e-03    6.867945519843e-03
16640    8.319999999998e+02    8.341998069987e-03    6.894490765262e-03
16650    8.324999999998e+02    8.307146714155e-03    6.860969135232e-03
16660    8.329999999998e+02    8.351416962923e-03    6.906631266247e-03
16670    8.334999999998e+02    8.313973226524e-03    6.868688551549e-03
16680    8.339999999998e+02    8.317388748482e-03    6.872706125250e-03
16690    8.344999999998e+02    8.331710866320e-03    6.888457451169e-03
16700    8.349999999998e+02    8.302529228962e-03    6.860250841783e-03
16710    8.354999999998e+02    8.347707928587e-03    6.907240327564e-03
16720    8.359999999998e+02    8.306699035127e-03    6.865286281027e-03
16730    8.364999999998e+02    8.320043666158e-03    6.877429715132e-03
16740    8.369999999998e+02    8.326030336589e-03    6.881588936267e-03
16750    8.374999999998e+02    8.304948331524e-03    6.858221384391e-03
16760    8.379999999998e+02    8.348027291845e-03    6.901212268531e-03
16770    8.384999999998e+02    8.306948587765e-03    6.859554528091e-03
16780    8.389999999998e+02    8.328529393037e-03    6.882016949021e-03
16790    8.394999999998e+02    8.322678864234e-03    6.876523652863e-03
16800    8.399999999998e+02    8.307943780330e-03    6.861358040624e-03
16810    8.404999999998e+02    8.344733948845e-03    6.898735325194e-03
16820    8.409999999998e+02    8.305429776392e-03    6.859241815619e-03
16830    8.414999999998e+02    8.335528628709e-03    6.890761028444e-03
16840    8.419999999998e+02    8.317375741784e-03    6.873469979837e-03
16850    8.424999999998e+02    8.309676703848e-03    6.866221675409e-03
16860    8.429999999998e+02    8.338773544941e-03    6.896262726514e-03
16870    8.434999999998e+02    8.303439764263e-03    6.860356604193e-03
16880    8.439999999998e+02    8.342524468636e-03    6.900876039253e-03
16890    8.444999999998e+02    8.311492082031e-03    6.871500625493e-03
16900    8.449999999998e+02    8.310326654035e-03    6.872794534502e-03
16910    8.454999999998e+02    8.329275634204e-03    6.894674280375e-03
16920    8.459999999998e+02    8.298320268654e-03    6.864443932500e-03
16930    8.464999999998e+02    8.342804392467e-03    6.909463366355e-03
16940    8.469999999998e+02    8.305213313845e-03    6.870206594613e-03
16950    8.474999999998e+02    8.313704377219e-03    6.877560152134e-03
16960    8.479999999998e+02    8.324174011252e-03    6.887565758916e-03
16970    8.484999999998e+02    8.299215871389e-03    6.862267597171e-03
16980    8.489999999998e+02    8.341826327160e-03    6.906133930897e-03
16990    8.494999999998e+02    8.301290476644e-03    6.865350399494e-03
17000    8.499999999998e+02    8.317119853444e-03    6.882018798024e-03
17010    8.504999999998e+02    8.316135996820e-03    6.882110643346e-03
17020    8.509999999998e+02    8.296513040139e-03    6.863675595923e-03
17030    8.514999999998e+02    8.333485139813e-03    6.903703291755e-03
17040    8.519999999998e+02    8.292728009546e-03    6.865075305541e-03
17050    8.524999999998e+02    8.316285935459e-03    6.891679870932e-03
17060    8.529999999998e+02    8.304233547804e-03    6.881202389195e-03
17070    8.534999999998e+02    8.292737902529e-03    6.869366058709e-03
17080    8.539999999998e+02    8.325383610293e-03    6.901023662977e-03
17090    8.544999999998e+02    8.290381251579e-03    6.862527172416e-03
17100    8.549999999998e+02    8.325419725540e-03    6.895149304000e-03
17110    8.554999999998e+02    8.303699547247e-03    6.870884270029e-03
17120    8.559999999998e+02    8.299978033363e-03    6.865896146337e-03
17130    8.564999999998e+02    8.323854282512e-03    6.890373090755e-03
17140    8.569999999998e+02    8.291273776315e-03    6.857642950308e-03
17150    8.574999999998e+02    8.332641482496e-03    6.901213598212e-03
17160    8.579999999998e+02    8.296488239969e-03    6.866875832202e-03
17170    8.584999999998e+02    8.298062836402e-03    6.871065937958e-03
17180    8.589999999998e+02    8.311153184383e-03    6.887418712722e-03
17190    8.594999999998e+02    8.282633712374e-03    6.860593778583e-03
17200    8.599999999998e+02    8.324530237025e-03    6.904608479090e-03
17210    8.604999999998e+02    8.285599904735e-03    6.865381670650e-03
17220    8.609999999998e+02    8.296547041785e-03    6.876020256641e-03
17230    8.614999999998e+02    8.301443210125e-03    6.880575007017e-03
17240    8.619999999998e+02    8.279717946066e-03    6.858242297312e-03
17250    8.624999999998e+02    8.318675255834e-03    6.898366807945e-03
17260    8.629999999998e+02    8.279051037421e-03    6.858746675789e-03
17270    8.634999999998e+02    8.297359979761e-03    6.878213644086e-03
17280    8.639999999998e+02    8.291276734843e-03    6.872808215121e-03
17290    8.644999999998e+02    8.275598709163e-03    6.857102675895e-03
17300    8.649999999998e+02    8.309275287183e-03    6.891473347423e-03
17310    8.654999999998e+02    8.271944291325e-03    6.853350634628e-03
17320    8.659999999998e+02    8.299054612407e-03    6.880866199936e-03
17330    8.664999999998e+02    8.282326451701e-03    6.864113177471e-03
17340    8.669999999998e+02    8.273619068740e-03    6.855778704448e-03
17350    8.674999999998e+02    8.300115647930e-03    6.883617610583e-03
17360    8.679999999998e+02    8.265800581106e-03    6.849691602838e-03
17370    8.684999999998e+02    8.301023738443e-03    6.886907620355e-03
17380    8.689999999998e+02    8.272744688478e-03    6.859475069177e-03
17390    8.694999999998e+02    8.271457034143e-03    6.859219628495e-03
17400    8.699999999998e+02    8.290192641702e-03    6.879063430461e-03
17410    8.704999999998e+02    8.261357477663e-03    6.849715471617e-03
17420    8.709999999998e+02    8.302366748893e-03    6.891337750858e-03
17430    8.714999999998e+02    8.267506238200e-03    6.855595946945e-03
17440    8.719999999998e+02    8.274874760215e-03    6.862238249596e-03
17450    8.724999999998e+02    8.285118340768e-03    6.872046257740e-03
17460    8.729999999998e+02    8.262181906091e-03    6.847852646388e-03
17470    8.734999999998e+02    8.302195598943e-03    6.888066069223e-03
17480    8.739999999998e+02    8.265267957874e-03    6.850508384559e-03
17490    8.744999999998e+02    8.280055761867e-03    6.865897606076e-03
17500    8.749999999998e+02    8.279934828502e-03    6.866794939924e-03
17510    8.754999999998e+02    8.262548772152e-03    6.849826310827e-03
17520    8.759999999998e+02    8.297892981143e-03    6.886877472425e-03
17530    8.764999999998e+02    8.261681779083e-03    6.850990665043e-03
17540    8.769999999998e+02    8.284282923599e-03    6.875109718749e-03
17550    8.774999999997e+02    8.273837373340e-03    6.865664731777e-03
17560    8.779999999997e+02    8.262913712183e-03    6.854961576209e-03
17570    8.784999999997e+02    8.292379996954e-03    6.884848747177e-03
17580    8.789999999997e+02    8.259259194930e-03    6.850002856481e-03
17590    8.794999999997e+02    8.290285306072e-03    6.880402609568e-03
17600    8.799999999997e+02    8.269397146293e-03    6.858364862637e-03
17610    8.804999999997e+02    8.265129404405e-03    6.853693483208e-03
17620    8.809999999997e+02    8.286607714671e-03    6.875941398903e-03
17630    8.814999999997e+02    8.256461979587e-03    6.845757725387e-03
17640    8.819999999997e+02    8.295101916246e-03    6.885725389111e-03
17650    8.824999999997e+02    8.262639815009e-03    6.853197623059e-03
17660    8.829999999997e+02    8.265324182482e-03    6.856565119051e-03
17670    8.834999999997e+02    8.278514536281e-03    6.870789019558e-03
17680    8.839999999997e+02    8.253009651980e-03    6.845811011772e-03
17690    8.844999999997e+02    8.292078640057e-03    6.886994745400e-03
17700    8.849999999997e+02    8.255650605047e-03    6.851308707155e-03
17710    8.854999999997e+02    8.265651738692e-03    6.862546036245e-03
17720    8.859999999997e+02    8.269736898053e-03    6.867496662380e-03
17730    8.864999999997e+02    8.250047223811e-03    6.847691261100e-03
17740    8.869999999997e+02    8.286997782643e-03    6.885168408189e-03
17750    8.874999999997e+02    8.251158328897e-03    6.848594033727e-03
17760    8.879999999997e+02    8.269631705357e-03    6.867745160889e-03
17770    8.884999999997e+02    8.264203249240e-03    6.863328076179e-03
17780    8.889999999997e+02    8.250449390491e-03    6.850635727460e-03
17790    8.894999999997e+02    8.281958652033e-03    6.884376429298e-03
17800    8.899999999997e+02    8.247697928045e-03    6.850591798866e-03
17810    8.904999999997e+02    8.274363851744e-03    6.878191144096e-03
17820    8.909999999997e+02    8.259485419422e-03    6.862944021123e-03
17830    8.914999999997e+02    8.253432961961e-03    6.855602285214e-03
17840    8.919999999997e+02    8.279771281673e-03    6.881010672259e-03
17850    8.924999999997e+02    8.250003015502e-03    6.848492100289e-03
17860    8.929999999997e+02    8.285610849672e-03    6.882370272251e-03
17870    8.934999999997e+02    8.260449440242e-03    6.854808153548e-03
17880    8.939999999997e+02    8.260793347142e-03    6.853829616375e-03
17890    8.944999999997e+02    8.278318771342e-03    6.871866635265e-03
17900    8.949999999997e+02    8.250670548802e-03    6.845048797913e-03
17910    8.954999999997e+02    8.288090252615e-03    6.885919343404e-03
17920    8.959999999997e+02    8.252860306991e-03    6.853365290226e-03
17930    8.964999999997e+02    8.257639819322e-03    6.861821277198e-03
17940    8.969999999997e+02    8.264764740351e-03    6.872497972836e-03
17950    8.974999999997e+02    8.241177077752e-03    6.850492126432e-03
17960    8.979999999997e+02    8.278225773633e-03    6.889134685480e-03
17970    8.984999999997e+02    8.242566319948e-03    6.852152484498e-03
17980    8.989999999997e+02    8.256984616694e-03    6.865416727123e-03
17990    8.994999999997e+02    8.257048006544e-03    6.864112582662e-03
18000    8.999999999997e+02    8.240191266857e-03    6.845898258689e-03
18010    9.004999999997e+02    8.273976190882e-03    6.879945332003e-03
18020    9.009999999997e+02    8.238292095643e-03    6.843686932370e-03
18030    9.014999999997e+02    8.259799241591e-03    6.866040738714e-03
18040    9.019999999997e+02    8.249313727873e-03    6.855712807919e-03
18050    9.024999999997e+02    8.238250434721e-03    6.844815481600e-03
18060    9.029999999997e+02    8.266285508732e-03    6.874354827232e-03
18070    9.034999999997e+02    8.232373173951e-03    6.841321061074e-03
18080    9.039999999997e+02    8.261230789101e-03    6.873124974845e-03
18090    9.044999999997e+02    8.238881996223e-03    6.853524151666e-03
18100    9.049999999997e+02    8.233440628702e-03    6.850867384856e-03
18110    9.054999999997e+02    8.253845410995e-03    6.874144110043e-03
18120    9.059999999997e+02    8.223989279631e-03    6.844662623735e-03
18130    9.064999999997e+02    8.262889597840e-03    6.883596078296e-03
18140    9.069999999997e+02    8.232189486358e-03    6.850763174043e-03
18150    9.074999999997e+02    8.236922913263e-03    6.852917231299e-03
18160    9.079999999997e+02    8.252070099347e-03    6.865569999718e-03
18170    9.084999999997e+02    8.229316757252e-03    6.839176577159e-03
18180    9.089999999997e+02    8.270458844609e-03    6.878193421471e-03
18190    9.094999999997e+02    8.236805261304e-03    6.841215945315e-03
18200    9.099999999997e+02    8.248544320011e-03    6.851191715214e-03
18210    9.104999999997e+02    8.253275749206e-03    6.855730924144e-03
18220    9.109999999997e+02    8.233251345321e-03    6.836472809482e-03
18230    9.114999999997e+02    8.267942986121e-03    6.874888589664e-03
18240    9.119999999997e+02    8.230058356853e-03    6.840120779088e-03
18250    9.124999999997e+02    8.245722156271e-03    6.860010864330e-03
18260    9.129999999997e+02    8.238340835306e-03    6.855825996354e-03
18270    9.134999999997e+02    8.223423057460e-03    6.842409585261e-03
18280    9.139999999997e+02    8.254081253739e-03    6.874321528812e-03
18290    9.144999999997e+02    8.220151069852e-03    6.838975744358e-03
18300    9.149999999997e+02    8.246611939397e-03    6.864393120850e-03
18310    9.154999999997e+02    8.231950203285e-03    6.847329931588e-03
18320    9.159999999997e+02    8.225714021009e-03    6.838614998742e-03
18330    9.164999999997e+02    8.251431914071e-03    6.862821231152e-03
18340    9.169999999997e+02    8.220933014234e-03    6.829966210717e-03
18350    9.174999999997e+02    8.254699009914e-03    6.864113230222e-03
18360    9.179999999997e+02    8.227176109160e-03    6.837695043941e-03
18370    9.184999999997e+02    8.224722703024e-03    6.838319004601e-03
18380    9.189999999997e+02    8.239397123117e-03    6.857514898911e-03
18390    9.194999999997e+02    8.209705340353e-03    6.831338758275e-03
18400    9.199999999997e+02    8.246122682846e-03    6.871803352624e-03
18410    9.204999999997e+02    8.210705940185e-03    6.838020710347e-03
18420    9.209999999997e+02    8.216736907572e-03    6.845135718322e-03
18430    9.214999999997e+02    8.225254452976e-03    6.853642379610e-03
18440    9.219999999997e+02    8.203514347093e-03    6.830418277787e-03
18450    9.224999999997e+02    8.241886761541e-03    6.867910850815e-03
18460    9.229999999997e+02    8.206820278426e-03    6.829823154476e-03
18470    9.234999999997e+02    8.222248109238e-03    6.843143278275e-03
18480    9.239999999997e+02    8.222261884817e-03    6.841484328106e-03
18490    9.244999999997e+02    8.206322643877e-03    6.824070151197e-03
18500    9.249999999997e+02    8.240142260674e-03    6.858596188977e-03
18510    9.254999999997e+02    8.204627685939e-03    6.822961850048e-03
18520    9.259999999997e+02    8.226787264342e-03    6.845935982710e-03
18530    9.264999999997e+02    8.216165707101e-03    6.835111666078e-03
18540    9.269999999997e+02    8.206524379876e-03    6.824380603575e-03
18550    9.274999999997e+02    8.235367135978e-03    6.853030202365e-03
18560    9.279999999997e+02    8.203163589380e-03    6.819982092566e-03
18570    9.284999999997e+02    8.233932842321e-03    6.851762582301e-03
18580    9.289999999997e+02    8.212881941036e-03    6.831265341134e-03
18590    9.294999999997e+02    8.209348769256e-03    6.828581153059e-03
18600    9.299999999997e+02    8.230731549009e-03    6.851480170553e-03
18610    9.304999999997e+02    8.201917456576e-03    6.822432934314e-03
18620    9.309999999997e+02    8.241234816180e-03    6.862591314530e-03
18630    9.314999999997e+02    8.209894242082e-03    6.830714074567e-03
18640    9.319999999997e+02    8.214189726567e-03    6.834400395746e-03
18650    9.324999999997e+02    8.228654474149e-03    6.848096433714e-03
18660    9.329999999997e+02    8.205430567910e-03    6.822077234574e-03
18670    9.334999999997e+02    8.246839413939e-03    6.861350143481e-03
18680    9.339999999997e+02    8.212964613963e-03    6.823724158494e-03
18690    9.344999999997e+02    8.225454925421e-03    6.833684446065e-03
18700    9.349999999997e+02    8.231342229758e-03    6.838063971372e-03
18710    9.354999999997e+02    8.212460825268e-03    6.818523684160e-03
18720    9.359999999997e+02    8.249416235282e-03    6.857683139060e-03
18730    9.364999999997e+02    8.212251198895e-03    6.822202341937e-03
18740    9.369999999997e+02    8.229226373358e-03    6.843246308563e-03
18750    9.374999999997e+02    8.222390597516e-03    6.840777600701e-03
18760    9.379999999997e+02    8.207153246709e-03    6.829218525127e-03
18770    9.384999999997e+02    8.238676326856e-03    6.864339204185e-03
18780    9.389999999997e+02    8.204075489728e-03    6.829726095020e-03
18790    9.394999999997e+02    8.231988162803e-03    6.856214889012e-03
18800    9.399999999997e+02    8.219016484222e-03    6.838469075774e-03
18810    9.404999999997e+02    8.215056791662e-03    6.827947887359e-03
18820    9.409999999997e+02    8.244507490025e-03    6.851809030195e-03
18830    9.414999999997e+02    8.215247643851e-03    6.817507267442e-03
18840    9.419999999997e+02    8.251520243849e-03    6.852657800664e-03
18850    9.424999999997e+02    8.225044039827e-03    6.826641787484e-03
18860    9.429999999997e+02    8.223272070353e-03    6.827703854469e-03
18870    9.434999999997e+02    8.239991472031e-03    6.848840670500e-03
18880    9.439999999997e+02    8.210368715716e-03    6.822401855970e-03
18890    9.444999999997e+02    8.248742170092e-03    6.864929856420e-03
18900    9.449999999997e+02    8.214030758031e-03    6.832163183390e-03
18910    9.454999999997e+02    8.220630478647e-03    6.840035181085e-03
18920    9.459999999997e+02    8.231166693978e-03    6.850677546026e-03
18930    9.464999999997e+02    8.209441881094e-03    6.826418311903e-03
18940    9.469999999997e+02    8.250493680235e-03    6.864584058349e-03
18950    9.474999999997e+02    8.216907698576e-03    6.825329535786e-03
18960    9.479999999997e+02    8.234119520940e-03    6.837395040748e-03
18970    9.484999999997e+02    8.237058272826e-03    6.835989890533e-03
18980    9.489999999997e+02    8.220971769507e-03    6.817025199780e-03
18990    9.494999999997e+02    8.256355728897e-03    6.853184428110e-03
19000    9.499999999997e+02    8.219596855839e-03    6.817360072091e-03
19010    9.504999999997e+02    8.240433711964e-03    6.841437332696e-03
19020    9.509999999997e+02    8.229046750409e-03    6.833154040578e-03
19030    9.514999999997e+02    8.216254704962e-03    6.823286455074e-03
19040    9.519999999997e+02    8.244634537470e-03    6.855470073788e-03
19050    9.524999999997e+02    8.210077510260e-03    6.822911826021e-03
19060    9.529999999997e+02    8.240718668590e-03    6.855462451313e-03
19070    9.534999999997e+02    8.220857820074e-03    6.834692987468e-03
19080    9.539999999997e+02    8.218426823771e-03    6.829222915258e-03
19090    9.544999999997e+02    8.244041400359e-03    6.850570038296e-03
19100    9.549999999997e+02    8.217397320555e-03    6.817763605795e-03
19110    9.554999999997e+02    8.260370682605e-03    6.856334048280e-03
19120    9.559999999997e+02    8.230583246673e-03    6.822866951552e-03
19130    9.564999999997e+02    8.234604684644e-03    6.826338569226e-03
19140    9.569999999997e+02    8.248803093967e-03    6.842808303190e-03
19150    9.574999999997e+02    8.222211238222e-03    6.818939104051e-03
19160    9.579999999997e+02    8.261947599048e-03    6.863172005069e-03
19170    9.584999999997e+02    8.225302456066e-03    6.828868131379e-03
19180    9.589999999997e+02    8.236398683207e-03    6.841706041996e-03
19190    9.594999999997e+02    8.242506182953e-03    6.848546670881e-03
19200    9.599999999997e+02    8.223470806709e-03    6.828610876255e-03
19210    9.604999999997e+02    8.263305911868e-03    6.867877279547e-03
19220    9.609999999997e+02    8.228425244328e-03    6.829476991697e-03
19230    9.614999999997e+02    8.249954517883e-03    6.847072490928e-03
19240    9.619999999997e+02    8.248106120415e-03    6.840161731816e-03
19250    9.624999999997e+02    8.236778780922e-03    6.823621358308e-03
19260    9.629999999997e+02    8.272130898087e-03    6.856669944682e-03
19270    9.634999999997e+02    8.237090679221e-03    6.819932433245e-03
19280    9.639999999997e+02    8.263815011433e-03    6.848527012153e-03
19290    9.644999999997e+02    8.247012717147e-03    6.834019458438e-03
19300    9.649999999997e+02    8.238565051189e-03    6.827545964370e-03
19310    9.654999999997e+02    8.265212192977e-03    6.856245106974e-03
19320    9.659999999997e+02    8.233095546191e-03    6.823487407928e-03
19330    9.664999999997e+02    8.270014524624e-03    6.860516579763e-03
19340    9.669999999997e+02    8.243821528799e-03    6.833201312475e-03
19350    9.674999999997e+02    8.244146258207e-03    6.833240097876e-03
19360    9.679999999997e+02    8.263590184843e-03    6.853267484985e-03
19370    9.684999999997e+02    8.235829716466e-03    6.824530324593e-03
19380    9.689999999997e+02    8.278053855802e-03    6.866607322991e-03
19390    9.694999999997e+02    8.244281291804e-03    6.830643040303e-03
19400    9.699999999997e+02    8.253068064137e-03    6.837929151516e-03
19410    9.704999999997e+02    8.264041630517e-03    6.848279297628e-03
19420    9.709999999997e+02    8.241132317405e-03    6.824784658420e-03
19430    9.714999999997e+02    8.281678188232e-03    6.867058298667e-03
19440    9.719999999997e+02    8.243948739906e-03    6.829483429101e-03
19450    9.724999999997e+02    8.259840721885e-03    6.845641722066e-03
19460    9.729999999997e+02    8.260802761779e-03    6.845582371170e-03
19470    9.734999999997e+02    8.244819335961e-03    6.827014792179e-03
19480    9.739999999997e+02    8.283185635955e-03    6.863487960800e-03
19490    9.744999999997e+02    8.247171659824e-03    6.824170986874e-03
19500    9.749999999997e+02    8.272150877434e-03    6.847751444184e-03
19510    9.754999999997e+02    8.262096045474e-03    6.836422050583e-03
19520    9.759999999997e+02    8.251801566661e-03    6.825282041063e-03
19530    9.764999999997e+02    8.283104344406e-03    6.857053911517e-03
19540    9.769999999997e+02    8.248577654903e-03    6.821707775998e-03
19550    9.774999999997e+02    8.281754632645e-03    6.855777210149e-03
19560    9.779999999997e+02    8.260001884559e-03    6.833904336418e-03
19570    9.784999999997e+02    8.257032924595e-03    6.830729961621e-03
19580    9.789999999997e+02    8.281269029389e-03    6.855311939034e-03
19590    9.794999999997e+02    8.251676886275e-03    6.824471091022e-03
19600    9.799999999997e+02    8.295272277620e-03    6.867965022138e-03
19610    9.804999999997e+02    8.262855461296e-03    6.833999868832e-03
19620    9.809999999997e+02    8.268639186711e-03    6.838601662821e-03
19630    9.814999999997e+02    8.284882174219e-03    6.853918790512e-03
19640    9.819999999997e+02    8.260751282910e-03    6.827413444626e-03
19650    9.824999999997e+02    8.305768407301e-03    6.870951704514e-03
19660    9.829999999997e+02    8.270135898711e-03    6.831709794824e-03
19670    9.834999999997e+02    8.284509343013e-03    6.843085147011e-03
19680    9.839999999997e+02    8.291394939847e-03    6.847334367194e-03
19690    9.844999999997e+02    8.272645094879e-03    6.825787555499e-03
19700    9.849999999997e+02    8.313462607500e-03    6.866590471873e-03
19710    9.854999999997e+02    8.275437963745e-03    6.828044007307e-03
19720    9.859999999997e+02    8.295712564917e-03    6.849642735688e-03
19730    9.864999999997e+02    8.290050152418e-03    6.845315378996e-03
19740    9.869999999997e+02    8.276002675726e-03    6.831584756583e-03
19750    9.874999999996e+02    8.311058037126e-03    6.867130803585e-03
19760    9.879999999996e+02    8.275280145195e-03    6.828964033048e-03
19770    9.884999999996e+02    8.305417039649e-03    6.857123167720e-03
19780    9.889999999996e+02    8.290100901333e-03    6.838452272859e-03
19790    9.894999999996e+02    8.284077691293e-03    6.829097775153e-03
19800    9.899999999996e+02    8.312700135555e-03    6.856039979539e-03
19810    9.904999999996e+02    8.279350665841e-03    6.820850105214e-03
19820    9.909999999996e+02    8.316847419137e-03    6.859535827971e-03
19830    9.914999999996e+02    8.286963317920e-03    6.830813231318e-03
19840    9.919999999996e+02    8.285310917559e-03    6.831591444097e-03
19850    9.924999999996e+02    8.303356833924e-03    6.852810867713e-03
19860    9.929999999996e+02    8.272708245876e-03    6.823782803622e-03
19870    9.934999999996e+02    8.315626216628e-03    6.868540331197e-03
19880    9.939999999996e+02    8.279172380846e-03    6.830922352492e-03
19890    9.944999999996e+02    8.288575303339e-03    6.838060607151e-03
19900    9.949999999996e+02    8.301537874265e-03    6.846899906122e-03
19910    9.954999999996e+02    8.280325238527e-03    6.819436394835e-03
19920    9.959999999996e+02    8.326423065043e-03    6.860196754133e-03
19930    9.964999999996e+02    8.289825569136e-03    6.817806204708e-03
19940    9.969999999996e+02    8.308127944979e-03    6.833177621047e-03
19950    9.974999999996e+02    8.309122522322e-03    6.832981416665e-03
19960    9.979999999996e+02    8.290391894077e-03    6.814563203989e-03
19970    9.984999999996e+02    8.328205039611e-03    6.855559507130e-03
19980    9.989999999996e+02    8.287501110251e-03    6.817168428825e-03
19990    9.994999999996e+02    8.311414246057e-03    6.844635537163e-03
20000    9.999999999996e+02    8.299436392711e-03    6.835097898147e-03
20010    1.000500000000e+03    8.287696577962e-03    6.824108652836e-03
20020    1.001000000000e+03    8.321631790649e-03    6.858022766210e-03
20030    1.001500000000e+03    8.286768496358e-03    6.819364616604e-03
20040    1.002000000000e+03    8.324657547950e-03    6.852924150735e-03
20050    1.002500000000e+03    8.305489584481e-03    6.827112465544e-03
20060    1.003000000000e+03    8.305382550927e-03    6.820223481554e-03
20070    1.003500000000e+03    8.334168798969e-03    6.844199323496e-03
20080    1.004000000000e+03    8.303529263956e-03    6.808974121668e-03
20090    1.004500000000e+03    8.349159510147e-03    6.854268373900e-03
20100    1.005000000000e+03    8.313307252593e-03    6.818881929576e-03
20110    1.005500000000e+03    8.316149864109e-03    6.824308018622e-03
20120    1.006000000000e+03    8.330736216643e-03    6.842940885690e-03
20130    1.006500000000e+03    8.301073412964e-03    6.815775230280e-03
20140    1.007000000000e+03    8.346227045743e-03    6.864096009849e-03
20150    1.007500000000e+03    8.305548775265e-03    6.823714401435e-03
20160    1.008000000000e+03    8.318796485736e-03    6.836605192802e-03
20170    1.008500000000e+03    8.326198565437e-03    6.841960744168e-03
20180    1.009000000000e+03    8.306160541525e-03    6.817761660386e-03
20190    1.009500000000e+03    8.352356700706e-03    6.860114781375e-03
20200    1.010000000000e+03    8.313994877195e-03    6.815285943048e-03
20210    1.010500000000e+03    8.338833343407e-03    6.834992470431e-03
20220    1.011000000000e+03    8.335862536825e-03    6.827376498222e-03
20230    1.011500000000e+03    8.321926614322e-03    6.810363827753e-03
20240    1.012000000000e+03    8.359925844892e-03    6.849158763544e-03
20250    1.012500000000e+03    8.318652129816e-03    6.809429028181e-03
20260    1.013000000000e+03    8.347753062710e-03    6.843379308521e-03
20270    1.013500000000e+03    8.327623290572e-03    6.827634305409e-03
20280    1.014000000000e+03    8.318157200972e-03    6.821680116445e-03
20290    1.014500000000e+03    8.347719140240e-03    6.853991269963e-03
20300    1.015000000000e+03    8.311524601826e-03    6.817144462730e-03
20310    1.015500000000e+03    8.353908960324e-03    6.858954027848e-03
20320    1.016000000000e+03    8.324879686107e-03    6.826673424257e-03
20330    1.016500000000e+03    8.327887620630e-03    6.825965579083e-03
20340    1.017000000000e+03    8.351912707068e-03    6.846067325569e-03
20350    1.017500000000e+03    8.323526441692e-03    6.812224230089e-03
20360    1.018000000000e+03    8.373251850991e-03    6.858609473056e-03
20370    1.018500000000e+03    8.335525242755e-03    6.816965532380e-03
20380    1.019000000000e+03    8.346229250893e-03    6.826007796917e-03
20390    1.019500000000e+03    8.357250568823e-03    6.837531485871e-03
20400    1.020000000000e+03    8.331839585634e-03    6.812928604631e-03
20410    1.020500000000e+03    8.377269461848e-03    6.861136905172e-03
20420    1.021000000000e+03    8.335071376135e-03    6.819623666161e-03
20430    1.021500000000e+03    8.354418147801e-03    6.839292920631e-03
20440    1.022000000000e+03    8.355080169173e-03    6.838797639830e-03
20450    1.022500000000e+03    8.338785281252e-03    6.819958663073e-03
20460    1.023000000000e+03    8.381546499041e-03    6.861432758342e-03
20470    1.023500000000e+03    8.342121842140e-03    6.819323117270e-03
20480    1.024000000000e+03    8.371817382886e-03    6.847786187791e-03
20490    1.024500000000e+03    8.360498240120e-03    6.834536703536e-03
20500    1.025000000000e+03    8.351565457840e-03    6.823115683801e-03
20510    1.025500000000e+03    8.386770129476e-03    6.856945225081e-03
20520    1.026000000000e+03    8.349856881902e-03    6.817842433520e-03
20530    1.026500000000e+03    8.388208182120e-03    6.856111738671e-03
20540    1.027000000000e+03    8.362653805994e-03    6.830198746684e-03
20550    1.027500000000e+03    8.360227564840e-03    6.827845285443e-03
20560    1.028000000000e+03    8.385286677902e-03    6.853362392576e-03
20570    1.028500000000e+03    8.352414779683e-03    6.818904927968e-03
20580    1.029000000000e+03    8.401090872791e-03    6.866585842545e-03
20590    1.029500000000e+03    8.363099508687e-03    6.825371127889e-03
20600    1.030000000000e+03    8.370146689366e-03    6.829657992967e-03
20610    1.030500000000e+03    8.386012692674e-03    6.843389518508e-03
20620    1.031000000000e+03    8.358760975128e-03    6.813697884354e-03
20630    1.031500000000e+03    8.406701354429e-03    6.862061955871e-03
20640    1.032000000000e+03    8.362877120822e-03    6.818466310506e-03
20650    1.032500000000e+03    8.375878128272e-03    6.834143027845e-03
20660    1.033000000000e+03    8.377955781711e-03    6.839498541922e-03
20670    1.033500000000e+03    8.354601939193e-03    6.818515936175e-03
20680    1.034000000000e+03    8.397448212044e-03    6.864169987239e-03
20690    1.034500000000e+03    8.354103684418e-03    6.820093774877e-03
20700    1.035000000000e+03    8.378273987704e-03    6.843075439065e-03
20710    1.035500000000e+03    8.372205958025e-03    6.833645938968e-03
20720    1.036000000000e+03    8.359729279626e-03    6.816269508818e-03
20730    1.036500000000e+03    8.400086165589e-03    6.852538741441e-03
20740    1.037000000000e+03    8.361663352339e-03    6.808626577367e-03
20750    1.037500000000e+03    8.396219716627e-03    6.840929244390e-03
20760    1.038000000000e+03    8.377218181938e-03    6.820771951425e-03
20770    1.038500000000e+03    8.369740079978e-03    6.814495603066e-03
20780    1.039000000000e+03    8.398716693197e-03    6.847281425507e-03
20790    1.039500000000e+03    8.360320284933e-03    6.811747161009e-03
20800    1.040000000000e+03    8.401741141179e-03    6.857112372927e-03
20810    1.040500000000e+03    8.368703364300e-03    6.825388654761e-03
20820    1.041000000000e+03    8.369847001213e-03    6.826814626038e-03
20830    1.041500000000e+03    8.391809302686e-03    6.848103872471e-03
20840    1.042000000000e+03    8.361417134179e-03    6.814270851464e-03
20850    1.042500000000e+03    8.411670756976e-03    6.861231892799e-03
20860    1.043000000000e+03    8.372928485340e-03    6.817069744102e-03
20870    1.043500000000e+03    8.384651068513e-03    6.824299329310e-03
20880    1.044000000000e+03    8.397003540493e-03    6.833615996584e-03
20890    1.044500000000e+03    8.371114697904e-03    6.806004646933e-03
20900    1.045000000000e+03    8.417004708484e-03    6.854220438981e-03
20910    1.045500000000e+03    8.371462117693e-03    6.811702959567e-03
20920    1.046000000000e+03    8.386952118530e-03    6.832834471425e-03
20930    1.046500000000e+03    8.383734994144e-03    6.835269974545e-03
20940    1.047000000000e+03    8.361688570649e-03    6.817016762398e-03
20950    1.047500000000e+03    8.402653369679e-03    6.860755743219e-03
20960    1.048000000000e+03    8.360001753077e-03    6.816519233325e-03
20970    1.048500000000e+03    8.388677122916e-03    6.843012000900e-03
20980    1.049000000000e+03    8.378107916452e-03    6.828708449575e-03
20990    1.049500000000e+03    8.367249563241e-03    6.814099904659e-03
21000    1.050000000000e+03    8.403692460634e-03    6.848843555417e-03
21010    1.050500000000e+03    8.364337565957e-03    6.807108539761e-03
21020    1.051000000000e+03    8.401557476142e-03    6.844610346889e-03
21030    1.051500000000e+03    8.376557985670e-03    6.819762379564e-03
21040    1.052000000000e+03    8.371394590755e-03    6.815909601755e-03
21050    1.052500000000e+03    8.397094771069e-03    6.845010800134e-03
21060    1.053000000000e+03    8.360481551151e-03    6.810511176809e-03
21070    1.053500000000e+03    8.406674857464e-03    6.859582988909e-03
21080    1.054000000000e+03    8.369291493319e-03    6.821675850006e-03
21090    1.054500000000e+03    8.374989267728e-03    6.824714474533e-03
21100    1.055000000000e+03    8.394805092391e-03    6.840133128208e-03
21110    1.055500000000e+03    8.368467467596e-03    6.807104112340e-03
21120    1.056000000000e+03    8.419646284814e-03    6.853667412543e-03
21130    1.056500000000e+03    8.380096831526e-03    6.809316736508e-03
21140    1.057000000000e+03    8.394645324303e-03    6.821928181125e-03
21150    1.057500000000e+03    8.401490804997e-03    6.828924932961e-03
21160    1.058000000000e+03    8.378138176749e-03    6.806409520323e-03
21170    1.058500000000e+03    8.421821687191e-03    6.853675521597e-03
21180    1.059000000000e+03    8.378059286883e-03    6.812374953370e-03
21190    1.059500000000e+03    8.398815851388e-03    6.836839045718e-03
21200    1.060000000000e+03    8.392090290178e-03    6.833324732725e-03
21210    1.060500000000e+03    8.375384365424e-03    6.818278944593e-03
21220    1.061000000000e+03    8.413533942903e-03    6.857716428385e-03
21230    1.061500000000e+03    8.373669589877e-03    6.815656618528e-03
21240    1.062000000000e+03    8.406373490227e-03    6.845858359156e-03
21250    1.062500000000e+03    8.390116786790e-03    6.825720982306e-03
21260    1.063000000000e+03    8.383213927917e-03    6.815885394644e-03
21270    1.063500000000e+03    8.413837564029e-03    6.846194175523e-03
21280    1.064000000000e+03    8.376567669962e-03    6.809184895246e-03
21290    1.064500000000e+03    8.415754017347e-03    6.851939438093e-03
21300    1.065000000000e+03    8.382917901368e-03    6.822108559390e-03
21310    1.065500000000e+03    8.380753683875e-03    6.823541700214e-03
21320    1.066000000000e+03    8.399476302489e-03    6.846208152638e-03
21330    1.066500000000e+03    8.366316012162e-03    6.815290071245e-03
21340    1.067000000000e+03    8.410736385428e-03    6.862790302876e-03
21350    1.067500000000e+03    8.370640234165e-03    6.823324671132e-03
21360    1.068000000000e+03    8.379118199746e-03    6.831962027718e-03
21370    1.068500000000e+03    8.390127551981e-03    6.841822614660e-03
21380    1.069000000000e+03    8.366008716154e-03    6.815010070568e-03
21390    1.069500000000e+03    8.411408528195e-03    6.859091997285e-03
21400    1.070000000000e+03    8.371299577842e-03    6.816423017881e-03
21410    1.070500000000e+03    8.389485447229e-03    6.833725008619e-03
21420    1.071000000000e+03    8.389363111074e-03    6.833270075731e-03
21430    1.071500000000e+03    8.371461212603e-03    6.814652917456e-03
21440    1.072000000000e+03    8.411035597534e-03    6.854698827738e-03
21450    1.072500000000e+03    8.371880820211e-03    6.814082525125e-03
21460    1.073000000000e+03    8.399282835864e-03    6.840545270279e-03
21470    1.073500000000e+03    8.388340805167e-03    6.828216818576e-03
21480    1.074000000000e+03    8.378873381454e-03    6.817065824180e-03
21490    1.074500000000e+03    8.412022078907e-03    6.849953056189e-03
21500    1.075000000000e+03    8.376255756412e-03    6.813290430728e-03
21510    1.075500000000e+03    8.412092021644e-03    6.849752534436e-03
21520    1.076000000000e+03    8.388221769126e-03    6.825712808677e-03
21530    1.076500000000e+03    8.385301628863e-03    6.822940781603e-03
21540    1.077000000000e+03    8.408951476515e-03    6.847664291854e-03
21550    1.077500000000e+03    8.376956723278e-03    6.815510467277e-03
21560    1.078000000000e+03    8.421315036607e-03    6.861029337415e-03
21570    1.078500000000e+03    8.384885359111e-03    6.824001922723e-03
21580    1.079000000000e+03    8.389950060598e-03    6.828359182691e-03
21590    1.079500000000e+03    8.404859115709e-03    6.842287962172e-03
21600    1.080000000000e+03    8.378785128519e-03    6.814493442107e-03
21610    1.080500000000e+03    8.423357754147e-03    6.859895151138e-03
21620    1.081000000000e+03    8.382900882599e-03    6.820667449574e-03
21630    1.081500000000e+03    8.394255382929e-03    6.835925790256e-03
21640    1.082000000000e+03    8.396798287139e-03    6.843027166724e-03
21650    1.082500000000e+03    8.374274292180e-03    6.824289572251e-03
21660    1.083000000000e+03    8.413782371922e-03    6.867863916341e-03
21670    1.083500000000e+03    8.373277063445e-03    6.828533118096e-03
21680    1.084000000000e+03    8.394225643897e-03    6.850573004158e-03
21690    1.084500000000e+03    8.388571598053e-03    6.844486191767e-03
21700    1.085000000000e+03    8.375306360268e-03    6.829168255535e-03
21710    1.085500000000e+03    8.412041309352e-03    6.863857506687e-03
21720    1.086000000000e+03    8.375935201198e-03    6.823264403465e-03
21730    1.086500000000e+03    8.406636575156e-03    6.851038412606e-03
21740    1.087000000000e+03    8.389767407535e-03    6.831730554040e-03
21750    1.087500000000e+03    8.381737874429e-03    6.823165612332e-03
21760    1.088000000000e+03    8.408257303823e-03    6.852311963485e-03
21770    1.088500000000e+03    8.371321732893e-03    6.818574971476e-03
21780    1.089000000000e+03    8.406395319991e-03    6.859264816740e-03
21790    1.089500000000e+03    8.374279975498e-03    6.831379329924e-03
21800    1.090000000000e+03    8.371463388597e-03    6.831991458057e-03
21810    1.090500000000e+03    8.390034042160e-03    6.852308636553e-03
21820    1.091000000000e+03    8.360165270392e-03    6.820352383329e-03
21830    1.091500000000e+03    8.404564217842e-03    6.861853165901e-03
21840    1.092000000000e+03    8.369561086160e-03    6.821546749052e-03
21850    1.092500000000e+03    8.378728996678e-03    6.825950061284e-03
21860    1.093000000000e+03    8.390822484259e-03    6.834364075985e-03
21870    1.093500000000e+03    8.366779718057e-03    6.807111152739e-03
21880    1.094000000000e+03    8.408827980662e-03    6.849060931017e-03
21890    1.094500000000e+03    8.368623684491e-03    6.809522174080e-03
21900    1.095000000000e+03    8.381868543216e-03    6.826681013081e-03
21910    1.095500000000e+03    8.379516193412e-03    6.830321068264e-03
21920    1.096000000000e+03    8.357179167159e-03    6.814531679993e-03
21930    1.096500000000e+03    8.392168866555e-03    6.857246852633e-03
21940    1.097000000000e+03    8.351213300598e-03    6.820797831097e-03
21950    1.097500000000e+03    8.373918195607e-03    6.846935587419e-03
21960    1.098000000000e+03    8.364465327619e-03    6.837771537903e-03
21970    1.098500000000e+03    8.354136606838e-03    6.824581030742e-03
21980    1.099000000000e+03    8.389633177162e-03    6.856037952275e-03
21990    1.099500000000e+03    8.357274178668e-03    6.816227651143e-03
22000    1.100000000000e+03    8.393780697669e-03    6.846031538771e-03
22010    1.100500000000e+03    8.376152610257e-03    6.821365333053e-03
22020    1.101000000000e+03    8.373389638007e-03    6.813246196543e-03
22030    1.101500000000e+03    8.399319416339e-03    6.837319245278e-03
22040    1.102000000000e+03    8.365868605374e-03    6.804020203163e-03
22050    1.102500000000e+03    8.404771802407e-03    6.847798861600e-03
22060    1.103000000000e+03    8.367650613826e-03    6.816592096584e-03
22070    1.103500000000e+03    8.365226921222e-03    6.821883461271e-03
22080    1.104000000000e+03    8.377159405796e-03    6.841637885373e-03
22090    1.104500000000e+03    8.345646800486e-03    6.815121070758e-03
22100    1.105000000000e+03    8.386597644623e-03    6.859770822302e-03
22110    1.105500000000e+03    8.348460941217e-03    6.820921980761e-03
22120    1.106000000000e+03    8.359585273866e-03    6.829401878349e-03
22130    1.106500000000e+03    8.367771427033e-03    6.833669252046e-03
22140    1.107000000000e+03    8.346593250756e-03    6.807865019255e-03
22150    1.107500000000e+03    8.388041324472e-03    6.846978220892e-03
22160    1.108000000000e+03    8.349224785299e-03    6.805883547713e-03
22170    1.108500000000e+03    8.367559968922e-03    6.824433313341e-03
22180    1.109000000000e+03    8.362654828566e-03    6.820621333645e-03
22190    1.109500000000e+03    8.345158017940e-03    6.804777710386e-03
22200    1.110000000000e+03    8.379407531731e-03    6.842452327874e-03
22210    1.110500000000e+03    8.339721191442e-03    6.805366479057e-03
22220    1.111000000000e+03    8.365705771278e-03    6.835704284640e-03
22230    1.111500000000e+03    8.348646143699e-03    6.822192784966e-03
22240    1.112000000000e+03    8.338484956231e-03    6.815042961534e-03
22250    1.112500000000e+03    8.366867750247e-03    6.846685021628e-03
22260    1.113000000000e+03    8.331944665549e-03    6.812789248215e-03
22270    1.113500000000e+03    8.369514862033e-03    6.851732234281e-03
22280    1.114000000000e+03    8.342488269525e-03    6.823963975876e-03
22290    1.114500000000e+03    8.342466883903e-03    6.822317317528e-03
22300    1.115000000000e+03    8.364748243957e-03    6.842579537079e-03
22310    1.115500000000e+03    8.336707394151e-03    6.810355247580e-03
22320    1.116000000000e+03    8.381958600330e-03    6.852220046312e-03
22330    1.116500000000e+03    8.348193835909e-03    6.813481058998e-03
22340    1.117000000000e+03    8.357166853484e-03    6.818769345045e-03
22350    1.117500000000e+03    8.369216726071e-03    6.828899331595e-03
22360    1.118000000000e+03    8.344523641574e-03    6.802941692513e-03
22370    1.118500000000e+03    8.385646744758e-03    6.846259965641e-03
22380    1.119000000000e+03    8.345052192335e-03    6.808263309722e-03
22390    1.119500000000e+03    8.358368889454e-03    6.826223044300e-03
22400    1.120000000000e+03    8.356177212870e-03    6.829314822426e-03
22410    1.120500000000e+03    8.334861918169e-03    6.812550353970e-03
22420    1.121000000000e+03    8.370071922591e-03    6.853303589196e-03
22430    1.121500000000e+03    8.329262018661e-03    6.815726807872e-03
22440    1.122000000000e+03    8.352352132266e-03    6.841480614639e-03
22450    1.122500000000e+03    8.341262875553e-03    6.830401793195e-03
22460    1.123000000000e+03    8.330714846840e-03    6.817045474236e-03
22470    1.123500000000e+03    8.364328309608e-03    6.846890651104e-03
22480    1.124000000000e+03    8.330267236517e-03    6.806822119870e-03
22490    1.124500000000e+03    8.365852903175e-03    6.838220514510e-03
22500    1.125000000000e+03    8.344012246181e-03    6.812625855673e-03
22510    1.125500000000e+03    8.340180245103e-03    6.807521460360e-03
22520    1.126000000000e+03    8.363410834612e-03    6.832050100456e-03
22530    1.126500000000e+03    8.329810928814e-03    6.800319413742e-03
22540    1.127000000000e+03    8.371483529737e-03    6.846158637018e-03
22550    1.127500000000e+03    8.333531518229e-03    6.811437483520e-03
22560    1.128000000000e+03    8.335367893070e-03    6.817484741987e-03
22570    1.128500000000e+03    8.347879947588e-03    6.834033742962e-03
22580    1.129000000000e+03    8.319107573394e-03    6.807894084886e-03
22590    1.129500000000e+03    8.362888076610e-03    6.854049463072e-03
22600    1.130000000000e+03    8.322862421200e-03    6.812952012297e-03
22610    1.130500000000e+03    8.336692599008e-03    6.824624151704e-03
22620    1.131000000000e+03    8.342501249817e-03    6.826781070231e-03
22630    1.131500000000e+03    8.323249373082e-03    6.802568190324e-03
22640    1.132000000000e+03    8.366121403470e-03    6.842580186458e-03
22650    1.132500000000e+03    8.326458399819e-03    6.800340613154e-03
22660    1.133000000000e+03    8.348646423143e-03    6.822270430348e-03
22670    1.133500000000e+03    8.341860113066e-03    6.816042310675e-03
22680    1.134000000000e+03    8.327585463813e-03    6.802211793001e-03
22690    1.134500000000e+03    8.363007968320e-03    6.839372746072e-03
22700    1.135000000000e+03    8.324108395956e-03    6.801124879530e-03
22710    1.135500000000e+03    8.353923517384e-03    6.833821435976e-03
22720    1.136000000000e+03    8.334143217517e-03    6.817317351306e-03
22730    1.136500000000e+03    8.325794596402e-03    6.812726727730e-03
22740    1.137000000000e+03    8.352757621424e-03    6.843847610980e-03
22750    1.137500000000e+03    8.317521483690e-03    6.809216624788e-03
22760    1.138000000000e+03    8.357739281877e-03    6.849653736936e-03
22770    1.138500000000e+03    8.328354790392e-03    6.817577731454e-03
22780    1.139000000000e+03    8.330718610757e-03    6.816714472734e-03
22790    1.139500000000e+03    8.352044634551e-03    6.835485209194e-03
22800    1.140000000000e+03    8.323573787757e-03    6.803641474107e-03
22810    1.140500000000e+03    8.369858834946e-03    6.848676889604e-03
22820    1.141000000000e+03    8.332161339396e-03    6.808423077018e-03
22830    1.141500000000e+03    8.341678678298e-03    6.816669257205e-03
22840    1.142000000000e+03    8.351867820570e-03    6.826299983913e-03
22850    1.142500000000e+03    8.326583097653e-03    6.801270722463e-03
22860    1.143000000000e+03    8.368891010650e-03    6.846875885458e-03
22870    1.143500000000e+03    8.325296079005e-03    6.806750257965e-03
22880    1.144000000000e+03    8.339667700801e-03    6.826458191426e-03
22890    1.144500000000e+03    8.336143097133e-03    6.827321989476e-03
22900    1.145000000000e+03    8.315411880286e-03    6.808990498939e-03
22910    1.145500000000e+03    8.353632378383e-03    6.848732633443e-03
22920    1.146000000000e+03    8.312679384028e-03    6.806202213738e-03
22930    1.146500000000e+03    8.339272222988e-03    6.831372907982e-03
22940    1.147000000000e+03    8.327366897870e-03    6.817554956797e-03
22950    1.147500000000e+03    8.315967037341e-03    6.804863483012e-03
22960    1.148000000000e+03    8.348894677865e-03    6.837716594418e-03
22970    1.148500000000e+03    8.310385481919e-03    6.798449168855e-03
22980    1.149000000000e+03    8.345537797877e-03    6.834260045252e-03
22990    1.149500000000e+03    8.320149714286e-03    6.809208344748e-03
23000    1.150000000000e+03    8.315274241956e-03    6.805650838032e-03
23010    1.150500000000e+03    8.339133643320e-03    6.832111092081e-03
23020    1.151000000000e+03    8.303979585747e-03    6.798898240959e-03
23030    1.151500000000e+03    8.348336251284e-03    6.846426938864e-03
23040    1.152000000000e+03    8.310335247527e-03    6.809734912167e-03
23050    1.152499999999e+03    8.314545228922e-03    6.814577390287e-03
23060    1.152999999999e+03    8.330964326562e-03    6.831100055024e-03
23070    1.153499999999e+03    8.303863033361e-03    6.802167491514e-03
23080    1.153999999999e+03    8.352090599043e-03    6.849271733699e-03
23090    1.154499999999e+03    8.312925760338e-03    6.807191112784e-03
23100    1.154999999999e+03    8.327770495967e-03    6.820000066000e-03
23110    1.155499999999e+03    8.335011195712e-03    6.825504335211e-03
23120    1.155999999999e+03    8.314636442730e-03    6.802587635320e-03
23130    1.156499999999e+03    8.359167815268e-03    6.846524962384e-03
23140    1.156999999999e+03    8.318692909963e-03    6.804596191614e-03
23150    1.157499999999e+03    8.340763023203e-03    6.827375790635e-03
23160    1.157999999999e+03    8.335049285518e-03    6.822931099123e-03
23170    1.158499999999e+03    8.319777656965e-03    6.808197223108e-03
23180    1.158999999999e+03    8.356924385845e-03    6.846998431683e-03
23190    1.159499999999e+03    8.317840624529e-03    6.806987476921e-03
23200    1.159999999999e+03    8.348927364970e-03    6.837853028628e-03
23210    1.160499999999e+03    8.331894045989e-03    6.819865901889e-03
23220    1.160999999999e+03    8.324278236612e-03    6.811516107518e-03
23230    1.161499999999e+03    8.353572740931e-03    6.841657842415e-03
23240    1.161999999999e+03    8.317011040605e-03    6.805219722992e-03
23250    1.162499999999e+03    8.355508169211e-03    6.846106105513e-03
23260    1.162999999999e+03    8.323751955684e-03    6.815876719884e-03
23270    1.163499999999e+03    8.321855287171e-03    6.816136980888e-03
23280    1.163999999999e+03    8.340920640669e-03    6.837426800303e-03
23290    1.164499999999e+03    8.308453944455e-03    6.805872939367e-03
23300    1.164999999999e+03    8.352376479077e-03    6.851909707621e-03
23310    1.165499999999e+03    8.312652315876e-03    6.812491936216e-03
23320    1.165999999999e+03    8.319882645074e-03    6.820659593359e-03
23330    1.166499999999e+03    8.329803245917e-03    6.831308768597e-03
23340    1.166999999999e+03    8.303956381493e-03    6.805300193264e-03
23350    1.167499999999e+03    8.347864026292e-03    6.849999824226e-03
23360    1.167999999999e+03    8.306449533543e-03    6.808157813794e-03
23370    1.168499999999e+03    8.322853684639e-03    6.825637282418e-03
23380    1.168999999999e+03    8.321643851170e-03    6.825610963460e-03
23390    1.169499999999e+03    8.301553670443e-03    6.806837899603e-03
23400    1.169999999999e+03    8.340064515663e-03    6.847488160929e-03
23410    1.170499999999e+03    8.298996485275e-03    6.806426417825e-03
23420    1.170999999999e+03    8.324756298188e-03    6.832703510554e-03
23430    1.171499999999e+03    8.312961693419e-03    6.820346638960e-03
23440    1.171999999999e+03    8.301755848854e-03    6.807985648265e-03
23450    1.172499999999e+03    8.335214926702e-03    6.840900418865e-03
23460    1.172999999999e+03    8.298702806037e-03    6.802061240705e-03
23470    1.173499999999e+03    8.334807630469e-03    6.836918921181e-03
23480    1.173999999999e+03    8.311667506331e-03    6.812095436544e-03
23490    1.174499999999e+03    8.308289526674e-03    6.807815961110e-03
23500    1.174999999999e+03    8.332853077894e-03    6.832986360678e-03
23510    1.175499999999e+03    8.299910662142e-03    6.799854354540e-03
23520    1.175999999999e+03    8.344041675483e-03    6.845524449091e-03
23530    1.176499999999e+03    8.307338554804e-03    6.809436220465e-03
23540    1.176999999999e+03    8.310686288902e-03    6.814349922934e-03
23550    1.177499999999e+03    8.324744613803e-03    6.830959222498e-03
23560    1.177999999999e+03    8.296329999279e-03    6.804116071180e-03
23570    1.178499999999e+03    8.340646314258e-03    6.850966992715e-03
23580    1.178999999999e+03    8.300556085472e-03    6.810957305788e-03
23590    1.179499999999e+03    8.313462552824e-03    6.823376606008e-03
23600    1.179999999999e+03    8.319328911588e-03    6.827866488493e-03
23610    1.180499999999e+03    8.299139563178e-03    6.804859071053e-03
23620    1.180999999999e+03    8.342174331675e-03    6.845721740319e-03
23630    1.181499999999e+03    8.303825785370e-03    6.803311981457e-03
23640    1.181999999999e+03    8.326764533353e-03    6.822951936556e-03
23650    1.182499999999e+03    8.322610605185e-03    6.815371431003e-03
23660    1.182999999999e+03    8.308704110602e-03    6.799052983297e-03
23670    1.183499999999e+03    8.344101346630e-03    6.835331882030e-03
23680    1.183999999999e+03    8.303997152472e-03    6.797550060583e-03
23690    1.184499999999e+03    8.330510667495e-03    6.830401315710e-03
23700    1.184999999999e+03    8.309186375623e-03    6.816188178163e-03
23710    1.185499999999e+03    8.297389494844e-03    6.811789035964e-03
23720    1.185999999999e+03    8.322243674752e-03    6.843359093182e-03
23730    1.186499999999e+03    8.285232205418e-03    6.808903807723e-03
23740    1.186999999999e+03    8.323586036012e-03    6.847428514448e-03
23750    1.187499999999e+03    8.295407314603e-03    6.815087420364e-03
23760    1.187999999999e+03    8.297645584245e-03    6.811486097831e-03
23770    1.188499999999e+03    8.319952490159e-03    6.828033925558e-03
23780    1.188999999999e+03    8.291858836456e-03    6.794106578127e-03
23790    1.189499999999e+03    8.336718611785e-03    6.836443783868e-03
23800    1.189999999999e+03    8.299155682484e-03    6.797181336879e-03
23810    1.190499999999e+03    8.305680054407e-03    6.805623060245e-03
23820    1.190999999999e+03    8.312849858196e-03    6.818103573096e-03
23830    1.191499999999e+03    8.283943568772e-03    6.796297538131e-03
23840    1.191999999999e+03    8.321656792931e-03    6.843839782960e-03
23850    1.192499999999e+03    8.277579780894e-03    6.807567347096e-03
23860    1.192999999999e+03    8.290827626802e-03    6.827130302554e-03
23870    1.193499999999e+03    8.289337947765e-03    6.828540658717e-03
23880    1.193999999999e+03    8.271501133108e-03    6.809363256252e-03
23890    1.194499999999e+03    8.311756904963e-03    6.846213011158e-03
23900    1.194999999999e+03    8.276134505747e-03    6.803932199546e-03
23910    1.195499999999e+03    8.304865704775e-03    6.826124440522e-03
23920    1.195999999999e+03    8.297669521245e-03    6.811886969444e-03
23930    1.196499999999e+03    8.289847651668e-03    6.797654454203e-03
23940    1.196999999999e+03    8.324090971548e-03    6.828253877757e-03
23950    1.197499999999e+03    8.289217823421e-03    6.791108400648e-03
23960    1.197999999999e+03    8.322355790886e-03    6.826454929978e-03
23970    1.198499999999e+03    8.297589367842e-03    6.806601698372e-03
23980    1.198999999999e+03    8.290555708121e-03    6.806691342717e-03
23990    1.199499999999e+03    8.310927042869e-03    6.835266499365e-03
24000    1.199999999999e+03    8.276517196945e-03    6.806386737480e-03
24010    1.200499999999e+03    8.317626482756e-03    6.851548276245e-03
24020    1.200999999999e+03    8.283225060023e-03    6.817152831900e-03
24030    1.201499999999e+03    8.288610853545e-03    6.820315025834e-03
24040    1.201999999999e+03    8.305619544391e-03    6.833695172645e-03
24050    1.202499999999e+03    8.281961875104e-03    6.804631781961e-03
24060    1.202999999999e+03    8.327638806879e-03    6.846138733636e-03
24070    1.203499999999e+03    8.291597900957e-03    6.804834394643e-03
24080    1.203999999999e+03    8.304992105365e-03    6.815163553256e-03
24090    1.204499999999e+03    8.310014917393e-03    6.819272752182e-03
24100    1.204999999999e+03    8.288516268282e-03    6.798840172451e-03
24110    1.205499999999e+03    8.325735744970e-03    6.841139868811e-03
24120    1.205999999999e+03    8.284204172690e-03    6.804834272771e-03
24130    1.206499999999e+03    8.301366917898e-03    6.828174264228e-03
24140    1.206999999999e+03    8.293368426836e-03    6.824509229773e-03
24150    1.207499999999e+03    8.278453607971e-03    6.811226546233e-03
24160    1.207999999999e+03    8.312470493182e-03    6.845820968920e-03
24170    1.208499999999e+03    8.276804449179e-03    6.808392521634e-03
24180    1.208999999999e+03    8.305992395297e-03    6.837113687652e-03
24190    1.209499999999e+03    8.289477126123e-03    6.820141285061e-03
24200    1.209999999999e+03    8.282500684428e-03    6.813438871177e-03
24210    1.210499999999e+03    8.309210038058e-03    6.841033106866e-03
24220    1.210999999999e+03    8.276596996098e-03    6.807256396314e-03
24230    1.211499999999e+03    8.314208406855e-03    6.844182342320e-03
24240    1.211999999999e+03    8.286539145263e-03    6.814482268965e-03
24250    1.212499999999e+03    8.287397069141e-03    6.813901037276e-03
24260    1.212999999999e+03    8.306179821253e-03    6.832202643636e-03
24270    1.213499999999e+03    8.278083617951e-03    6.803093408053e-03
24280    1.213999999999e+03    8.319944086752e-03    6.845085061286e-03
24290    1.214499999999e+03    8.284156610924e-03    6.807947258494e-03
24300    1.214999999999e+03    8.292213090261e-03    6.815280291448e-03
24310    1.215499999999e+03    8.301201947815e-03    6.824481465628e-03
24320    1.215999999999e+03    8.277232285010e-03    6.801873139011e-03
24330    1.216499999999e+03    8.315591436096e-03    6.844462626759e-03
24340    1.216999999999e+03    8.275084180507e-03    6.808047448430e-03
24350    1.217499999999e+03    8.288066476442e-03    6.826074582023e-03
24360    1.217999999999e+03    8.285224322357e-03    6.826904644186e-03
24370    1.218499999999e+03    8.266942039523e-03    6.810036540628e-03
24380    1.218999999999e+03    8.302680683708e-03    6.846534318356e-03
24390    1.219499999999e+03    8.266339267937e-03    6.808155674662e-03
24400    1.219999999999e+03    8.291377156016e-03    6.830975652520e-03
24410    1.220499999999e+03    8.281815069842e-03    6.818155191468e-03
24420    1.220999999999e+03    8.272887693076e-03    6.805369785070e-03
24430    1.221499999999e+03    8.304490130893e-03    6.834117353719e-03
24440    1.221999999999e+03    8.271260861263e-03    6.797688239203e-03
24450    1.222499999999e+03    8.303546624400e-03    6.829794580881e-03
24460    1.222999999999e+03    8.280745301838e-03    6.808231814830e-03
24470    1.223499999999e+03    8.275129265683e-03    6.806007715568e-03
24480    1.223999999999e+03    8.295552326273e-03    6.831621454694e-03
24490    1.224499999999e+03    8.262794866172e-03    6.802565680118e-03
24500    1.224999999999e+03    8.301793669296e-03    6.845431232250e-03
24510    1.225499999999e+03    8.268047066441e-03    6.812342012381e-03
24520    1.225999999999e+03    8.271881831035e-03    6.815060961344e-03
24530    1.226499999999e+03    8.287455453545e-03    6.828901693552e-03
24540    1.226999999999e+03    8.262805713198e-03    6.801178040405e-03
24550    1.227499999999e+03    8.305357045157e-03    6.842099101959e-03
24560    1.227999999999e+03    8.269183091570e-03    6.803149518419e-03
24570    1.228499999999e+03    8.280581817296e-03    6.812773676756e-03
24580    1.228999999999e+03    8.286157596076e-03    6.817195595431e-03
24590    1.229499999999e+03    8.265376214937e-03    6.795725159463e-03
24600    1.229999999999e+03    8.303554465066e-03    6.835690485786e-03
24610    1.230499999999e+03    8.264999334770e-03    6.798474945754e-03
24620    1.230999999999e+03    8.282560272963e-03    6.818702143391e-03
24630    1.231499999999e+03    8.277010064876e-03    6.815000243478e-03
24640    1.231999999999e+03    8.261702283168e-03    6.800309083701e-03
24650    1.232499999999e+03    8.295411646243e-03    6.835306329776e-03
24660    1.232999999999e+03    8.259331690966e-03    6.799035835684e-03
24670    1.233499999999e+03    8.286219410718e-03    6.827174176578e-03
24680    1.233999999999e+03    8.270875053972e-03    6.812815430749e-03
24690    1.234499999999e+03    8.262227644246e-03    6.805584887843e-03
24700    1.234999999999e+03    8.289096181769e-03    6.834901198090e-03
24710    1.235499999999e+03    8.255371038729e-03    6.802215080825e-03
24720    1.235999999999e+03    8.290514841617e-03    6.839204905191e-03
24730    1.236499999999e+03    8.264285994108e-03    6.813197777774e-03
24740    1.236999999999e+03    8.263570143602e-03    6.812374139372e-03
24750    1.237499999999e+03    8.284103284215e-03    6.832703972577e-03
24760    1.237999999999e+03    8.256013883525e-03    6.802691014855e-03
24770    1.238499999999e+03    8.297237506575e-03    6.843245277196e-03
24780    1.238999999999e+03    8.263541395250e-03    6.807660246523e-03
24790    1.239499999999e+03    8.270190449984e-03    6.813102011620e-03
24800    1.239999999999e+03    8.281032502081e-03    6.823821669968e-03
24810    1.240499999999e+03    8.256696719923e-03    6.799510261772e-03
24820    1.240999999999e+03    8.295810004319e-03    6.840796120741e-03
24830    1.241499999999e+03    8.258005548214e-03    6.804491294133e-03
24840    1.241999999999e+03    8.271056740131e-03    6.819967305091e-03
24850    1.242499999999e+03    8.270881001588e-03    6.822189984632e-03
24860    1.242999999999e+03    8.251632684005e-03    6.804861479395e-03
24870    1.243499999999e+03    8.286772941786e-03    6.843225137345e-03
24880    1.243999999999e+03    8.249583705526e-03    6.807859440414e-03
24890    1.244499999999e+03    8.271548717382e-03    6.832052860773e-03
24900    1.244999999999e+03    8.262132853431e-03    6.823194945355e-03
24910    1.245499999999e+03    8.251276600190e-03    6.810792232500e-03
24920    1.245999999999e+03    8.282784489433e-03    6.840721140179e-03
24930    1.246499999999e+03    8.250252474818e-03    6.804944892792e-03
24940    1.246999999999e+03    8.282868672680e-03    6.835579329163e-03
24950    1.247499999999e+03    8.263896187932e-03    6.814574388954e-03
24960    1.247999999999e+03    8.260764434423e-03    6.810073939050e-03
24970    1.248499999999e+03    8.284768882723e-03    6.833976033704e-03
24980    1.248999999999e+03    8.255259107950e-03    6.803872428463e-03
24990    1.249499999999e+03    8.295317419156e-03    6.845335034996e-03
25000    1.249999999999e+03    8.263425124034e-03    6.814671472966e-03
25010    1.250499999999e+03    8.266312228096e-03    6.819613940024e-03
25020    1.250999999999e+03    8.280459791888e-03    6.836446467787e-03
25030    1.251499999999e+03    8.254519446056e-03    6.812019514655e-03
25040    1.251999999999e+03    8.294567697084e-03    6.854494368781e-03
25050    1.252499999999e+03    8.258471826988e-03    6.818198578912e-03
25060    1.252999999999e+03    8.269504380087e-03    6.828454519564e-03
25070    1.253499999999e+03    8.275681560888e-03    6.832694874902e-03
25080    1.253999999999e+03    8.257623308958e-03    6.810704665440e-03
25090    1.254499999999e+03    8.297545647817e-03    6.847461617326e-03
25100    1.254999999999e+03    8.263452191762e-03    6.808586897023e-03
25110    1.255499999999e+03    8.283819621009e-03    6.826202909906e-03
25120    1.255999999999e+03    8.279786224317e-03    6.820420103395e-03
25130    1.256499999999e+03    8.265855120421e-03    6.806358262111e-03
25140    1.256999999999e+03    8.297144472280e-03    6.841048791102e-03
25150    1.257499999999e+03    8.260193792165e-03    6.807797456531e-03
25160    1.257999999999e+03    8.284090069608e-03    6.838051685918e-03
25170    1.258499999999e+03    8.265391064716e-03    6.824894730016e-03
25180    1.258999999999e+03    8.255445583411e-03    6.819289437772e-03
25190    1.259499999999e+03    8.279719938625e-03    6.846940675132e-03
25200    1.259999999999e+03    8.247278983012e-03    6.814458312874e-03
25210    1.260499999999e+03    8.283343742372e-03    6.849450072878e-03
25220    1.260999999999e+03    8.258466773575e-03    6.820335239354e-03
25230    1.261499999999e+03    8.261168349073e-03    6.817370748649e-03
25240    1.261999999999e+03    8.282984346598e-03    6.832858472990e-03
25250    1.262499999999e+03    8.258272648766e-03    6.801400686527e-03
25260    1.262999999999e+03    8.300581528561e-03    6.840495512733e-03
25270    1.263499999999e+03    8.266046626000e-03    6.805001284192e-03
25280    1.263999999999e+03    8.271652417279e-03    6.814088774263e-03
25290    1.264499999999e+03    8.278613775238e-03    6.826979091784e-03
25300    1.264999999999e+03    8.252655362824e-03    6.806898275499e-03
25310    1.265499999999e+03    8.289872422188e-03    6.850104490695e-03
25320    1.265999999999e+03    8.251122924696e-03    6.813704345404e-03
25330    1.266499999999e+03    8.265836738222e-03    6.829162009126e-03
25340    1.266999999999e+03    8.266502521500e-03    6.828330654571e-03
25350    1.267499999999e+03    8.251153121676e-03    6.809160408920e-03
25360    1.267999999999e+03    8.289951354455e-03    6.843656628917e-03
25370    1.268499999999e+03    8.256155474133e-03    6.803648861933e-03
25380    1.268999999999e+03    8.282590942290e-03    6.825106658653e-03
25390    1.269499999999e+03    8.274281479682e-03    6.812355321927e-03
25400    1.269999999999e+03    8.264548029044e-03    6.800319773902e-03
25410    1.270499999999e+03    8.294740509004e-03    6.831966228674e-03
25420    1.270999999999e+03    8.258717588032e-03    6.799137023336e-03
25430    1.271499999999e+03    8.288599754728e-03    6.835577575657e-03
25440    1.271999999999e+03    8.264114948230e-03    6.817405882430e-03
25450    1.272499999999e+03    8.257985329770e-03    6.816675193477e-03
25460    1.272999999999e+03    8.280007392937e-03    6.842718232292e-03
25470    1.273499999999e+03    8.249535873109e-03    6.811898833803e-03
25480    1.273999999999e+03    8.292996396897e-03    6.853388502350e-03
25490    1.274499999999e+03    8.262749096958e-03    6.818061509875e-03
25500    1.274999999999e+03    8.270268398746e-03    6.819718846600e-03
25510    1.275499999999e+03    8.289045312914e-03    6.832911713900e-03
25520    1.275999999999e+03    8.266422208166e-03    6.804028654187e-03
25530    1.276499999999e+03    8.311785631718e-03    6.846096606751e-03
25540    1.276999999999e+03    8.275667065297e-03    6.807492065491e-03
25550    1.277499999999e+03    8.287294859652e-03    6.820593484008e-03
25560    1.277999999999e+03    8.291054465457e-03    6.829275505879e-03
25570    1.278499999999e+03    8.267614999739e-03    6.811997242039e-03
25580    1.278999999999e+03    8.304752530194e-03    6.857105955532e-03
25590    1.279499999999e+03    8.263899577365e-03    6.820749206781e-03
25600    1.279999999999e+03    8.282924333557e-03    6.842338671049e-03
25610    1.280499999999e+03    8.278549727189e-03    6.836898409347e-03
25620    1.280999999999e+03    8.266288967414e-03    6.820096120464e-03
25630    1.281499999999e+03    8.305081370457e-03    6.853017039248e-03
25640    1.281999999999e+03    8.272158408614e-03    6.811548521000e-03
25650    1.282499999999e+03    8.304965986189e-03    6.837457947768e-03
25660    1.282999999999e+03    8.291342133638e-03    6.817863786637e-03
25670    1.283499999999e+03    8.284921285797e-03    6.808333741901e-03
25680    1.283999999999e+03    8.312970428762e-03    6.837285026450e-03
25690    1.284499999999e+03    8.277082741257e-03    6.804068721067e-03
25700    1.284999999999e+03    8.312477574951e-03    6.846070793472e-03
25710    1.285499999999e+03    8.280160325979e-03    6.821026768193e-03
25720    1.285999999999e+03    8.276023890093e-03    6.824969128502e-03
25730    1.286499999999e+03    8.292601244230e-03    6.848997769339e-03
25740    1.286999999999e+03    8.260665036274e-03    6.820539384535e-03
25750    1.287499999999e+03    8.304289282837e-03    6.865210438264e-03
25760    1.287999999999e+03    8.269129116811e-03    6.825802896856e-03
25770    1.288499999999e+03    8.280961353456e-03    6.830787277977e-03
25780    1.288999999999e+03    8.296165550593e-03    6.837442316282e-03
25790    1.289499999999e+03    8.276567798909e-03    6.808232515141e-03
25800    1.289999999999e+03    8.323493232928e-03    6.848513756267e-03
25810    1.290499999999e+03    8.286144314509e-03    6.805407310821e-03
25820    1.290999999999e+03    8.303809556613e-03    6.821666482210e-03
25830    1.291499999999e+03    8.303073456484e-03    6.822803075011e-03
25840    1.291999999999e+03    8.283022784238e-03    6.806882278397e-03
25850    1.292499999999e+03    8.318976849709e-03    6.850226449387e-03
25860    1.292999999999e+03    8.276218933975e-03    6.814108373874e-03
25870    1.293499999999e+03    8.298928877189e-03    6.843868093711e-03
25880    1.293999999999e+03    8.285488576708e-03    6.834427037575e-03
25890    1.294499999999e+03    8.274417575006e-03    6.823617295595e-03
25900    1.294999999999e+03    8.309076951598e-03    6.855468001049e-03
25910    1.295499999999e+03    8.276143904116e-03    6.815137748163e-03
25920    1.295999999999e+03    8.316052507858e-03    6.847234331872e-03
25930    1.296499999999e+03    8.296553910252e-03    6.819112555604e-03
25940    1.296999999999e+03    8.296185888892e-03    6.812224517489e-03
25950    1.297499999999e+03    8.322146843605e-03    6.835392235189e-03
25960    1.297999999999e+03    8.289165087536e-03    6.801223905313e-03
25970    1.298499999999e+03    8.332817328678e-03    6.847876529719e-03
25980    1.298999999999e+03    8.293645106496e-03    6.812240177169e-03
25990    1.299499999999e+03    8.295114887978e-03    6.819328261372e-03
26000    1.299999999999e+03    8.306890869839e-03    6.837716211521e-03
26010    1.300499999999e+03    8.275640430836e-03    6.811812550040e-03
26020    1.300999999999e+03    8.319168315042e-03    6.860732167297e-03
26030    1.301499999999e+03    8.276694064335e-03    6.819420832471e-03
26040    1.301999999999e+03    8.290270138563e-03    6.832164252955e-03
26050    1.302499999999e+03    8.297047505864e-03    6.835392656285e-03
26060    1.302999999999e+03    8.277869697859e-03    6.810397203481e-03
26070    1.303499999999e+03    8.323862780583e-03    6.851709307739e-03
26080    1.303999999999e+03    8.284138172803e-03    6.806390082602e-03
26090    1.304499999999e+03    8.307574451113e-03    6.827465836068e-03
26100    1.304999999999e+03    8.301479715873e-03    6.820534685176e-03
26110    1.305499999999e+03    8.286169953051e-03    6.805390366935e-03
26120    1.305999999999e+03    8.323311629979e-03    6.845046046692e-03
26130    1.306499999999e+03    8.282671187302e-03    6.805755274399e-03
26140    1.306999999999e+03    8.313801244166e-03    6.839981725534e-03
26150    1.307499999999e+03    8.294598745902e-03    6.822998485404e-03
26160    1.307999999999e+03    8.286647777831e-03    6.816790311859e-03
26170    1.308499999999e+03    8.317070184469e-03    6.849002013041e-03
26180    1.308999999999e+03    8.281577990446e-03    6.812317130425e-03
26190    1.309499999999e+03    8.325083282753e-03    6.854756814391e-03
26200    1.309999999999e+03    8.295942877526e-03    6.822252810707e-03
26210    1.310499999999e+03    8.298698579881e-03    6.821379695793e-03
26220    1.310999999999e+03    8.321745489670e-03    6.841463885394e-03
26230    1.311499999999e+03    8.291134111083e-03    6.806928147853e-03
26240    1.311999999999e+03    8.339192249120e-03    6.853465933091e-03
26250    1.312499999999e+03    8.299054815705e-03    6.811353873672e-03
26260    1.312999999999e+03    8.308016946611e-03    6.819816584539e-03
26270    1.313499999999e+03    8.318490517274e-03    6.830758006799e-03
26280    1.313999999999e+03    8.291385257488e-03    6.803815870626e-03
26290    1.314499999999e+03    8.336431462873e-03    6.851028531855e-03
26300    1.314999999999e+03    8.291769260358e-03    6.807279495661e-03
26310    1.315499999999e+03    8.308124805392e-03    6.826361217463e-03
26320    1.315999999999e+03    8.306019355535e-03    6.826945905232e-03
26330    1.316499999999e+03    8.284680296618e-03    6.807899565501e-03
26340    1.316999999999e+03    8.324872917334e-03    6.851264931356e-03
26350    1.317499999999e+03    8.280897990332e-03    6.807853854298e-03
26360    1.317999999999e+03    8.307321099853e-03    6.835638761913e-03
26370    1.318499999999e+03    8.293860269444e-03    6.822062654464e-03
26380    1.318999999999e+03    8.281493255416e-03    6.808479706706e-03
26390    1.319499999999e+03    8.316775765187e-03    6.842652848718e-03
26400    1.319999999999e+03    8.278160894548e-03    6.800733697673e-03
26410    1.320499999999e+03    8.317205564816e-03    6.837638527941e-03
26420    1.320999999999e+03    8.293156335200e-03    6.810768732066e-03
26430    1.321499999999e+03    8.290402314476e-03    6.806502775362e-03
26440    1.321999999999e+03    8.317097176692e-03    6.833548712166e-03
26450    1.322499999999e+03    8.282413719582e-03    6.798796706789e-03
26460    1.322999999999e+03    8.330426198844e-03    6.848782937595e-03
26470    1.323499999999e+03    8.292038913761e-03    6.811004456722e-03
26480    1.323999999999e+03    8.297498575617e-03    6.817480991231e-03
26490    1.324499999999e+03    8.313798125751e-03    6.834908423116e-03
26500    1.324999999999e+03    8.284990726071e-03    6.805413989241e-03
26510    1.325499999999e+03    8.333879988113e-03    6.854593822027e-03
26520    1.325999999999e+03    8.291760934456e-03    6.810169273194e-03
26530    1.326499999999e+03    8.307382662935e-03    6.823378614172e-03
26540    1.326999999999e+03    8.314236158363e-03    6.827103217802e-03
26550    1.327499999999e+03    8.294214085433e-03    6.802525704188e-03
26560    1.327999999999e+03    8.341030466781e-03    6.846285591564e-03
26570    1.328499999999e+03    8.299514297157e-03    6.800686403949e-03
26580    1.328999999999e+03    8.323834109440e-03    6.823781351159e-03
26590    1.329499999999e+03    8.316812196101e-03    6.817083351052e-03
26600    1.329999999999e+03    8.301041954727e-03    6.803196381043e-03
26610    1.330499999999e+03    8.337872795132e-03    6.844371764601e-03
26620    1.330999999999e+03    8.295121789887e-03    6.805044699831e-03
26630    1.331499999999e+03    8.325769024937e-03    6.840937786365e-03
26640    1.331999999999e+03    8.303854089076e-03    6.822732779256e-03
26650    1.332499999999e+03    8.294690706508e-03    6.816487290052e-03
26660    1.332999999999e+03    8.323619934733e-03    6.847490743894e-03
26670    1.333499999999e+03    8.286866058748e-03    6.809316537328e-03
26680    1.333999999999e+03    8.330947024245e-03    6.851159609141e-03
26690    1.334499999999e+03    8.300579631423e-03    6.815352625381e-03
26700    1.334999999999e+03    8.304365866442e-03    6.813548717219e-03
26710    1.335499999999e+03    8.327189258487e-03    6.831683842393e-03
26720    1.335999999999e+03    8.297211380427e-03    6.797611972615e-03
26730    1.336499999999e+03    8.345637714279e-03    6.845981527476e-03
26740    1.336999999999e+03    8.303747711656e-03    6.805278965658e-03
26750    1.337499999999e+03    8.312197290039e-03    6.817862848038e-03
26760    1.337999999999e+03    8.319980401702e-03    6.830873409854e-03
26770    1.338499999999e+03    8.292380438963e-03    6.807540529735e-03
26780    1.338999999999e+03    8.336286266013e-03    6.856413433525e-03
26790    1.339499999999e+03    8.291586595465e-03    6.813655939368e-03
26800    1.339999999999e+03    8.309881340273e-03    6.833153506705e-03
26810    1.340499999999e+03    8.308540175754e-03    6.831462081209e-03
26820    1.340999999999e+03    8.291391564043e-03    6.811623084104e-03
26830    1.341499999999e+03    8.333765322988e-03    6.851263759927e-03
26840    1.341999999999e+03    8.294168793002e-03    6.806177410908e-03
26850    1.342499999999e+03    8.324359721370e-03    6.832073486294e-03
26860    1.342999999999e+03    8.312691139559e-03    6.816375459493e-03
26870    1.343499999999e+03    8.303155848316e-03    6.804074358115e-03
26880    1.343999999999e+03    8.337098296696e-03    6.837901562903e-03
26890    1.344499999999e+03    8.298682572156e-03    6.799272926401e-03
26900    1.344999999999e+03    8.335126688625e-03    6.838203429652e-03
26910    1.345499999999e+03    8.308120107224e-03    6.813035082814e-03
26920    1.345999999999e+03    8.303462569523e-03    6.810963370299e-03
26930    1.346499999999e+03    8.326436451599e-03    6.837334566626e-03
26940    1.346999999999e+03    8.291177873538e-03    6.804031597312e-03
26950    1.347499999999e+03    8.336523382501e-03    6.852260372398e-03
26960    1.347999999999e+03    8.297509534207e-03    6.813633513048e-03
26970    1.348499999999e+03    8.302362162199e-03    6.818502598435e-03
26980    1.348999999999e+03    8.317875248174e-03    6.832689220573e-03
26990    1.349499999999e+03    8.290698340334e-03    6.802174768382e-03
27000    1.349999999999e+03    8.338936951478e-03    6.847951069176e-03
27010    1.350499999999e+03    8.298563257076e-03    6.803479453083e-03
27020    1.350999999999e+03    8.313651394789e-03    6.816135123699e-03
27030    1.351499999999e+03    8.319284431309e-03    6.820371730100e-03
27040    1.351999999999e+03    8.297575159627e-03    6.797889810514e-03
27050    1.352499999999e+03    8.339860011423e-03    6.842322510238e-03
27060    1.352999999999e+03    8.296138633363e-03    6.800582663345e-03
27070    1.353499999999e+03    8.315815536671e-03    6.824853131548e-03
27080    1.353999999999e+03    8.306361365760e-03    6.820800687819e-03
27090    1.354499999999e+03    8.288589791432e-03    6.808072187596e-03
27100    1.354999999999e+03    8.323170054770e-03    6.847758918411e-03
27110    1.355499999999e+03    8.282029316746e-03    6.808150877987e-03
27120    1.355999999999e+03    8.312441817091e-03    6.839003999630e-03
27130    1.356499999999e+03    8.294830775175e-03    6.818976253271e-03
27140    1.356999999999e+03    8.288757195090e-03    6.808975859713e-03
27150    1.357499999999e+03    8.319969651043e-03    6.836572190878e-03
27160    1.357999999999e+03    8.286747794477e-03    6.798263017117e-03
27170    1.358499999999e+03    8.328269261404e-03    6.837292239652e-03
27180    1.358999999999e+03    8.298971648042e-03    6.805970764617e-03
27190    1.359499999999e+03    8.298782349756e-03    6.805917373640e-03
27200    1.359999999999e+03    8.317732948726e-03    6.827456116298e-03
27210    1.360499999999e+03    8.285285561551e-03    6.798092285862e-03
27220    1.360999999999e+03    8.327271596216e-03    6.845538001471e-03
27230    1.361499999999e+03    8.287018612414e-03    6.809799018811e-03
27240    1.361999999999e+03    8.292566405041e-03    6.819949160672e-03
27250    1.362499999999e+03    8.301394587878e-03    6.831962969954e-03
27260    1.362999999999e+03    8.275734528014e-03    6.806476640122e-03
27270    1.363499999999e+03    8.318640989214e-03    6.848730513411e-03
27280    1.363999999999e+03    8.280588722906e-03    6.806237276578e-03
27290    1.364499999999e+03    8.298743453753e-03    6.819799525147e-03
27300    1.364999999999e+03    8.301806808734e-03    6.817533356298e-03
27310    1.365499999999e+03    8.285460928424e-03    6.796034112995e-03
27320    1.365999999999e+03    8.324890665806e-03    6.833270628704e-03
27330    1.366499999999e+03    8.286517147454e-03    6.793305075917e-03
27340    1.366999999999e+03    8.309449594432e-03    6.818448492595e-03
27350    1.367499999999e+03    8.296898185116e-03    6.809839875132e-03
27360    1.367999999999e+03    8.282184956891e-03    6.800383681366e-03
27370    1.368499999999e+03    8.310825801107e-03    6.835743338343e-03
27380    1.368999999999e+03    8.271990503636e-03    6.801647859902e-03
27390    1.369499999999e+03    8.302035130666e-03    6.836552118330e-03
27400    1.369999999999e+03    8.278707033863e-03    6.815178739089e-03
27410    1.370499999999e+03    8.273657917253e-03    6.809707426328e-03
27420    1.370999999999e+03    8.298688134646e-03    6.832698340986e-03
27430    1.371499999999e+03    8.268874381109e-03    6.797918586017e-03
27440    1.371999999999e+03    8.312472791133e-03    6.837632015049e-03
27450    1.372499999999e+03    8.280923997025e-03    6.802135690123e-03
27460    1.372999999999e+03    8.284504138627e-03    6.804063258642e-03
27470    1.373499999999e+03    8.299361940976e-03    6.820108485954e-03
27480    1.373999999999e+03    8.270781539311e-03    6.794074679419e-03
27490    1.374499999999e+03    8.310531457002e-03    6.839071766080e-03
27500    1.374999999999e+03    8.270651266825e-03    6.803864607718e-03
27510    1.375499999999e+03    8.278626364977e-03    6.816840977990e-03
27520    1.375999999999e+03    8.282207842822e-03    6.824608665738e-03
27530    1.376499999999e+03    8.259028053365e-03    6.803689590015e-03
27540    1.376999999999e+03    8.297066966432e-03    6.843825309261e-03
27550    1.377499999999e+03    8.258938854737e-03    6.804924179050e-03
27560    1.377999999999e+03    8.277931548129e-03    6.822755901339e-03
27570    1.378499999999e+03    8.274877955292e-03    6.817311164923e-03
27580    1.378999999999e+03    8.261373003634e-03    6.800358560213e-03
27590    1.379499999999e+03    8.297132587638e-03    6.833825224021e-03
27600    1.379999999999e+03    8.262198106892e-03    6.796206162107e-03
27610    1.380499999999e+03    8.288994347510e-03    6.823275860370e-03
27620    1.380999999999e+03    8.273395181138e-03    6.809378051912e-03
27630    1.381499999999e+03    8.263608758775e-03    6.802715353842e-03
27640    1.381999999999e+03    8.289415322822e-03    6.832873707026e-03
27650    1.382499999999e+03    8.255322353866e-03    6.801299429753e-03
27660    1.382999999999e+03    8.289180629791e-03    6.838206243629e-03
27670    1.383499999999e+03    8.262479276525e-03    6.812602477112e-03
27680    1.383999999999e+03    8.260513019050e-03    6.811351503529e-03
27690    1.384499999999e+03    8.279797760547e-03    6.831057322415e-03
27700    1.384999999999e+03    8.252015975002e-03    6.801150160754e-03
27710    1.385499999999e+03    8.292819891669e-03    6.840162349363e-03
27720    1.385999999999e+03    8.260845820269e-03    6.804618928072e-03
27730    1.386499999999e+03    8.267868966755e-03    6.809247583988e-03
27740    1.386999999999e+03    8.278441426005e-03    6.819575781265e-03
27750    1.387499999999e+03    8.253965787335e-03    6.795996789151e-03
27760    1.387999999999e+03    8.290559859758e-03    6.836598908194e-03
27770    1.388499999999e+03    8.252247829219e-03    6.802290542510e-03
27780    1.388999999999e+03    8.263162913152e-03    6.818135997491e-03
27790    1.389499999999e+03    8.261799568197e-03    6.820559855441e-03
27800    1.389999999999e+03    8.242419003136e-03    6.802685894399e-03
27810    1.390499999999e+03    8.276312811232e-03    6.837486987024e-03
27820    1.390999999999e+03    8.240612872139e-03    6.800169987400e-03
27830    1.391499999999e+03    8.262142559996e-03    6.820646326560e-03
27840    1.391999999999e+03    8.253059169801e-03    6.810148035584e-03
27850    1.392499999999e+03    8.241661711516e-03    6.797480879868e-03
27860    1.392999999999e+03    8.270849578508e-03    6.826731585534e-03
27870    1.393499999999e+03    8.237238647951e-03    6.792838560614e-03
27880    1.393999999999e+03    8.265848498373e-03    6.823667581557e-03
27890    1.394499999999e+03    8.243912886387e-03    6.805155747315e-03
27900    1.394999999999e+03    8.236430487547e-03    6.803026341913e-03
27910    1.395499999999e+03    8.255987745650e-03    6.828657326878e-03
27920    1.395999999999e+03    8.224401023809e-03    6.800842360462e-03
27930    1.396499999999e+03    8.262079676219e-03    6.840767196991e-03
27940    1.396999999999e+03    8.231662620902e-03    6.808521068706e-03
27950    1.397499999999e+03    8.235556693505e-03    6.809279661866e-03
27960    1.397999999999e+03    8.251501299359e-03    6.821692300036e-03
27970    1.398499999999e+03    8.227975372553e-03    6.794243497097e-03
27980    1.398999999999e+03    8.268671177493e-03    6.833120432020e-03
27990    1.399499999999e+03    8.234588324920e-03    6.796792996283e-03
28000    1.399999999999e+03    8.244910046582e-03    6.806708503973e-03
28010    1.400499999999e+03    8.249534609316e-03    6.812443913986e-03
28020    1.400999999999e+03    8.228364473385e-03    6.793271089919e-03
28030    1.401499999999e+03    8.262908064762e-03    6.832481037236e-03
28040    1.401999999999e+03    8.224556445642e-03    6.798535632697e-03
28050    1.402499999999e+03    8.239894741479e-03    6.819021227784e-03
28060    1.402999999999e+03    8.233115173010e-03    6.815972799814e-03
28070    1.403499999999e+03    8.217983034933e-03    6.802531279391e-03
28080    1.403999999999e+03    8.249288155255e-03    6.834685198555e-03
28090    1.404499999999e+03    8.215286997279e-03    6.798475859796e-03
28100    1.404999999999e+03    8.241487719856e-03    6.823143983638e-03
28110    1.405499999999e+03    8.226568099676e-03    6.806343614699e-03
28120    1.405999999999e+03    8.219344589879e-03    6.797894091505e-03
28130    1.406499999999e+03    8.244231734303e-03    6.823553269896e-03
28140    1.406999999999e+03    8.212469474855e-03    6.791697373956e-03
28150    1.407499999999e+03    8.245806681964e-03    6.826342276327e-03
28160    1.407999999999e+03    8.218585363193e-03    6.799855519603e-03
28170    1.408499999999e+03    8.217138485658e-03    6.799692790992e-03
28180    1.408999999999e+03    8.233412563146e-03    6.818284203291e-03
28190    1.409499999999e+03    8.204894516251e-03    6.791990863348e-03
28200    1.409999999999e+03    8.242287826200e-03    6.833173802988e-03
28210    1.410499999999e+03    8.207197307761e-03    6.800311217376e-03
28220    1.410999999999e+03    8.213421715591e-03    6.808467483097e-03
28230    1.411499999999e+03    8.221922095307e-03    6.817905655225e-03
28240    1.411999999999e+03    8.199976236820e-03    6.795358063755e-03
28250    1.412499999999e+03    8.238496525934e-03    6.833875789198e-03
28260    1.412999999999e+03    8.203228725525e-03    6.797002943131e-03
28270    1.413499999999e+03    8.218945424074e-03    6.811693334384e-03
28280    1.413999999999e+03    8.218995317418e-03    6.810662707721e-03
28290    1.414499999999e+03    8.203178868216e-03    6.793609698434e-03
28300    1.414999999999e+03    8.237403714140e-03    6.827948847786e-03
28310    1.415499999999e+03    8.201459535741e-03    6.792023884373e-03
28320    1.415999999999e+03    8.223194983938e-03    6.815748381086e-03
28330    1.416499999999e+03    8.210878454937e-03    6.805585634538e-03
28340    1.416999999999e+03    8.199450316442e-03    6.796742817642e-03
28350    1.417499999999e+03    8.226133889278e-03    6.826717495642e-03
28360    1.417999999999e+03    8.192003937012e-03    6.793986183766e-03
28370    1.418499999999e+03    8.221804797709e-03    6.825663394920e-03
28380    1.418999999999e+03    8.199416197230e-03    6.803622685766e-03
28390    1.419499999999e+03    8.195970573152e-03    6.800036267123e-03
28400    1.419999999999e+03    8.216789141890e-03    6.820940368016e-03
28410    1.420499999999e+03    8.188081917793e-03    6.791057341616e-03
28420    1.420999999999e+03    8.227014909265e-03    6.830604992501e-03
28430    1.421499999999e+03    8.193986348675e-03    6.797721116527e-03
28440    1.421999999999e+03    8.197284850890e-03    6.802247478845e-03
28450    1.422499999999e+03    8.208831213238e-03    6.815852611908e-03
28460    1.422999999999e+03    8.183899283510e-03    6.792298585424e-03
28470    1.423499999999e+03    8.222722686546e-03    6.833538343017e-03
28480    1.423999999999e+03    8.186537430906e-03    6.797696771173e-03
28490    1.424499999999e+03    8.198020119714e-03    6.809766857259e-03
28500    1.424999999999e+03    8.201675558283e-03    6.813505497121e-03
28510    1.425499999999e+03    8.183601702761e-03    6.794197905947e-03
28520    1.425999999999e+03    8.220619443674e-03    6.830811392319e-03
28530    1.426499999999e+03    8.185237386220e-03    6.793840791943e-03
28540    1.426999999999e+03    8.204613570149e-03    6.813194066126e-03
28550    1.427499999999e+03    8.198128481208e-03    6.807408810346e-03
28560    1.427999999999e+03    8.184702293939e-03    6.795506702474e-03
28570    1.428499999999e+03    8.214560100708e-03    6.828508819126e-03
28580    1.428999999999e+03    8.178817114889e-03    6.795360002798e-03
28590    1.429499999999e+03    8.203940400821e-03    6.824145682003e-03
28600    1.429999999999e+03    8.185920198402e-03    6.808456149884e-03
28610    1.430499999999e+03    8.178642353057e-03    6.802808470638e-03
28620    1.430999999999e+03    8.202737032425e-03    6.827835795775e-03
28630    1.431499999999e+03    8.172112335955e-03    6.795784851420e-03
28640    1.431999999999e+03    8.207487766620e-03    6.830069664829e-03
28650    1.432499999999e+03    8.180688482517e-03    6.801176309637e-03
28660    1.432999999999e+03    8.181257525470e-03    6.800568673498e-03
28670    1.433499999999e+03    8.197521464001e-03    6.817436366873e-03
28680    1.433999999999e+03    8.169662746782e-03    6.791216232159e-03
28690    1.434499999999e+03    8.206753256104e-03    6.832888136159e-03
28700    1.434999999999e+03    8.169870662841e-03    6.800871611631e-03
28710    1.435499999999e+03    8.174459755296e-03    6.811411992203e-03
28720    1.435999999999e+03    8.180344936297e-03    6.822574859143e-03
28730    1.436499999999e+03    8.157332375436e-03    6.802315268942e-03
28740    1.436999999999e+03    8.194998720727e-03    6.841350274044e-03
28750    1.437499999999e+03    8.160669161820e-03    6.804150995777e-03
28760    1.437999999999e+03    8.177765988722e-03    6.817424796282e-03
28770    1.438499999999e+03    8.179856156934e-03    6.814531618147e-03
28780    1.438999999999e+03    8.166538890202e-03    6.795738144319e-03
28790    1.439499999999e+03    8.202238396135e-03    6.828647512521e-03
28800    1.439999999999e+03    8.168388180510e-03    6.792913328354e-03
28810    1.440499999999e+03    8.190086684048e-03    6.816424102908e-03
28820    1.440999999999e+03    8.177961498791e-03    6.808186804847e-03
28830    1.441499999999e+03    8.165402162595e-03    6.800933610066e-03
28840    1.441999999999e+03    8.190646362992e-03    6.832978398052e-03
28850    1.442499999999e+03    8.156317626709e-03    6.802937561588e-03
28860    1.442999999999e+03    8.185204555463e-03    6.834984547822e-03
28870    1.443499999999e+03    8.164973853015e-03    6.814606831540e-03
28880    1.443999999999e+03    8.162702495753e-03    6.809872223130e-03
28890    1.444499999999e+03    8.186036716746e-03    6.829942575678e-03
28900    1.444999999999e+03    8.159757070329e-03    6.798653462283e-03
28910    1.445499999999e+03    8.199479683913e-03    6.835597459030e-03
28920    1.445999999999e+03    8.169416221081e-03    6.803561586821e-03
28930    1.446499999999e+03    8.172015842753e-03    6.806796017372e-03
28940    1.446999999999e+03    8.183889556273e-03    6.822138843745e-03
28950    1.447499999999e+03    8.156949769265e-03    6.799672692068e-03
28960    1.447999999999e+03    8.192667857908e-03    6.842139468972e-03
28970    1.448499999999e+03    8.155328759071e-03    6.810096138906e-03
28980    1.448999999999e+03    8.163071411888e-03    6.822589221883e-03
28990    1.449499999999e+03    8.166966979731e-03    6.829063924670e-03
29000    1.449999999999e+03    8.147318168052e-03    6.808898789131e-03
29010    1.450499999999e+03    8.184691561785e-03    6.844440245914e-03
29020    1.450999999999e+03    8.151222481958e-03    6.806293967202e-03
29030    1.451499999999e+03    8.170078426145e-03    6.821414762271e-03
29040    1.451999999999e+03    8.167026956046e-03    6.815246718361e-03
29050    1.452499999999e+03    8.152818063328e-03    6.799638050325e-03
29060    1.452999999999e+03    8.183715083292e-03    6.832237655544e-03
29070    1.453499999999e+03    8.147892521347e-03    6.798649755183e-03
29080    1.453999999999e+03    8.170543309308e-03    6.825493822362e-03
29090    1.454499999999e+03    8.154464202550e-03    6.812852223447e-03
29100    1.454999999999e+03    8.144744123957e-03    6.805648057707e-03
29110    1.455499999999e+03    8.170157775796e-03    6.832605451564e-03
29120    1.455999999999e+03    8.139388090499e-03    6.800468882830e-03
29130    1.456499999999e+03    8.173621831809e-03    6.833227780589e-03
29140    1.456999999999e+03    8.150775456885e-03    6.807604511778e-03
29150    1.457499999999e+03    8.150906116494e-03    6.804936879234e-03
29160    1.457999999999e+03    8.171293393176e-03    6.823208997957e-03
29170    1.458499999999e+03    8.145214649375e-03    6.794430348236e-03
29180    1.458999999999e+03    8.183634745893e-03    6.832961702457e-03
29190    1.459499999999e+03    8.151470514988e-03    6.801999933487e-03
29200    1.459999999999e+03    8.155874716758e-03    6.809565158619e-03
29210    1.460499999999e+03    8.164798859248e-03    6.823328322753e-03
29220    1.460999999999e+03    8.140544644121e-03    6.802706196140e-03
29230    1.461499999999e+03    8.177259323209e-03    6.842652136584e-03
29240    1.461999999999e+03    8.143471514715e-03    6.808409636506e-03
29250    1.462499999999e+03    8.158298992895e-03    6.820792093094e-03
29260    1.462999999999e+03    8.162777457705e-03    6.820844161666e-03
29270    1.463499999999e+03    8.148720339373e-03    6.800743225540e-03
29280    1.463999999999e+03    8.186090909440e-03    6.833414845460e-03
29290    1.464499999999e+03    8.154346718469e-03    6.796737651712e-03
29300    1.464999999999e+03    8.176577533306e-03    6.816809733209e-03
29310    1.465499999999e+03    8.168814608039e-03    6.808316044044e-03
29320    1.465999999999e+03    8.156476414635e-03    6.797059750170e-03
29330    1.466499999999e+03    8.183600218559e-03    6.828699712059e-03
29340    1.466999999999e+03    8.148010061774e-03    6.798466823966e-03
29350    1.467499999999e+03    8.172929903144e-03    6.831493089521e-03
29360    1.467999999999e+03    8.150060164085e-03    6.816000505751e-03
29370    1.468499999999e+03    8.141424849906e-03    6.813326896008e-03
29380    1.468999999999e+03    8.162129959425e-03    6.837137165348e-03
29390    1.469499999999e+03    8.132844459859e-03    6.805570897086e-03
29400    1.469999999999e+03    8.172522662733e-03    6.840552801805e-03
29410    1.470499999999e+03    8.145831125717e-03    6.805592546698e-03
29420    1.470999999999e+03    8.151201459365e-03    6.802956591855e-03
29430    1.471499999999e+03    8.168572943890e-03    6.814174470492e-03
29440    1.471999999999e+03    8.144382974824e-03    6.785630315790e-03
29450    1.472499999999e+03    8.183231689480e-03    6.824969272202e-03
29460    1.472999999999e+03    8.146249500833e-03    6.790918680053e-03
29470    1.473499999999e+03    8.152081407183e-03    6.803650338952e-03
29480    1.473999999999e+03    8.152934219774e-03    6.813998972575e-03
29490    1.474499999999e+03    8.127474598180e-03    6.798195202464e-03
29500    1.474999999999e+03    8.160677274659e-03    6.840386201475e-03
29510    1.475499999999e+03    8.122480958095e-03    6.806358455833e-03
29520    1.475999999999e+03    8.140822162469e-03    6.824754095760e-03
29530    1.476499999999e+03    8.139553400883e-03    6.818343790655e-03
29540    1.476999999999e+03    8.130251315158e-03    6.799932924878e-03
29550    1.477499999999e+03    8.169317871815e-03    6.828817499809e-03
29560    1.477999999999e+03    8.140451291181e-03    6.788962360588e-03
29570    1.478499999999e+03    8.171872591628e-03    6.812684135184e-03
29580    1.478999999999e+03    8.159668025843e-03    6.795510735174e-03
29590    1.479499999999e+03    8.153058710661e-03    6.787705097850e-03
29600    1.479999999999e+03    8.178834875538e-03    6.816428994171e-03
29610    1.480499999999e+03    8.144959600513e-03    6.786718950934e-03
29620    1.480999999999e+03    8.178032888207e-03    6.826311658187e-03
29630    1.481499999999e+03    8.148683867479e-03    6.802844090998e-03
29640    1.481999999999e+03    8.146331771752e-03    6.805405461819e-03
29650    1.482499999999e+03    8.163702174974e-03    6.825891028711e-03
29660    1.482999999999e+03    8.135928366326e-03    6.797283984270e-03
29670    1.483499999999e+03    8.178019882204e-03    6.837237911895e-03
29680    1.483999999999e+03    8.145285514209e-03    6.799289582887e-03
29690    1.484499999999e+03    8.155309545867e-03    6.804169293900e-03
29700    1.484999999999e+03    8.166723601520e-03    6.811452608417e-03
29710    1.485499999999e+03    8.144796354269e-03    6.786235510845e-03
29720    1.485999999999e+03    8.184506302548e-03    6.826336798440e-03
29730    1.486499999999e+03    8.145599366727e-03    6.788027505536e-03
29740    1.486999999999e+03    8.159371587463e-03    6.804850025219e-03
29750    1.487499999999e+03    8.156378057633e-03    6.805707312196e-03
29760    1.487999999999e+03    8.137235968696e-03    6.790078828999e-03
29770    1.488499999999e+03    8.171563259591e-03    6.828495560512e-03
29780    1.488999999999e+03    8.133225405629e-03    6.791421476009e-03
29790    1.489499999999e+03    8.157457770643e-03    6.816627584158e-03
29800    1.489999999999e+03    8.146402707919e-03    6.804188035858e-03
29810    1.490499999999e+03    8.137464073149e-03    6.792941874664e-03
29820    1.490999999999e+03    8.169215112096e-03    6.822883129644e-03
29830    1.491499999999e+03    8.135876306117e-03    6.786904783439e-03
29840    1.491999999999e+03    8.170779541813e-03    6.821237003351e-03
29850    1.492499999999e+03    8.148095564672e-03    6.797587641813e-03
29860    1.492999999999e+03    8.145944866146e-03    6.795138298003e-03
29870    1.493499999999e+03    8.168802738510e-03    6.818162312811e-03
29880    1.493999999999e+03    8.138719974881e-03    6.786637174628e-03
29890    1.494499999999e+03    8.183236333765e-03    6.830124988483e-03
29900    1.494999999999e+03    8.148719528930e-03    6.793134422878e-03
29910    1.495499999999e+03    8.155649638952e-03    6.797737256420e-03
29920    1.495999999999e+03    8.170220616929e-03    6.810272633629e-03
29930    1.496499999999e+03    8.145556989240e-03    6.783270749111e-03
29940    1.496999999999e+03    8.190060507205e-03    6.827580969912e-03
29950    1.497499999999e+03    8.149888685421e-03    6.787316480768e-03
29960    1.497999999999e+03    8.162815008123e-03    6.802295448324e-03
29970    1.498499999999e+03    8.164593874589e-03    6.807242605646e-03
29980    1.498999999999e+03    8.143759574131e-03    6.788919899918e-03
29990    1.499499999999e+03    8.183275867653e-03    6.831417479589e-03
30000    1.499999999999e+03    8.143144463297e-03    6.791216845158e-03
30010    1.500499999999e+03    8.165920417092e-03    6.813418269303e-03
30020    1.500999999999e+03    8.159209549311e-03    6.804567959080e-03
30030    1.501499999999e+03    8.147925915581e-03    6.790147833271e-03
30040    1.501999999999e+03    8.183962056973e-03    6.824311675700e-03
30050    1.502499999999e+03    8.147828564923e-03    6.785423011024e-03
30060    1.502999999999e+03    8.179615516330e-03    6.816889575930e-03
30070    1.503499999999e+03    8.160776033189e-03    6.797512481171e-03
30080    1.503999999999e+03    8.155181715157e-03    6.792275004955e-03
30090    1.504499999999e+03    8.181951774385e-03    6.820876932579e-03
30100    1.504999999999e+03    8.148061110130e-03    6.787901668758e-03
30110    1.505499999999e+03    8.187625420219e-03    6.830291294136e-03
30120    1.505999999999e+03    8.156362389232e-03    6.800119296713e-03
30130    1.506499999999e+03    8.158617118498e-03    6.802846754908e-03
30140    1.506999999999e+03    8.177788733826e-03    6.821181338637e-03
30150    1.507499999999e+03    8.150868709540e-03    6.790705381718e-03
30160    1.507999999999e+03    8.197722738424e-03    6.834433816948e-03
30170    1.508499999999e+03    8.160892792983e-03    6.793345594815e-03
30180    1.508999999999e+03    8.172651983561e-03    6.802202708059e-03
30190    1.509499999999e+03    8.182266115116e-03    6.809772805354e-03
30200    1.509999999999e+03    8.160026058975e-03    6.785525876694e-03
30210    1.510499999999e+03    8.203370715495e-03    6.828473839960e-03
30220    1.510999999999e+03    8.162873938705e-03    6.786523003939e-03
30230    1.511499999999e+03    8.180901754568e-03    6.805025489484e-03
30240    1.511999999999e+03    8.177852995041e-03    6.803562486311e-03
30250    1.512499999999e+03    8.159786608965e-03    6.788052693082e-03
30260    1.512999999999e+03    8.195872552316e-03    6.828914938524e-03
30270    1.513499999999e+03    8.154430680011e-03    6.791098875510e-03
30280    1.513999999999e+03    8.179586034816e-03    6.820138069088e-03
30290    1.514499999999e+03    8.165519610142e-03    6.807885760281e-03
30300    1.514999999999e+03    8.156117915719e-03    6.798241839533e-03
30310    1.515499999999e+03    8.188767526311e-03    6.829716534412e-03
30320    1.515999999999e+03    8.154719719613e-03    6.792028725613e-03
30330    1.516499999999e+03    8.192652441402e-03    6.826861801528e-03
30340    1.516999999999e+03    8.170679176147e-03    6.800075140745e-03
30350    1.517499999999e+03    8.170761952803e-03    6.795458737543e-03
30360    1.517999999999e+03    8.196231411588e-03    6.817248491643e-03
30370    1.518499999999e+03    8.165968740998e-03    6.783429764255e-03
30380    1.518999999999e+03    8.210392834510e-03    6.828177070020e-03
30390    1.519499999999e+03    8.173044506755e-03    6.792719179430e-03
30400    1.519999999999e+03    8.175814090794e-03    6.800206480875e-03
30410    1.520499999999e+03    8.187268358545e-03    6.817972969657e-03
30420    1.520999999999e+03    8.158141460125e-03    6.793565430598e-03
30430    1.521499999999e+03    8.200889961681e-03    6.840549431217e-03
30440    1.521999999999e+03    8.161384052033e-03    6.801076577176e-03
30450    1.522499999999e+03    8.175899455926e-03    6.813334097387e-03
30460    1.522999999999e+03    8.183461096926e-03    6.816320736107e-03
30470    1.523499999999e+03    8.166591995188e-03    6.792514862354e-03
30480    1.523999999999e+03    8.211254689384e-03    6.831175559455e-03
30490    1.524499999999e+03    8.175361074708e-03    6.788156843868e-03
30500    1.524999999999e+03    8.198836650940e-03    6.807138584008e-03
30510    1.525499999999e+03    8.194864313400e-03    6.800798794757e-03
30520    1.525999999999e+03    8.181176954253e-03    6.786943120460e-03
30530    1.526499999999e+03    8.215603103665e-03    6.825097846558e-03
30540    1.526999999999e+03    8.176655962551e-03    6.790651590563e-03
30550    1.527499999999e+03    8.203454938972e-03    6.823786805398e-03
30560    1.527999999999e+03    8.185197139161e-03    6.810102000600e-03
30570    1.528499999999e+03    8.177267635684e-03    6.804208468566e-03
30580    1.528999999999e+03    8.206213729028e-03    6.833324385298e-03
30590    1.529499999999e+03    8.174482853882e-03    6.798738701946e-03
30600    1.529999999999e+03    8.214243955782e-03    6.836009393737e-03
30610    1.530499999999e+03    8.188777964263e-03    6.806559714278e-03
30620    1.530999999999e+03    8.190437365943e-03    6.804594282585e-03
30630    1.531499999999e+03    8.212245965816e-03    6.823156712926e-03
30640    1.531999999999e+03    8.184752529062e-03    6.791332373723e-03
30650    1.532499999999e+03    8.228158625257e-03    6.832493858383e-03
30660    1.532999999999e+03    8.193721943453e-03    6.795871963732e-03
30670    1.533499999999e+03    8.200776447930e-03    6.803090248468e-03
30680    1.533999999999e+03    8.211094737197e-03    6.815315106905e-03
30690    1.534499999999e+03    8.185625391813e-03    6.791839288780e-03
30700    1.534999999999e+03    8.224955080745e-03    6.834973761215e-03
30710    1.535499999999e+03    8.186014490619e-03    6.798419191000e-03
30720    1.535999999999e+03    8.199357716989e-03    6.814861672865e-03
30730    1.536499999999e+03    8.199715921409e-03    6.817888275691e-03
30740    1.536999999999e+03    8.180596779406e-03    6.800442632084e-03
30750    1.537499999999e+03    8.217100415497e-03    6.839347477580e-03
30760    1.537999999999e+03    8.180101655914e-03    6.801941876802e-03
30770    1.538499999999e+03    8.203524935768e-03    6.824176547525e-03
30780    1.538999999999e+03    8.196623717265e-03    6.813412089286e-03
30790    1.539499999999e+03    8.187905164560e-03    6.798198461183e-03
30800    1.539999999999e+03    8.223269984851e-03    6.827060753494e-03
30810    1.540499999999e+03    8.192613090683e-03    6.789189653318e-03
30820    1.540999999999e+03    8.226232003209e-03    6.818938720244e-03
30830    1.541499999999e+03    8.207484010024e-03    6.798623539908e-03
30840    1.541999999999e+03    8.201786308409e-03    6.794166378313e-03
30850    1.542499999999e+03    8.224642907567e-03    6.820726948717e-03
30860    1.542999999999e+03    8.192277604624e-03    6.791760649321e-03
30870    1.543499999999e+03    8.230406188673e-03    6.834314458501e-03
30880    1.543999999999e+03    8.198379644830e-03    6.804887299950e-03
30890    1.544499999999e+03    8.199744133305e-03    6.808227824877e-03
30900    1.544999999999e+03    8.215691704327e-03    6.824870160926e-03
30910    1.545499999999e+03    8.190453523029e-03    6.797222956266e-03
30920    1.545999999999e+03    8.233453087745e-03    6.836639139692e-03
30930    1.546499999999e+03    8.201452570804e-03    6.798347541917e-03
30940    1.546999999999e+03    8.214869762275e-03    6.805292510762e-03
30950    1.547499999999e+03    8.225127097504e-03    6.809750390858e-03
30960    1.547999999999e+03    8.206742311384e-03    6.786481413656e-03
30970    1.548499999999e+03    8.246483292125e-03    6.824821639384e-03
30980    1.548999999999e+03    8.210405537959e-03    6.788607895942e-03
30990    1.549499999999e+03    8.227141480583e-03    6.808057451963e-03
31000    1.549999999999e+03    8.222886619955e-03    6.807222038333e-03
31010    1.550499999999e+03    8.206774019558e-03    6.794372392505e-03
31020    1.550999999999e+03    8.239603009502e-03    6.830935955804e-03
31030    1.551499999999e+03    8.204161608720e-03    6.796615181884e-03
31040    1.551999999999e+03    8.229646838367e-03    6.823449059084e-03
31050    1.552499999999e+03    8.216121682376e-03    6.809738504671e-03
31060    1.552999999999e+03    8.208105306246e-03    6.800543253121e-03
31070    1.553499999999e+03    8.236368925076e-03    6.827816097029e-03
31080    1.553999999999e+03    8.205748433482e-03    6.794134505981e-03
31090    1.554499999999e+03    8.241352219571e-03    6.827887276813e-03
31100    1.554999999999e+03    8.217725507434e-03    6.801492711020e-03
31110    1.555499999999e+03    8.216918916901e-03    6.798759452977e-03
31120    1.555999999999e+03    8.237030207895e-03    6.817937585765e-03
31130    1.556499999999e+03    8.209403463822e-03    6.788685599531e-03
31140    1.556999999999e+03    8.249102765017e-03    6.828278076682e-03
31150    1.557499999999e+03    8.216771657094e-03    6.795021789912e-03
31160    1.557999999999e+03    8.222168174805e-03    6.801831565099e-03
31170    1.558499999999e+03    8.231449999648e-03    6.814781536377e-03
31180    1.558999999999e+03    8.205733356993e-03    6.793478402869e-03
31190    1.559499999999e+03    8.241756167956e-03    6.835634366325e-03
31200    1.559999999999e+03    8.204504121609e-03    6.802105896895e-03
31210    1.560499999999e+03    8.217768223471e-03    6.817359420893e-03
31220    1.560999999999e+03    8.220200154110e-03    6.818434414527e-03
31230    1.561499999999e+03    8.205587886546e-03    6.798683266425e-03
31240    1.561999999999e+03    8.244897724970e-03    6.831393473476e-03
31250    1.562499999999e+03    8.214445786916e-03    6.791996926040e-03
31260    1.562999999999e+03    8.241169957997e-03    6.810992484134e-03
31270    1.563499999999e+03    8.235947714921e-03    6.799215040701e-03
31280    1.563999999999e+03    8.227633790856e-03    6.786895064579e-03
31290    1.564499999999e+03    8.258449448076e-03    6.817464234700e-03
31300    1.564999999999e+03    8.225012473447e-03    6.785506514461e-03
31310    1.565499999999e+03    8.253640153614e-03    6.819736881880e-03
31320    1.565999999999e+03    8.230244510366e-03    6.803181991927e-03
31330    1.566499999999e+03    8.222820540145e-03    6.803123545069e-03
31340    1.566999999999e+03    8.242462017434e-03    6.829416765868e-03
31350    1.567499999999e+03    8.211790231124e-03    6.801615624681e-03
31360    1.567999999999e+03    8.251733770528e-03    6.842029239124e-03
31370    1.568499999999e+03    8.222109052022e-03    6.807966098677e-03
31380    1.568999999999e+03    8.229218496280e-03    6.808286834712e-03
31390    1.569499999999e+03    8.247510712038e-03    6.818867150287e-03
31400    1.569999999999e+03    8.227053817218e-03    6.790256536988e-03
31410    1.570499999999e+03    8.270977476206e-03    6.828888474956e-03
31420    1.570999999999e+03    8.237804838678e-03    6.791280628931e-03
31430    1.571499999999e+03    8.250074240688e-03    6.803144993683e-03
31440    1.571999999999e+03    8.253977828087e-03    6.809763764977e-03
31450    1.572499999999e+03    8.232641289709e-03    6.793177386498e-03
31460    1.572999999999e+03    8.266734183490e-03    6.835439869064e-03
31470    1.573499999999e+03    8.226925486884e-03    6.802799946854e-03
31480    1.573999999999e+03    8.243023199005e-03    6.826070239185e-03
31490    1.574499999999e+03    8.235233788487e-03    6.822965005085e-03
31500    1.574999999999e+03    8.221617093066e-03    6.810610406319e-03
31510    1.575499999999e+03    8.254959091942e-03    6.842667660749e-03
31520    1.575999999999e+03    8.223500731481e-03    6.804525109146e-03
31530    1.576499999999e+03    8.255506945793e-03    6.828428967310e-03
31540    1.576999999999e+03    8.244191744030e-03    6.807297831983e-03
31550    1.577499999999e+03    8.242712021969e-03    6.796925411436e-03
31560    1.577999999999e+03    8.271806403564e-03    6.820285530921e-03
31570    1.578499999999e+03    8.242603623890e-03    6.787286388317e-03
31580    1.578999999999e+03    8.278943882450e-03    6.824950723058e-03
31590    1.579499999999e+03    8.249910322996e-03    6.799036259508e-03
31600    1.579999999999e+03    8.248346747429e-03    6.802937989960e-03
31610    1.580499999999e+03    8.262804766714e-03    6.824527712524e-03
31620    1.580999999999e+03    8.232890121509e-03    6.800744603424e-03
31630    1.581499999999e+03    8.271225805071e-03    6.845685332337e-03
31640    1.581999999999e+03    8.234257617020e-03    6.812255275690e-03
31650    1.582499999999e+03    8.242269098595e-03    6.822209530583e-03
31660    1.582999999999e+03    8.251879809898e-03    6.830910579993e-03
31670    1.583499999999e+03    8.232761900069e-03    6.807164904785e-03
31680    1.583999999999e+03    8.276472721958e-03    6.844917370472e-03
31690    1.584499999999e+03    8.243835518777e-03    6.803524544011e-03
31700    1.584999999999e+03    8.264484543161e-03    6.816981308475e-03
31710    1.585499999999e+03    8.266601004506e-03    6.813335427978e-03
31720    1.585999999999e+03    8.252490626966e-03    6.795642138968e-03
31730    1.586499999999e+03    8.288393230621e-03    6.832023734205e-03
31740    1.586999999999e+03    8.251018752885e-03    6.795847950343e-03
31750    1.587499999999e+03    8.273496211365e-03    6.822509146332e-03
31760    1.587999999999e+03    8.259294569527e-03    6.813187545049e-03
31770    1.588499999999e+03    8.246868051926e-03    6.806221061197e-03
31780    1.588999999999e+03    8.273847685614e-03    6.839151411441e-03
31790    1.589499999999e+03    8.238130115927e-03    6.806618143855e-03
31800    1.589999999999e+03    8.270354654534e-03    6.841026200163e-03
31810    1.590499999999e+03    8.248650945903e-03    6.817412541750e-03
31820    1.590999999999e+03    8.248507903474e-03    6.812369771978e-03
31830    1.591499999999e+03    8.274395011403e-03    6.832003929958e-03
31840    1.591999999999e+03    8.248067234482e-03    6.798010478633e-03
31850    1.592499999999e+03    8.293019731641e-03    6.838053011052e-03
31860    1.592999999999e+03    8.261076844127e-03    6.802033423810e-03
31870    1.593499999999e+03    8.266508012108e-03    6.806661075643e-03
31880    1.593999999999e+03    8.280053148298e-03    6.822387555985e-03
31890    1.594499999999e+03    8.253484501865e-03    6.798753515795e-03
31900    1.594999999999e+03    8.294277492323e-03    6.845052149401e-03
31910    1.595499999999e+03    8.254938604126e-03    6.809905635237e-03
31920    1.595999999999e+03    8.266013119583e-03    6.825479071267e-03
31930    1.596499999999e+03    8.270112722404e-03    6.832519343334e-03
31940    1.596999999999e+03    8.250914306088e-03    6.812871237344e-03
31950    1.597499999999e+03    8.292471498431e-03    6.852711781903e-03
31960    1.597999999999e+03    8.257485314080e-03    6.811812518208e-03
31970    1.598499999999e+03    8.281636860475e-03    6.829636394286e-03
31980    1.598999999999e+03    8.279883385772e-03    6.820951067311e-03
31990    1.599499999999e+03    8.269107141618e-03    6.804023581935e-03
32000    1.599999999999e+03    8.305748286597e-03    6.837964947408e-03
