time_step time kinetic_energy potential_energy
20950    5.237499999998e+02    1.008171877622e-02    8.587086397711e-03
20960    5.238344907854e+02    1.007851229459e-02    8.586789149376e-03
20970    5.238647751742e+02    1.007704234201e-02    8.587381998041e-03
20980    5.239271880151e+02    1.007928053028e-02    8.590930166065e-03
20990    5.240401885585e+02    1.008908604826e-02    8.601303810792e-03
21000    5.241428124360e+02    1.010694706722e-02    8.620143772532e-03
21010    5.241965448686e+02    1.011888277603e-02    8.633332845420e-03
21020    5.243210096686e+02    1.014049163820e-02    8.655125086079e-03
21030    5.243944967057e+02    1.013296658605e-02    8.648094708406e-03
21040    5.244425760647e+02    1.012614089041e-02    8.641860510579e-03
21050    5.245051027151e+02    1.011576735712e-02    8.631566395707e-03
21060    5.245897067673e+02    1.010261059170e-02    8.617919599601e-03
21070    5.247532113590e+02    1.008672150389e-02    8.599863055679e-03
21080    5.248714640602e+02    1.007616899977e-02    8.588432558099e-03
21090    5.250436116643e+02    1.007402500676e-02    8.584609332502e-03
21100    5.252136717489e+02    1.008346350839e-02    8.592985095675e-03
21110    5.253787015298e+02    1.010531291028e-02    8.614468425549e-03
21120    5.255201071806e+02    1.013484395351e-02    8.644404059851e-03
21130    5.256757824062e+02    1.012584285264e-02    8.634926554805e-03
21140    5.257442780266e+02    1.011308117363e-02    8.623076956610e-03
21150    5.258295105821e+02    1.010075342056e-02    8.611062220552e-03
21160    5.259714876546e+02    1.008490472211e-02    8.594582885962e-03
21170    5.260149247979e+02    1.007701726074e-02    8.587761187300e-03
21180    5.261245773161e+02    1.007125743124e-02    8.581838337705e-03
21190    5.262499554426e+02    1.007012311280e-02    8.580584526499e-03
21200    5.263939932087e+02    1.007626022375e-02    8.586442376327e-03
21210    5.265685089195e+02    1.009648413233e-02    8.606497529399e-03
21220    5.266802135893e+02    1.012141696747e-02    8.632512777695e-03
21230    5.268069871241e+02    1.013701309208e-02    8.648530550090e-03
21240    5.269666030504e+02    1.011787711527e-02    8.628466483970e-03
21250    5.270825856730e+02    1.009875478350e-02    8.609150769189e-03
21260    5.271734282801e+02    1.008513154685e-02    8.595711880844e-03
21270    5.272639723898e+02    1.007667236457e-02    8.587268669544e-03
21280    5.274474025577e+02    1.007221282207e-02    8.581460085225e-03
21290    5.276368529935e+02    1.007990783323e-02    8.588330816565e-03
21300    5.278323997119e+02    1.010421271636e-02    8.612409598754e-03
21310    5.280283126315e+02    1.013356156395e-02    8.641828069813e-03
21320    5.282283126315e+02    1.011213085584e-02    8.619505707429e-03
21330    5.284283126315e+02    1.008938540120e-02    8.596011645750e-03
21340    5.286276262606e+02    1.007741005166e-02    8.583755641666e-03
21350    5.288276262606e+02    1.008039241842e-02    8.587048687332e-03
21360    5.290276262606e+02    1.010056041928e-02    8.608134391579e-03
21370    5.292276262606e+02    1.013415439332e-02    8.643206831948e-03
21380    5.294276262606e+02    1.011483918517e-02    8.624382510789e-03
21390    5.296206472343e+02    1.009096438900e-02    8.601041978181e-03
21400    5.298206472343e+02    1.007625317795e-02    8.587181038820e-03
21410    5.300206472343e+02    1.007597632431e-02    8.588224100095e-03
21420    5.302206472343e+02    1.009266172176e-02    8.606709934611e-03
21430    5.304206472343e+02    1.012785641058e-02    8.644085093692e-03
21440    5.306206472343e+02    1.011488238236e-02    8.632142103124e-03
21450    5.308206472343e+02    1.008964140505e-02    8.607420621047e-03
21460    5.310206472343e+02    1.007321693952e-02    8.591538446126e-03
21470    5.311836565634e+02    1.006973104094e-02    8.588945640440e-03
21480    5.312307690654e+02    1.006994348065e-02    8.590199600803e-03
21490    5.312846248198e+02    1.007193229890e-02    8.592909793151e-03
21500    5.314092163644e+02    1.008260704532e-02    8.604161504081e-03
21510    5.316084216955e+02    1.011397411514e-02    8.636181219117e-03
21520    5.317835464030e+02    1.011735071862e-02    8.639620698887e-03
21530    5.319833641115e+02    1.009276281195e-02    8.614056348051e-03
21540    5.321648904397e+02    1.007398972177e-02    8.594567598266e-03
21550    5.323648904397e+02    1.006662064419e-02    8.586614752858e-03
21560    5.325648904397e+02    1.007481337722e-02    8.594664776865e-03
21570    5.326939871018e+02    1.009347410486e-02    8.614065443908e-03
21580    5.327397061012e+02    1.010379534654e-02    8.625300660242e-03
21590    5.328376523094e+02    1.012276410115e-02    8.644831370475e-03
21600    5.329983781357e+02    1.012305520595e-02    8.644819277833e-03
21610    5.331607475332e+02    1.010004754384e-02    8.620914523817e-03
21620    5.333607475332e+02    1.007818755269e-02    8.597906594332e-03
21630    5.335367455191e+02    1.006754396892e-02    8.586630822720e-03
21640    5.337213048782e+02    1.007001302476e-02    8.588781885919e-03
21650    5.339074843458e+02    1.008779193355e-02    8.606714442067e-03
21660    5.340935298461e+02    1.012302877016e-02    8.642556933410e-03
21670    5.341995145212e+02    1.012386500296e-02    8.643777743600e-03
21680    5.343697285968e+02    1.010017571365e-02    8.619174215710e-03
21690    5.344919252928e+02    1.008224979073e-02    8.600807893345e-03
21700    5.346447281598e+02    1.006894742921e-02    8.586848703089e-03
21710    5.347930786359e+02    1.006313354210e-02    8.580612997321e-03
21720    5.349314304008e+02    1.006661888099e-02    8.584081144363e-03
21730    5.350382691935e+02    1.007421962203e-02    8.591949746915e-03
21740    5.351479232379e+02    1.008935183474e-02    8.607491768998e-03
21750    5.353115279722e+02    1.011867629078e-02    8.636925946121e-03
21760    5.354420997552e+02    1.011721838115e-02    8.635311394755e-03
21770    5.354971103355e+02    1.010762844641e-02    8.626055171590e-03
21780    5.356077258049e+02    1.009346127919e-02    8.611430292149e-03
21790    5.357863699855e+02    1.007444760329e-02    8.591131732828e-03
21800    5.359351063774e+02    1.006311525792e-02    8.579186764109e-03
21810    5.361148958474e+02    1.006229973150e-02    8.577805983805e-03
21820    5.362450884109e+02    1.007109149192e-02    8.587069396526e-03
21830    5.362969492398e+02    1.007735822788e-02    8.594423771683e-03
21840    5.363998657399e+02    1.009191375460e-02    8.609782530584e-03
21850    5.364990149069e+02    1.011149974593e-02    8.630314502625e-03
21860    5.366203230286e+02    1.012196520216e-02    8.641414586236e-03
21870    5.367591877542e+02    1.010285468650e-02    8.622083880255e-03
21880    5.368456578264e+02    1.008623234180e-02    8.605753218944e-03
21890    5.369353899507e+02    1.007304298772e-02    8.592867434345e-03
21900    5.370359833239e+02    1.006193511459e-02    8.582012143052e-03
21910    5.371667841846e+02    1.005399714902e-02    8.574186273108e-03
21920    5.373150702881e+02    1.005303475525e-02    8.573377922403e-03
21930    5.374894157537e+02    1.006374278833e-02    8.584356710344e-03
21940    5.375558495193e+02    1.007549047279e-02    8.597528517384e-03
21950    5.376063392179e+02    1.008391859770e-02    8.607218931502e-03
21960    5.377150579594e+02    1.010233231511e-02    8.626500066384e-03
21970    5.379093521223e+02    1.010622841178e-02    8.630100564005e-03
21980    5.380181501562e+02    1.008840564838e-02    8.612352585260e-03
21990    5.381954231894e+02    1.006845469022e-02    8.591577785410e-03
22000    5.383744200172e+02    1.005429705695e-02    8.576820049711e-03
22010    5.385096655927e+02    1.005016530832e-02    8.573092662118e-03
22020    5.386201509958e+02    1.005260756016e-02    8.576307856856e-03
22030    5.387185672861e+02    1.006069784571e-02    8.585420463533e-03
22040    5.388629057477e+02    1.007960853125e-02    8.605015858848e-03
22050    5.390349589114e+02    1.010770965565e-02    8.633762969112e-03
22060    5.391687109538e+02    1.009654291164e-02    8.622752081465e-03
22070    5.393687109538e+02    1.007122619258e-02    8.596433669481e-03
22080    5.395621055476e+02    1.005329918834e-02    8.577966247685e-03
22090    5.397065221576e+02    1.004653422217e-02    8.571805418796e-03
22100    5.398654184487e+02    1.005018303806e-02    8.576035816077e-03
22110    5.400136668322e+02    1.006431028423e-02    8.591179311225e-03
22120    5.402102225603e+02    1.009832732352e-02    8.626107251075e-03
22130    5.404102225603e+02    1.009047995699e-02    8.618255516012e-03
22140    5.406102225603e+02    1.006584981819e-02    8.593138752985e-03
22150    5.408102225603e+02    1.004922509165e-02    8.576110091781e-03
22160    5.410102225603e+02    1.004646584633e-02    8.573205146604e-03
22170    5.411758695788e+02    1.005758816450e-02    8.584976277234e-03
22180    5.413347782890e+02    1.007990925290e-02    8.608042409833e-03
22190    5.414382242806e+02    1.010754313596e-02    8.637347706099e-03
22200    5.415264170062e+02    1.010888806954e-02    8.639550615953e-03
22210    5.416353057857e+02    1.009163828554e-02    8.622154838122e-03
22220    5.417676048789e+02    1.007423679496e-02    8.603920464338e-03
22230    5.419178010590e+02    1.005605108352e-02    8.584604684074e-03
22240    5.420667394798e+02    1.004663482657e-02    8.574144306294e-03
22250    5.422667394798e+02    1.004813843209e-02    8.573981071095e-03
22260    5.423419680697e+02    1.005333497402e-02    8.580202224039e-03
22270    5.424905103014e+02    1.006909353395e-02    8.595407438406e-03
22280    5.426905103014e+02    1.010466214956e-02    8.630037557850e-03
22290    5.428905103014e+02    1.008960153430e-02    8.613239942861e-03
22300    5.430905103014e+02    1.006635877741e-02    8.588275301918e-03
22310    5.432867883841e+02    1.005225292528e-02    8.572962415201e-03
22320    5.434858791514e+02    1.005222086620e-02    8.572203595577e-03
22330    5.436735010294e+02    1.006777763031e-02    8.587782049290e-03
22340    5.438723036611e+02    1.010133209824e-02    8.621672398476e-03
22350    5.440723036611e+02    1.009878803306e-02    8.618773180388e-03
22360    5.442623115195e+02    1.007544892121e-02    8.594730686127e-03
22370    5.444618295745e+02    1.005815846757e-02    8.576751473811e-03
22380    5.445632293230e+02    1.005104813681e-02    8.570610703828e-03
22390    5.446987056102e+02    1.005192303370e-02    8.571622781346e-03
22400    5.448987056102e+02    1.006837683261e-02    8.587869224357e-03
22410    5.450847230959e+02    1.010088842290e-02    8.621083319667e-03
22420    5.452843551401e+02    1.010193577785e-02    8.622137205748e-03
22430    5.454843551401e+02    1.007730017010e-02    8.597166525760e-03
22440    5.456830050073e+02    1.005920981669e-02    8.579132080740e-03
22450    5.458830050073e+02    1.005427695448e-02    8.574736333685e-03
22460    5.460569174467e+02    1.006291049827e-02    8.584594380409e-03
22470    5.462569174467e+02    1.008989154575e-02    8.613129327387e-03
22480    5.464569174467e+02    1.010669687936e-02    8.631361079097e-03
22490    5.466569174467e+02    1.008233882542e-02    8.607447421127e-03
22500    5.468557675986e+02    1.006131840602e-02    8.586828005718e-03
22510    5.470557675986e+02    1.005237973905e-02    8.578437226788e-03
22520    5.472545931728e+02    1.005923574997e-02    8.586013024797e-03
22530    5.473714654374e+02    1.007271770513e-02    8.600735033724e-03
22540    5.475488223225e+02    1.010365867486e-02    8.632336564006e-03
22550    5.477296340956e+02    1.010168428689e-02    8.630025319690e-03
22560    5.479296340956e+02    1.007694517268e-02    8.603801896243e-03
22570    5.481255343283e+02    1.005887705928e-02    8.584264332058e-03
22580    5.482945938782e+02    1.005306700568e-02    8.577614725255e-03
22590    5.483777876546e+02    1.005329323331e-02    8.578110157941e-03
22600    5.485591770203e+02    1.006746149097e-02    8.591011926001e-03
22610    5.486752107325e+02    1.008758283022e-02    8.611241020844e-03
22620    5.488688533309e+02    1.011206636401e-02    8.634486202936e-03
22630    5.490578687575e+02    1.009055091071e-02    8.610851580670e-03
22640    5.492529774237e+02    1.006915953302e-02    8.587222889219e-03
22650    5.494408254941e+02    1.005719919864e-02    8.573593044275e-03
22660    5.496236479146e+02    1.005848324433e-02    8.573865405197e-03
22670    5.497755680716e+02    1.007049551679e-02    8.585812848651e-03
22680    5.499178817719e+02    1.009460822796e-02    8.610497693553e-03
22690    5.500837799233e+02    1.011632353563e-02    8.632442467388e-03
22700    5.501209821157e+02    1.011251924775e-02    8.629742026642e-03
22710    5.501675270044e+02    1.010676234544e-02    8.624585016150e-03
22720    5.502647459399e+02    1.009330903899e-02    8.611025358732e-03
22730    5.503840423733e+02    1.007593693377e-02    8.593382759500e-03
22740    5.505482668111e+02    1.006134367192e-02    8.578345342357e-03
22750    5.507177000581e+02    1.005377863920e-02    8.570821662943e-03
22760    5.508661801721e+02    1.005670571550e-02    8.574478054470e-03
22770    5.510489801125e+02    1.007299747117e-02    8.591808539677e-03
22780    5.511752267125e+02    1.009806519856e-02    8.618703720458e-03
22790    5.512217380197e+02    1.011369325732e-02    8.636013229989e-03
22800    5.513156386036e+02    1.011839621380e-02    8.641943986731e-03
22810    5.515011934310e+02    1.009274079943e-02    8.616695762612e-03
22820    5.516833369183e+02    1.006765455232e-02    8.592276889431e-03
22830    5.517817136026e+02    1.005371699012e-02    8.579422782532e-03
22840    5.519547551238e+02    1.004656863632e-02    8.573720743698e-03
22850    5.520984186527e+02    1.004881513036e-02    8.577840948419e-03
22860    5.522646273275e+02    1.006413762546e-02    8.595614197475e-03
22870    5.524190991539e+02    1.009099915985e-02    8.625253371974e-03
22880    5.525725594312e+02    1.009982429790e-02    8.636479557936e-03
22890    5.527616859574e+02    1.007397508477e-02    8.612240601906e-03
22900    5.529375003082e+02    1.005152930887e-02    8.591292874371e-03
22910    5.530705977353e+02    1.003869201220e-02    8.580005483964e-03
22920    5.532578474847e+02    1.003604148340e-02    8.579168444157e-03
22930    5.534578474847e+02    1.004908040603e-02    8.594173637903e-03
22940    5.535936681941e+02    1.007235237947e-02    8.619508826996e-03
22950    5.537360304704e+02    1.009550162015e-02    8.644388958601e-03
22960    5.538211185885e+02    1.008648136665e-02    8.636268787086e-03
22970    5.539560489094e+02    1.006887421095e-02    8.618820349511e-03
22980    5.540897895389e+02    1.004818112413e-02    8.597907044532e-03
22990    5.542013330842e+02    1.003601447845e-02    8.585675611357e-03
23000    5.543434501393e+02    1.002821339688e-02    8.577404093558e-03
23010    5.545181200420e+02    1.003071139503e-02    8.579000649661e-03
23020    5.546316513055e+02    1.003909178583e-02    8.587249790253e-03
23030    5.548283722946e+02    1.006660785491e-02    8.613564133157e-03
23040    5.549923974210e+02    1.008933032506e-02    8.635329265417e-03
23050    5.550907224628e+02    1.007674888402e-02    8.621968140687e-03
23060    5.551991333481e+02    1.006291626290e-02    8.606995255832e-03
23070    5.553198729298e+02    1.004587386213e-02    8.588371832047e-03
23080    5.553787114063e+02    1.003714666170e-02    8.579439957430e-03
23090    5.555174607142e+02    1.002991015852e-02    8.570389074521e-03
23100    5.557174607142e+02    1.003132656874e-02    8.569013790293e-03
23110    5.558513108514e+02    1.004141815811e-02    8.578061216213e-03
23120    5.560482533096e+02    1.006890026936e-02    8.603854172179e-03
23130    5.561934540538e+02    1.009566588453e-02    8.630188240204e-03
23140    5.563315978233e+02    1.008256774039e-02    8.616002340204e-03
23150    5.565315978233e+02    1.005744364783e-02    8.588756189965e-03
23160    5.567315978233e+02    1.004038436638e-02    8.570339009566e-03
23170    5.569315978233e+02    1.003742481501e-02    8.566923509534e-03
23180    5.571290957056e+02    1.005108939585e-02    8.581077058807e-03
23190    5.573290957056e+02    1.008301178270e-02    8.614320930974e-03
23200    5.575052031835e+02    1.008686268838e-02    8.619371043096e-03
23210    5.576512339740e+02    1.006812706822e-02    8.601485053077e-03
23220    5.578424870321e+02    1.004610822904e-02    8.580187099142e-03
23230    5.580424870321e+02    1.003426360670e-02    8.569504891057e-03
23240    5.582424870321e+02    1.003774676020e-02    8.574794486776e-03
23250    5.584424870321e+02    1.005888356228e-02    8.598337998592e-03
23260    5.586424870321e+02    1.009038066797e-02    8.632557943201e-03
23270    5.588424870321e+02    1.006896479136e-02    8.612587745120e-03
23280    5.590047309038e+02    1.004657217543e-02    8.591533522122e-03
23290    5.591908410645e+02    1.003151021276e-02    8.577681865972e-03
23300    5.593844668513e+02    1.002924403879e-02    8.576667458328e-03
23310    5.595676420375e+02    1.004175944982e-02    8.590624750468e-03
23320    5.597676420375e+02    1.007299996061e-02    8.623340396298e-03
23330    5.599676420375e+02    1.007915683208e-02    8.630119024929e-03
23340    5.601636940635e+02    1.005399642009e-02    8.604539259977e-03
23350    5.603546865382e+02    1.003520763689e-02    8.585175905864e-03
23360    5.605186048861e+02    1.002805549800e-02    8.577830336435e-03
23370    5.607105181364e+02    1.003499257811e-02    8.584119045736e-03
23380    5.608503972187e+02    1.005177285263e-02    8.601134988567e-03
23390    5.610491189552e+02    1.008842700181e-02    8.637056952466e-03
23400    5.612491189552e+02    1.007582247266e-02    8.622442825072e-03
23410    5.614491189552e+02    1.005171314411e-02    8.595833489380e-03
23420    5.616323641867e+02    1.003694973886e-02    8.579078357798e-03
23430    5.618185496776e+02    1.003520301328e-02    8.575493095123e-03
23440    5.620185409473e+02    1.004973849558e-02    8.588247704211e-03
23450    5.622185409473e+02    1.008262083971e-02    8.619923403785e-03
23460    5.623020513739e+02    1.010396094567e-02    8.642409822642e-03
23470    5.624517839292e+02    1.008647752055e-02    8.623398748568e-03
23480    5.625941846762e+02    1.006651212541e-02    8.601934681792e-03
23490    5.627851236151e+02    1.004846112940e-02    8.581432640312e-03
23500    5.629747271426e+02    1.004118674096e-02    8.572270485274e-03
23510    5.631525298142e+02    1.004736584711e-02    8.577287743719e-03
23520    5.632635437249e+02    1.005929933396e-02    8.589597423452e-03
23530    5.634035854465e+02    1.008475506750e-02    8.615284114967e-03
23540    5.635147047602e+02    1.010784983182e-02    8.638835127385e-03
23550    5.636065867008e+02    1.009934969891e-02    8.630608288513e-03
23560    5.636883222476e+02    1.008744925818e-02    8.618691747870e-03
23570    5.638506526378e+02    1.006745461824e-02    8.597248559454e-03
23580    5.640295692946e+02    1.005003934041e-02    8.578656450482e-03
23590    5.640703343601e+02    1.004151704966e-02    8.571347299039e-03
23600    5.641316640743e+02    1.003737002918e-02    8.567729838433e-03
23610    5.642274738745e+02    1.003682932779e-02    8.567438040700e-03
23620    5.643639088434e+02    1.004272595747e-02    8.573310032261e-03
23630    5.644914689840e+02    1.005733719903e-02    8.588616427005e-03
23640    5.645856431881e+02    1.007334840681e-02    8.605676228399e-03
23650    5.647750949397e+02    1.010026197023e-02    8.633166983600e-03
23660    5.649750949397e+02    1.007702104178e-02    8.609793678261e-03
23670    5.651412506978e+02    1.005416720715e-02    8.587394649112e-03
23680    5.652863266404e+02    1.004071090420e-02    8.574793252592e-03
23690    5.653575118582e+02    1.003444687952e-02    8.569931775128e-03
23700    5.654649106497e+02    1.003329679499e-02    8.569918542889e-03
23710    5.656516162423e+02    1.004358857330e-02    8.581399215473e-03
23720    5.658452834796e+02    1.007048578317e-02    8.610132326794e-03
23730    5.659901733438e+02    1.009627120038e-02    8.638165683806e-03
23740    5.661031609671e+02    1.008436941801e-02    8.627375189462e-03
23750    5.662847460766e+02    1.006024141509e-02    8.603648788267e-03
23760    5.663818643787e+02    1.004418656391e-02    8.588570048232e-03
23770    5.665100105593e+02    1.003340145289e-02    8.578464687162e-03
23780    5.666417251719e+02    1.002883715304e-02    8.574803219744e-03
23790    5.667163566048e+02    1.002850658290e-02    8.575545064559e-03
23800    5.668495860699e+02    1.003636902635e-02    8.584277049522e-03
23810    5.670190277825e+02    1.005792541940e-02    8.606822804722e-03
23820    5.671513832705e+02    1.008798108796e-02    8.638370650260e-03
23830    5.672070782651e+02    1.009873127345e-02    8.650540136841e-03
23840    5.673251111934e+02    1.008404553882e-02    8.636068640044e-03
23850    5.674841729038e+02    1.005854557534e-02    8.610264487288e-03
23860    5.676381264981e+02    1.004053306177e-02    8.592080707785e-03
23870    5.678206870344e+02    1.002944961610e-02    8.580877945860e-03
23880    5.679436629976e+02    1.002799958322e-02    8.580074602833e-03
23890    5.680697370336e+02    1.003446514566e-02    8.587241823989e-03
23900    5.681612356456e+02    1.004545237179e-02    8.599284854427e-03
23910    5.683280160036e+02    1.007189047568e-02    8.626350981103e-03
23920    5.684924106997e+02    1.008538953570e-02    8.640173255117e-03
23930    5.686801022549e+02    1.006027850928e-02    8.614058956482e-03
23940    5.688331250178e+02    1.003935782267e-02    8.592495187258e-03
23950    5.689919596856e+02    1.002822264595e-02    8.580710070419e-03
23960    5.691108540095e+02    1.002473084165e-02    8.577240164414e-03
23970    5.692521244937e+02    1.002939251332e-02    8.581644879087e-03
23980    5.693931459082e+02    1.004580943836e-02    8.598023714512e-03
23990    5.694644564074e+02    1.005842662729e-02    8.611295071205e-03
24000    5.696192744242e+02    1.008828578732e-02    8.640838280371e-03
24010    5.697768436953e+02    1.007729596631e-02    8.628536686047e-03
24020    5.698541019843e+02    1.006495986707e-02    8.615963547527e-03
24030    5.700308640364e+02    1.004557976983e-02    8.594545468441e-03
24040    5.702308640364e+02    1.003174713865e-02    8.578521215895e-03
24050    5.704178487464e+02    1.003146767618e-02    8.576926618844e-03
24060    5.705807459751e+02    1.004401674808e-02    8.589145949372e-03
24070    5.707161221275e+02    1.006517411915e-02    8.610723017227e-03
24080    5.708046521891e+02    1.008620297226e-02    8.632741844849e-03
24090    5.709690437097e+02    1.008698603065e-02    8.633284211101e-03
24100    5.710946526807e+02    1.006846582964e-02    8.614452370239e-03
24110    5.712906798087e+02    1.004512148622e-02    8.590201445259e-03
24120    5.714897173986e+02    1.003210895895e-02    8.576854395869e-03
24130    5.716361779974e+02    1.003115528757e-02    8.576541113143e-03
24140    5.717459031797e+02    1.003789584032e-02    8.584435335251e-03
24150    5.718792841504e+02    1.005273375245e-02    8.600528079114e-03
24160    5.719840829735e+02    1.007186910416e-02    8.621106618193e-03
24170    5.721798995777e+02    1.008431324409e-02    8.634735210762e-03
24180    5.723521326061e+02    1.005893849851e-02    8.609813685325e-03
24190    5.725475486453e+02    1.003688274081e-02    8.588449461968e-03
24200    5.727198312472e+02    1.002542391684e-02    8.578176213632e-03
24210    5.729178430223e+02    1.002793993651e-02    8.582242470766e-03
24220    5.730590084079e+02    1.004013571656e-02    8.596248564572e-03
24230    5.732590084079e+02    1.007266478739e-02    8.630876608549e-03
24240    5.734496005778e+02    1.007200977544e-02    8.631555888314e-03
24250    5.736445428607e+02    1.004538217667e-02    8.605503759100e-03
24260    5.738445428607e+02    1.002585944784e-02    8.586660129367e-03
24270    5.740412712622e+02    1.002024582929e-02    8.582018173001e-03
24280    5.742396725037e+02    1.003098921993e-02    8.594010858360e-03
24290    5.744396725037e+02    1.006008891390e-02    8.624667297227e-03
24300    5.746396725037e+02    1.007293290501e-02    8.638480040645e-03
24310    5.748396725037e+02    1.004621960250e-02    8.611424615083e-03
24320    5.750396725037e+02    1.002552515725e-02    8.590257911237e-03
24330    5.752396725037e+02    1.001829870497e-02    8.582662620029e-03
24340    5.754396725037e+02    1.002753171841e-02    8.591739197072e-03
24350    5.755404348607e+02    1.004100818097e-02    8.606379948105e-03
24360    5.757153268500e+02    1.007174876752e-02    8.637349696983e-03
24370    5.759112790265e+02    1.006759965650e-02    8.632225413749e-03
24380    5.761112790265e+02    1.004121230991e-02    8.604105340964e-03
24390    5.762934998491e+02    1.002394134763e-02    8.585559142375e-03
24400    5.764877867267e+02    1.001974386612e-02    8.580013847677e-03
24410    5.766740330961e+02    1.003065555947e-02    8.590073980486e-03
24420    5.768209549244e+02    1.005139975770e-02    8.610849331490e-03
24430    5.769988105172e+02    1.008423437800e-02    8.643270736684e-03
24440    5.771546069500e+02    1.006830963585e-02    8.626144974187e-03
24450    5.773003192612e+02    1.004567848821e-02    8.602381378296e-03
24460    5.773735422109e+02    1.003353565562e-02    8.590503320193e-03
24470    5.774654879611e+02    1.002490798059e-02    8.581570613387e-03
24480    5.776345314695e+02    1.001926184365e-02    8.574400244470e-03
24490    5.777360131029e+02    1.001963211018e-02    8.574761547607e-03
24500    5.779121704330e+02    1.003219609813e-02    8.586328266574e-03
24510    5.779514903963e+02    1.004007736376e-02    8.595593294558e-03
24520    5.780195446352e+02    1.005083558702e-02    8.606966436673e-03
24530    5.781344006556e+02    1.007241757749e-02    8.628652013613e-03
24540    5.782735030306e+02    1.008394938266e-02    8.639807837426e-03
24550    5.783493489099e+02    1.007295391695e-02    8.628937019239e-03
24560    5.784631993380e+02    1.005503504254e-02    8.610327857241e-03
24570    5.785110285918e+02    1.004429679103e-02    8.600070857938e-03
24580    5.786123152978e+02    1.003297305824e-02    8.588283290919e-03
24590    5.787024086838e+02    1.002309793548e-02    8.578382637097e-03
24600    5.787640187476e+02    1.001775066510e-02    8.573379665904e-03
24610    5.788969249446e+02    1.001573351468e-02    8.570862722081e-03
24620    5.790158102544e+02    1.001993954888e-02    8.575338727496e-03
24630    5.791533852423e+02    1.003124385665e-02    8.586805506638e-03
24640    5.792744247892e+02    1.005182239350e-02    8.608442469267e-03
24650    5.793596624071e+02    1.007049332322e-02    8.628348430648e-03
24660    5.794980067146e+02    1.008163889773e-02    8.640083660794e-03
24670    5.795755536072e+02    1.006744538539e-02    8.626701795038e-03
24680    5.796155830224e+02    1.005888470468e-02    8.619053143775e-03
24690    5.796947710280e+02    1.004736433841e-02    8.607907950136e-03
24700    5.798304400748e+02    1.003127093862e-02    8.591737577262e-03
24710    5.799366554023e+02    1.001958373053e-02    8.580507714214e-03
24720    5.800189067236e+02    1.001289762222e-02    8.574597703955e-03
24730    5.801258855539e+02    1.001070624619e-02    8.572913468015e-03
24740    5.802707529831e+02    1.001615985791e-02    8.579015120631e-03
24750    5.803512266905e+02    1.002363664289e-02    8.587679112679e-03
24760    5.804624430084e+02    1.003927442937e-02    8.604461190771e-03
24770    5.805727733354e+02    1.006096130633e-02    8.627413288195e-03
24780    5.806821610548e+02    1.007930511919e-02    8.646835761283e-03
24790    5.808732703322e+02    1.005419192209e-02    8.621203833172e-03
24800    5.810093114848e+02    1.003205037251e-02    8.599226503065e-03
24810    5.811796412566e+02    1.001657849456e-02    8.583568594076e-03
24820    5.813469648070e+02    1.001023870555e-02    8.577435963161e-03
24830    5.814558866425e+02    1.001204159179e-02    8.580255577726e-03
24840    5.815928991889e+02    1.002219377015e-02    8.591063308813e-03
24850    5.817657409348e+02    1.004717158262e-02    8.616633759630e-03
24860    5.819602088477e+02    1.006769399252e-02    8.637517736133e-03
24870    5.821567491863e+02    1.004174860075e-02    8.610760754891e-03
24880    5.823392542359e+02    1.002020504104e-02    8.588587370468e-03
24890    5.825176555343e+02    1.000999093574e-02    8.577917134062e-03
24900    5.827120018205e+02    1.001365309002e-02    8.581274410062e-03
24910    5.829043673617e+02    1.003320161786e-02    8.600847017078e-03
24920    5.831043673617e+02    1.007123888962e-02    8.639183879495e-03
24930    5.833043673617e+02    1.005344033584e-02    8.620474491181e-03
24940    5.835042427869e+02    1.002844187781e-02    8.594085445111e-03
24950    5.837042427869e+02    1.001414475276e-02    8.578523579672e-03
24960    5.839042427869e+02    1.001503458537e-02    8.578446408137e-03
24970    5.841042427869e+02    1.003326785105e-02    8.596070874773e-03
24980    5.843042427869e+02    1.007014459321e-02    8.632722990114e-03
24990    5.845042427869e+02    1.006110110480e-02    8.622520061181e-03
25000    5.846685016065e+02    1.003764934811e-02    8.598024734965e-03
25010    5.848640993675e+02    1.002098530268e-02    8.579968817685e-03
25020    5.850640136257e+02    1.001688498057e-02    8.574898701227e-03
25030    5.852640136257e+02    1.002921405429e-02    8.586883902353e-03
25040    5.854640136257e+02    1.005960744540e-02    8.617606607004e-03
25050    5.856640136257e+02    1.007248121997e-02    8.630750096017e-03
25060    5.858640136257e+02    1.004549541631e-02    8.603315875916e-03
25070    5.860640136257e+02    1.002475863469e-02    8.582541080614e-03
25080    5.862640136257e+02    1.001747871994e-02    8.575873237533e-03
25090    5.864034444153e+02    1.002227172517e-02    8.582102215769e-03
25100    5.865621275297e+02    1.003722689794e-02    8.598655825153e-03
25110    5.867621275297e+02    1.007341127434e-02    8.636893780022e-03
25120    5.869504777053e+02    1.006197574275e-02    8.626778211692e-03
25130    5.871504777053e+02    1.003451592601e-02    8.600264890447e-03
25140    5.873504777053e+02    1.001679193537e-02    8.583774992076e-03
25150    5.875504777053e+02    1.001387760101e-02    8.582441775616e-03
25160    5.877283958255e+02    1.002635784738e-02    8.596853503150e-03
25170    5.879048011467e+02    1.005357377698e-02    8.626156808532e-03
25180    5.879884859130e+02    1.007585758638e-02    8.650461055367e-03
25190    5.881716331646e+02    1.006078478404e-02    8.635962764856e-03
25200    5.883716331646e+02    1.003250247788e-02    8.607593645138e-03
25210    5.885296182744e+02    1.001518853082e-02    8.590585284765e-03
25220    5.887202491131e+02    1.000981906559e-02    8.585347575718e-03
25230    5.889152947469e+02    1.001991970561e-02    8.595673415584e-03
25240    5.891069679481e+02    1.004630262953e-02    8.622439991086e-03
25250    5.892982846497e+02    1.007009761999e-02    8.646337326354e-03
25260    5.894509022658e+02    1.004998947135e-02    8.625561480585e-03
25270    5.896377027206e+02    1.002706982316e-02    8.601179217294e-03
25280    5.898377027206e+02    1.001330202875e-02    8.585898803176e-03
25290    5.898930967642e+02    1.000862763905e-02    8.581947293351e-03
25300    5.900197487252e+02    1.001105669767e-02    8.583962766352e-03
25310    5.901124184226e+02    1.001879560872e-02    8.591885252827e-03
25320    5.901792285444e+02    1.002621052936e-02    8.599683756984e-03
25330    5.902879825755e+02    1.004287719826e-02    8.616241974778e-03
25340    5.904651735801e+02    1.007524323960e-02    8.647731314340e-03
25350    5.906198760706e+02    1.005920021256e-02    8.630140716377e-03
25360    5.907837380382e+02    1.003864152939e-02    8.607626173216e-03
25370    5.909837380382e+02    1.002057774627e-02    8.587150403400e-03
25380    5.910593359586e+02    1.001319870741e-02    8.579985605138e-03
25390    5.911098292988e+02    1.001042081771e-02    8.577529980357e-03
25400    5.912205012554e+02    1.001238930985e-02    8.578850950471e-03
25410    5.913781771158e+02    1.002545411439e-02    8.590898145485e-03
25420    5.914484373417e+02    1.003627764055e-02    8.602061528109e-03
25430    5.916166617018e+02    1.006464043612e-02    8.629534027023e-03
25440    5.918088363437e+02    1.006986933795e-02    8.633124945845e-03
25450    5.920025020919e+02    1.004397122101e-02    8.604977759205e-03
25460    5.921958268835e+02    1.002521637399e-02    8.584382106164e-03
25470    5.923155483647e+02    1.001752253605e-02    8.576495864872e-03
25480    5.924898710074e+02    1.002051169051e-02    8.578741989368e-03
25490    5.926318477760e+02    1.003333517282e-02    8.591823612733e-03
25500    5.928276430636e+02    1.006414020681e-02    8.622858123090e-03
25510    5.930208409227e+02    1.007321575752e-02    8.632170701276e-03
25520    5.931673948134e+02    1.005090794241e-02    8.610008210781e-03
25530    5.932822769127e+02    1.003519284973e-02    8.594731572884e-03
25540    5.934525434781e+02    1.002075544790e-02    8.580687230278e-03
25550    5.935683843998e+02    1.001514710281e-02    8.576155380069e-03
25560    5.937586822753e+02    1.002067341298e-02    8.582943821239e-03
25570    5.939264795503e+02    1.003869115619e-02    8.602943194091e-03
25580    5.940465761508e+02    1.006251941840e-02    8.629078573904e-03
25590    5.941850236807e+02    1.007772038686e-02    8.646466530081e-03
25600    5.943146139858e+02    1.006076647762e-02    8.630727581476e-03
25610    5.945146139858e+02    1.003343243523e-02    8.604608462520e-03
25620    5.947146139858e+02    1.001607117591e-02    8.588831959969e-03
25630    5.948457656456e+02    1.001140011460e-02    8.586102218032e-03
25640    5.949767350879e+02    1.001498796912e-02    8.591419296863e-03
25650    5.951668255686e+02    1.003569406293e-02    8.614320854576e-03
25660    5.953321286958e+02    1.006718299979e-02    8.648000068206e-03
25670    5.955260226131e+02    1.005654957028e-02    8.638394325317e-03
25680    5.957260226131e+02    1.002942986537e-02    8.611507046226e-03
25690    5.958934325093e+02    1.001230672190e-02    8.594863444159e-03
25700    5.959900439447e+02    1.000587127337e-02    8.589308660703e-03
25710    5.961467846252e+02    1.000786961840e-02    8.591701252044e-03
25720    5.962041860124e+02    1.001139001129e-02    8.596397703514e-03
25730    5.963348660688e+02    1.002457474294e-02    8.610049315394e-03
25740    5.964693487008e+02    1.004657073453e-02    8.632573321847e-03
25750    5.966693487008e+02    1.006529543792e-02    8.650983092593e-03
25760    5.968693487008e+02    1.003900806764e-02    8.623057303339e-03
25770    5.970693487008e+02    1.001786138337e-02    8.600050820860e-03
25780    5.972693487008e+02    1.001008224068e-02    8.590567015744e-03
25790    5.974693487008e+02    1.001879784691e-02    8.597919155363e-03
25800    5.976693487008e+02    1.004573018979e-02    8.623862625427e-03
25810    5.978503422128e+02    1.007565465491e-02    8.653179898829e-03
25820    5.980264341316e+02    1.005462946230e-02    8.630168522359e-03
25830    5.982264341316e+02    1.003081051130e-02    8.603589375525e-03
25840    5.984220756550e+02    1.001834730943e-02    8.588610506195e-03
25850    5.986220756550e+02    1.002118115887e-02    8.589195481363e-03
25860    5.988220756550e+02    1.004154060293e-02    8.607874168774e-03
25870    5.990220756550e+02    1.008067348068e-02    8.645981089103e-03
25880    5.992220756550e+02    1.006580310583e-02    8.629167000436e-03
25890    5.993713556702e+02    1.004389358527e-02    8.606195377070e-03
25900    5.995696942764e+02    1.002705374080e-02    8.587864565925e-03
25910    5.997526121510e+02    1.002228233701e-02    8.582692176788e-03
25920    5.998806842252e+02    1.002768682656e-02    8.588880601565e-03
25930    6.000143477164e+02    1.004003682160e-02    8.602166484707e-03
25940    6.001994879786e+02    1.007225272187e-02    8.635751473776e-03
25950    6.003976062707e+02    1.007272750601e-02    8.637350803838e-03
25960    6.005644155513e+02    1.004725961045e-02    8.612815681772e-03
25970    6.007614262032e+02    1.002686172905e-02    8.593693816692e-03
25980    6.009614262032e+02    1.001856249360e-02    8.587317714046e-03
25990    6.011614262032e+02    1.002660028838e-02    8.597951211414e-03
26000    6.013112479609e+02    1.004789266870e-02    8.622200126410e-03
26010    6.013741924078e+02    1.006172072795e-02    8.638352381240e-03
26020    6.015313407177e+02    1.007986200816e-02    8.658936417305e-03
26030    6.017100887554e+02    1.005378879306e-02    8.634143656309e-03
26040    6.019016623937e+02    1.002916922068e-02    8.610642878921e-03
26050    6.021016623937e+02    1.001449166328e-02    8.596987257079e-03
26060    6.023016623937e+02    1.001557875934e-02    8.599150508417e-03
26070    6.025016623937e+02    1.003461315360e-02    8.619308044217e-03
26080    6.027016623937e+02    1.007261013361e-02    8.658419072162e-03
26090    6.029016623937e+02    1.005586653141e-02    8.641079910376e-03
26100    6.031016623937e+02    1.003007358497e-02    8.614081267297e-03
26110    6.033016623937e+02    1.001487678172e-02    8.597594544881e-03
26120    6.035016623937e+02    1.001506190065e-02    8.596581703387e-03
26130    6.036446856132e+02    1.002618698180e-02    8.607509186731e-03
26140    6.038413186208e+02    1.005649231337e-02    8.636815557111e-03
26150    6.039980806329e+02    1.007458846268e-02    8.654310835482e-03
26160    6.040987747149e+02    1.006225968510e-02    8.641572668239e-03
26170    6.042540652349e+02    1.004218088315e-02    8.619558574537e-03
26180    6.044086436902e+02    1.002402141288e-02    8.599482539466e-03
26190    6.045020722634e+02    1.001606500239e-02    8.591032214099e-03
26200    6.046924010452e+02    1.001631312462e-02    8.588871761276e-03
26210    6.048924010452e+02    1.003220539743e-02    8.602702779172e-03
26220    6.050924010452e+02    1.006637782118e-02    8.635439700811e-03
26230    6.052924010452e+02    1.007226944001e-02    8.639399365165e-03
26240    6.054843804566e+02    1.004680186369e-02    8.611588205895e-03
26250    6.056843804566e+02    1.002784685366e-02    8.590540177465e-03
26260    6.058759313191e+02    1.002224676538e-02    8.583615478528e-03
26270    6.060759313191e+02    1.003306051689e-02    8.593678194302e-03
26280    6.062127691346e+02    1.005480500043e-02    8.616138537036e-03
26290    6.062974261711e+02    1.007235648409e-02    8.634818055725e-03
26300    6.064304517878e+02    1.008752297983e-02    8.650404706714e-03
26310    6.064886684447e+02    1.008096650597e-02    8.644602785353e-03
26320    6.066279114596e+02    1.006133556769e-02    8.624389403849e-03
26330    6.068033363308e+02    1.003824408944e-02    8.600540824773e-03
26340    6.070032332218e+02    1.002450020304e-02    8.586526450017e-03
26350    6.072032332218e+02    1.002556477274e-02    8.588323724325e-03
26360    6.074032332218e+02    1.004414340578e-02    8.608710836597e-03
26370    6.075990734493e+02    1.008124680396e-02    8.648627256662e-03
26380    6.077956643748e+02    1.006445792283e-02    8.634116005851e-03
26390    6.079587619075e+02    1.003833713232e-02    8.610319103354e-03
26400    6.081048861852e+02    1.002217740079e-02    8.596619343734e-03
26410    6.082983859777e+02    1.001328015908e-02    8.590852147790e-03
26420    6.084289066909e+02    1.001521595119e-02    8.595788814091e-03
26430    6.086145512490e+02    1.003110635281e-02    8.615203999398e-03
26440    6.088145512490e+02    1.006705133079e-02    8.655025232656e-03
26450    6.089212541533e+02    1.006818993829e-02    8.658629594720e-03
26460    6.091110866636e+02    1.004144114202e-02    8.633464909508e-03
26470    6.093110866636e+02    1.001730009820e-02    8.610508651145e-03
26480    6.095110866636e+02    1.000652570137e-02    8.600730398939e-03
26490    6.097110866636e+02    1.001259027099e-02    8.607597815171e-03
26500    6.099110866636e+02    1.003732878733e-02    8.632950535684e-03
26510    6.101110866636e+02    1.006655423200e-02    8.662355272463e-03
26520    6.103110866636e+02    1.004264991721e-02    8.637014119813e-03
26530    6.105110866636e+02    1.001952888698e-02    8.611996781838e-03
26540    6.106969682553e+02    1.000845899160e-02    8.599254279943e-03
26550    6.108000794216e+02    1.000681682700e-02    8.597413620919e-03
26560    6.109953192434e+02    1.002029854054e-02    8.608974696472e-03
26570    6.111898312432e+02    1.005166593269e-02    8.638842668915e-03
26580    6.113898312432e+02    1.006696775632e-02    8.652270097627e-03
26590    6.115805961140e+02    1.004276908406e-02    8.625438091258e-03
26600    6.117805961140e+02    1.002251167363e-02    8.602413407061e-03
26610    6.119774545142e+02    1.001526874604e-02    8.592913775828e-03
26620    6.121774545142e+02    1.002442786494e-02    8.600329541878e-03
26630    6.123774545142e+02    1.005188937762e-02    8.626612214357e-03
26640    6.125774545142e+02    1.007785817460e-02    8.651542137159e-03
26650    6.127077656385e+02    1.006062173185e-02    8.633544775876e-03
26660    6.128947923140e+02    1.003898093286e-02    8.609885146143e-03
26670    6.130947923140e+02    1.002392602307e-02    8.593058009865e-03
26680    6.132947923140e+02    1.002345716426e-02    8.591523319410e-03
26690    6.134947923140e+02    1.004023956131e-02    8.608041080151e-03
26700    6.136947923140e+02    1.007572172605e-02    8.644177038150e-03
26710    6.138460700034e+02    1.007713149340e-02    8.646491751279e-03
26720    6.140251238069e+02    1.005389980898e-02    8.623530384284e-03
26730    6.142151683412e+02    1.003201119924e-02    8.602394123955e-03
26740    6.143766410435e+02    1.002194319873e-02    8.593684010521e-03
26750    6.145426262833e+02    1.002362401734e-02    8.597438293691e-03
26760    6.147017582034e+02    1.003570188714e-02    8.611982982075e-03
26770    6.149017582034e+02    1.006783674246e-02    8.647652581203e-03
26780    6.149916168801e+02    1.008582024783e-02    8.668339155520e-03
26790    6.151652095308e+02    1.006318756733e-02    8.647819086036e-03
26800    6.153362625783e+02    1.003654086601e-02    8.623166961115e-03
26810    6.154377626286e+02    1.002286175889e-02    8.611061819465e-03
26820    6.156324394122e+02    1.001409871675e-02    8.604461795585e-03
26830    6.157595731046e+02    1.001520514306e-02    8.607546675194e-03
26840    6.159112898924e+02    1.002804886499e-02    8.622575770460e-03
26850    6.159702098810e+02    1.003837395944e-02    8.634457228254e-03
26860    6.160809862029e+02    1.005654254008e-02    8.654173050672e-03
26870    6.161554883716e+02    1.007916770214e-02    8.678435201546e-03
26880    6.161989760278e+02    1.008718612398e-02    8.687456237567e-03
26890    6.162935502990e+02    1.007452348418e-02    8.675065269017e-03
26900    6.164756424076e+02    1.004796725954e-02    8.647810849652e-03
26910    6.166628787997e+02    1.002532674923e-02    8.624003872683e-03
26920    6.168428351074e+02    1.001526834388e-02    8.612639637249e-03
26930    6.170382244197e+02    1.002032786918e-02    8.616094114586e-03
26940    6.172213652966e+02    1.004075279228e-02    8.635153575597e-03
26950    6.174123904122e+02    1.007733579442e-02    8.670368869389e-03
26960    6.176123904122e+02    1.006093976006e-02    8.651095765345e-03
26970    6.178038324736e+02    1.003724612223e-02    8.624267326923e-03
26980    6.178865562498e+02    1.002440715432e-02    8.610868435426e-03
26990    6.179112321716e+02    1.001880042090e-02    8.605708600953e-03
27000    6.179663944971e+02    1.001494339704e-02    8.601451214417e-03
27010    6.180777852625e+02    1.001366081574e-02    8.598502777204e-03
27020    6.182571888638e+02    1.002171508874e-02    8.603660902736e-03
27030    6.184505088092e+02    1.004533636583e-02    8.624676197542e-03
27040    6.186505088092e+02    1.008289584062e-02    8.660040907671e-03
27050    6.188505088092e+02    1.006529038396e-02    8.639211910122e-03
27060    6.190505088092e+02    1.004230181223e-02    8.613154817795e-03
27070    6.192505088092e+02    1.002944962231e-02    8.598005350905e-03
27080    6.193875447819e+02    1.002824604515e-02    8.596367260907e-03
27090    6.195251544878e+02    1.003545678498e-02    8.603297043919e-03
27100    6.197246504406e+02    1.006149246565e-02    8.629148177533e-03
27110    6.199225560943e+02    1.008739244704e-02    8.655447736601e-03
27120    6.200150413372e+02    1.007597053187e-02    8.644709354485e-03
27130    6.201880516486e+02    1.005479525110e-02    8.623340482700e-03
27140    6.203308465269e+02    1.003770067858e-02    8.606646408225e-03
27150    6.204380517184e+02    1.002784918454e-02    8.597716557233e-03
27160    6.205611192715e+02    1.002473427083e-02    8.595560291724e-03
27170    6.207153360893e+02    1.003057170714e-02    8.602764538409e-03
27180    6.208444957722e+02    1.004480545181e-02    8.618782309895e-03
27190    6.209515403239e+02    1.006206593431e-02    8.637870801067e-03
27200    6.210835494383e+02    1.008888238195e-02    8.666865246596e-03
27210    6.211846820490e+02    1.008374222098e-02    8.663168659950e-03
27220    6.213791608977e+02    1.005667568093e-02    8.637150670438e-03
27230    6.215416925456e+02    1.003506113076e-02    8.616864979558e-03
27240    6.217048979110e+02    1.002346399607e-02    8.606875081568e-03
27250    6.218354199246e+02    1.002121866361e-02    8.606568938376e-03
27260    6.219043704753e+02    1.002278358854e-02    8.609851006440e-03
27270    6.220219449599e+02    1.003149607843e-02    8.620469549896e-03
27280    6.222147977035e+02    1.005834668754e-02    8.649810140923e-03
27290    6.224147977035e+02    1.007149271688e-02    8.665038229083e-03
27300    6.226147977035e+02    1.004542035531e-02    8.639746914014e-03
27310    6.227912142244e+02    1.002520664077e-02    8.620321757007e-03
27320    6.229078889873e+02    1.001479167127e-02    8.611111054961e-03
27330    6.230150122605e+02    1.001171667287e-02    8.609111151600e-03
27340    6.231920609211e+02    1.001924841466e-02    8.617362946097e-03
27350    6.233178943424e+02    1.003560220858e-02    8.634897667434e-03
27360    6.234495804826e+02    1.005892393785e-02    8.659176374749e-03
27370    6.236096604005e+02    1.007251169946e-02    8.672922482219e-03
27380    6.237970139412e+02    1.004910668223e-02    8.648059469124e-03
27390    6.239877324637e+02    1.002725210830e-02    8.624439160485e-03
27400    6.241571742932e+02    1.001587312686e-02    8.611739134722e-03
27410    6.242438785398e+02    1.001272518424e-02    8.608704676590e-03
27420    6.244004610967e+02    1.001994804515e-02    8.614712178314e-03
27430    6.245938146304e+02    1.004290820233e-02    8.635801531454e-03
27440    6.247938146304e+02    1.007601552764e-02    8.667011821672e-03
27450    6.249938146304e+02    1.005598341089e-02    8.643824182400e-03
27460    6.251659476987e+02    1.003478432774e-02    8.620123614492e-03
27470    6.253649762204e+02    1.002247114846e-02    8.605055448243e-03
27480    6.255649762204e+02    1.002396592572e-02    8.604463178926e-03
27490    6.257376913725e+02    1.003861028693e-02    8.618171469607e-03
27500    6.259326709758e+02    1.007171206989e-02    8.650616992782e-03
27510    6.261326709758e+02    1.007246404664e-02    8.650179286633e-03
27520    6.263242185156e+02    1.004755421925e-02    8.623907687252e-03
27530    6.264863470520e+02    1.003089177434e-02    8.606835056526e-03
27540    6.266863470520e+02    1.002379199419e-02    8.599536756265e-03
27550    6.268789980599e+02    1.003127529960e-02    8.607777499492e-03
27560    6.270754623692e+02    1.005586785155e-02    8.634002111648e-03
27570    6.272754623692e+02    1.007967054325e-02    8.659804905619e-03
27580    6.274659192902e+02    1.005559824355e-02    8.637028324301e-03
27590    6.276612258131e+02    1.003304779595e-02    8.616018399152e-03
27600    6.278207933042e+02    1.002067585722e-02    8.605563531091e-03
27610    6.279969995325e+02    1.001991583868e-02    8.606925192908e-03
27620    6.281201827024e+02    1.002853730509e-02    8.617885890999e-03
27630    6.282735715286e+02    1.004616919547e-02    8.637802887279e-03
27640    6.283998079159e+02    1.007473134956e-02    8.668845900502e-03
27650    6.285022983583e+02    1.007694803906e-02    8.672782100803e-03
27660    6.285733573642e+02    1.006719244006e-02    8.664241963743e-03
27670    6.287143903566e+02    1.004659391383e-02    8.644274502331e-03
27680    6.288459110981e+02    1.002996562541e-02    8.628285834675e-03
27690    6.289473622524e+02    1.001853811845e-02    8.617601622063e-03
27700    6.291420126964e+02    1.001334593142e-02    8.612737753538e-03
27710    6.293344828948e+02    1.002188312273e-02    8.621823210888e-03
27720    6.295344828948e+02    1.004782129223e-02    8.648484762489e-03
27730    6.296578445770e+02    1.007760356862e-02    8.679651001330e-03
27740    6.298369136628e+02    1.006099050964e-02    8.662331846608e-03
27750    6.300251384442e+02    1.003550115348e-02    8.635594884254e-03
27760    6.301831299950e+02    1.002028848199e-02    8.619570023257e-03
27770    6.303538832666e+02    1.001437361650e-02    8.612725558123e-03
27780    6.305206779689e+02    1.002037244324e-02    8.618006094366e-03
27790    6.306895169186e+02    1.004017089320e-02    8.637285694931e-03
27800    6.307802760690e+02    1.005872563524e-02    8.656421025080e-03
27810    6.309353084680e+02    1.007747344561e-02    8.674435218381e-03
27820    6.310248052846e+02    1.006522234482e-02    8.661899554681e-03
27830    6.311703402631e+02    1.004751758646e-02    8.642514288113e-03
27840    6.313450094557e+02    1.002863462459e-02    8.621264395515e-03
27850    6.314381980666e+02    1.001933846928e-02    8.611356067377e-03
27860    6.316104527455e+02    1.001749398016e-02    8.607363003648e-03
27870    6.317778499231e+02    1.002706884253e-02    8.615215230748e-03
27880    6.319618768696e+02    1.005043053982e-02    8.636827245027e-03
27890    6.320509904707e+02    1.007319125093e-02    8.659941353471e-03
27900    6.321972101842e+02    1.007832560360e-02    8.663790074024e-03
27910    6.322357330892e+02    1.007180660398e-02    8.657780039357e-03
27920    6.323323652149e+02    1.005911636480e-02    8.644143274978e-03
27930    6.324403474356e+02    1.004451098633e-02    8.628296590359e-03
27940    6.324936918418e+02    1.003452925300e-02    8.618222881523e-03
27950    6.325897489359e+02    1.002556064886e-02    8.608380563601e-03
27960    6.327080391879e+02    1.001988394856e-02    8.601545566307e-03
27970    6.328867574486e+02    1.002188221243e-02    8.601790074863e-03
27980    6.330000047146e+02    1.003028109851e-02    8.609963279923e-03
27990    6.330437897337e+02    1.003558513477e-02    8.615997759989e-03
28000    6.331495377188e+02    1.004889193638e-02    8.629249048681e-03
28010    6.333394851385e+02    1.008159836715e-02    8.661432119879e-03
28020    6.334806509585e+02    1.007129838660e-02    8.650722696984e-03
28030    6.336732784380e+02    1.004649910447e-02    8.624941973721e-03
28040    6.337852790364e+02    1.003126558548e-02    8.610071899056e-03
28050    6.338934478405e+02    1.002172140937e-02    8.601152261690e-03
28060    6.339980557186e+02    1.001771203614e-02    8.597921942965e-03
28070    6.341015024831e+02    1.001854844094e-02    8.599798068644e-03
28080    6.342692744160e+02    1.002900896239e-02    8.611572954578e-03
28090    6.344446707120e+02    1.005420205419e-02    8.638813824291e-03
28100    6.345743995385e+02    1.007984215434e-02    8.666724327668e-03
28110    6.347383094487e+02    1.006080593763e-02    8.649108063764e-03
28120    6.349046015095e+02    1.003870226095e-02    8.628337598566e-03
28130    6.350288811352e+02    1.002207863869e-02    8.613204624453e-03
28140    6.351102222882e+02    1.001419586323e-02    8.606718093688e-03
28150    6.352453309178e+02    1.001030079732e-02    8.604303799075e-03
28160    6.352908549099e+02    1.000932421288e-02    8.604656979514e-03
28170    6.353863458807e+02    1.001231631097e-02    8.608955977252e-03
28180    6.355304976339e+02    1.002568844964e-02    8.623837096820e-03
28190    6.356421764226e+02    1.004242120957e-02    8.642005269394e-03
28200    6.357629655073e+02    1.007013713922e-02    8.671397042235e-03
28210    6.358832951982e+02    1.006652641575e-02    8.668504552588e-03
28220    6.360282301746e+02    1.004543168031e-02    8.647413885228e-03
28230    6.361206717421e+02    1.002935223482e-02    8.631664307359e-03
28240    6.362503590347e+02    1.001628129885e-02    8.618546251455e-03
28250    6.364487649558e+02    1.000810234280e-02    8.609703165348e-03
28260    6.366160438246e+02    1.001165540281e-02    8.613153390797e-03
28270    6.366836666169e+02    1.001763115580e-02    8.620113504548e-03
28280    6.367718407835e+02    1.002662159343e-02    8.629668270260e-03
28290    6.368840221941e+02    1.004622245373e-02    8.649802606669e-03
28300    6.369484749523e+02    1.006096086492e-02    8.665332533383e-03
28310    6.370653848146e+02    1.007023537226e-02    8.674560384861e-03
28320    6.372194085767e+02    1.004810363180e-02    8.651044448925e-03
28330    6.373926547776e+02    1.002712470750e-02    8.628238222627e-03
28340    6.375526742834e+02    1.001217930033e-02    8.611947398094e-03
28350    6.377029643825e+02    1.000744156777e-02    8.606205199612e-03
28360    6.378356046948e+02    1.001149158281e-02    8.609902817625e-03
28370    6.379770961312e+02    1.002289415179e-02    8.620853858702e-03
28380    6.381770961312e+02    1.005443140341e-02    8.651558434394e-03
28390    6.383770961312e+02    1.005647240217e-02    8.652182876176e-03
28400    6.385048744325e+02    1.003784648052e-02    8.632791688797e-03
28410    6.386977764325e+02    1.001947549204e-02    8.612422997430e-03
28420    6.388920071982e+02    1.001038920458e-02    8.601682990957e-03
28430    6.390516947445e+02    1.001344565513e-02    8.604177573943e-03
28440    6.391837078997e+02    1.002323224662e-02    8.613864639301e-03
28450    6.393548065135e+02    1.004945965355e-02    8.639872214189e-03
28460    6.394990024180e+02    1.007038414431e-02    8.660900457471e-03
28470    6.396851109966e+02    1.004779543453e-02    8.636701614705e-03
28480    6.397489126566e+02    1.003475579498e-02    8.624134921774e-03
28490    6.398940510079e+02    1.002091027099e-02    8.609380449343e-03
28500    6.400883384383e+02    1.001076806492e-02    8.597964090768e-03
28510    6.402061408829e+02    1.000931459890e-02    8.596778039646e-03
28520    6.403197637653e+02    1.001458741349e-02    8.602551170043e-03
28530    6.404099912178e+02    1.002370574708e-02    8.612531619292e-03
28540    6.404817948948e+02    1.003415245891e-02    8.623992997855e-03
28550    6.405763908994e+02    1.004954538816e-02    8.640180396469e-03
28560    6.407408861348e+02    1.006702009447e-02    8.657872980621e-03
28570    6.408773674073e+02    1.004786824547e-02    8.638589418297e-03
28580    6.409863708599e+02    1.003242256775e-02    8.623310919575e-03
28590    6.411246564353e+02    1.001662424356e-02    8.607435253907e-03
28600    6.412022466916e+02    1.000770699062e-02    8.599261846030e-03
28610    6.413068982218e+02    1.000224386256e-02    8.594354851994e-03
28620    6.414541816533e+02    1.000308391014e-02    8.595576978223e-03
28630    6.415755090497e+02    1.000979306489e-02    8.603173725533e-03
28640    6.417480940186e+02    1.003118324373e-02    8.625607089925e-03
28650    6.418772589052e+02    1.005842499561e-02    8.654489656692e-03
28660    6.419835017786e+02    1.005931113614e-02    8.656443492328e-03
28670    6.420215540104e+02    1.005341040671e-02    8.651777533487e-03
28680    6.421128785250e+02    1.004073414688e-02    8.639468962429e-03
28690    6.422099569846e+02    1.002543979102e-02    8.624432994111e-03
28700    6.423035689134e+02    1.001282918964e-02    8.612129311587e-03
28710    6.423579184448e+02    1.000476205118e-02    8.604795786596e-03
28720    6.424532578954e+02    9.998273966282e-03    8.598538854130e-03
28730    6.425458115080e+02    9.994289211890e-03    8.594963001087e-03
28740    6.426506468631e+02    9.994378071921e-03    8.595315198363e-03
28750    6.427758820830e+02    1.000136942451e-02    8.602571739175e-03
28760    6.429321824520e+02    1.001729603939e-02    8.618495150586e-03
28770    6.429879220104e+02    1.003061669403e-02    8.633181609184e-03
28780    6.431311062857e+02    1.005564447457e-02    8.658370818921e-03
28790    6.432624784355e+02    1.004669575306e-02    8.649012333990e-03
28800    6.433867939912e+02    1.002941033843e-02    8.631096061436e-03
28810    6.434762088735e+02    1.001425909526e-02    8.615966487923e-03
28820    6.436074110444e+02    1.000216474517e-02    8.603136317106e-03
28830    6.437696773608e+02    9.994688161711e-03    8.594593704402e-03
28840    6.439232708634e+02    9.996448030192e-03    8.595876488471e-03
28850    6.439883634129e+02    9.999328094874e-03    8.599665078691e-03
28860    6.441301521637e+02    1.001281590361e-02    8.612830108177e-03
28870    6.443038932596e+02    1.004151783640e-02    8.641136476399e-03
28880    6.444171403977e+02    1.005203114966e-02    8.652105529109e-03
28890    6.445383204560e+02    1.003716725729e-02    8.636675152047e-03
28900    6.446240162242e+02    1.002282849869e-02    8.622348117569e-03
28910    6.447132732389e+02    1.001004609303e-02    8.609432659796e-03
28920    6.447872659605e+02    1.000089156531e-02    8.600360550190e-03
28930    6.448646044574e+02    9.993379099864e-03    8.592866757681e-03
28940    6.449990625500e+02    9.989103404024e-03    8.587612973315e-03
28950    6.451039427777e+02    9.989508963945e-03    8.587879596234e-03
28960    6.452508120752e+02    9.997339192542e-03    8.594853538852e-03
28970    6.453238984403e+02    1.000793788558e-02    8.606220720139e-03
28980    6.453980305508e+02    1.001828717751e-02    8.617025167950e-03
28990    6.455656005323e+02    1.004690147509e-02    8.644780244140e-03
29000    6.457656005323e+02    1.003505646468e-02    8.630762092253e-03
29010    6.458496533951e+02    1.001948411326e-02    8.615281920356e-03
29020    6.459357725600e+02    1.000819197562e-02    8.603890431914e-03
29030    6.460259971808e+02    9.997365951584e-03    8.592896589107e-03
29040    6.461018553383e+02    9.990843635739e-03    8.586423010456e-03
29050    6.461918498997e+02    9.986399288988e-03    8.581864859480e-03
29060    6.462715336793e+02    9.984988108737e-03    8.580507281295e-03
29070    6.463991013350e+02    9.989392278202e-03    8.584387314841e-03
29080    6.465415469066e+02    1.000208648158e-02    8.596652554843e-03
29090    6.465746388323e+02    1.000987159945e-02    8.605782140876e-03
29100    6.465955178718e+02    1.001423150203e-02    8.611317698524e-03
29110    6.466448457080e+02    1.002194377095e-02    8.619688653198e-03
29120    6.467329352277e+02    1.003832980074e-02    8.636330884656e-03
29130    6.468121451799e+02    1.005483965328e-02    8.653262528242e-03
29140    6.469011469075e+02    1.004470802102e-02    8.642848047202e-03
29150    6.469509722395e+02    1.003694230284e-02    8.635365922601e-03
29160    6.469975466493e+02    1.002767979174e-02    8.626350798295e-03
29170    6.470597608813e+02    1.001861119759e-02    8.617204026450e-03
29180    6.472069113828e+02    1.000380432911e-02    8.600871056842e-03
29190    6.473713743783e+02    9.992076434363e-03    8.587020920459e-03
29200    6.473868711776e+02    9.985930608920e-03    8.582706390371e-03
29210    6.474251118393e+02    9.982874382902e-03    8.580240021729e-03
29220    6.474978166436e+02    9.981851376523e-03    8.579302035287e-03
29230    6.476298103519e+02    9.986296836893e-03    8.583169363192e-03
29240    6.478078588812e+02    1.000333923916e-02    8.599532186963e-03
29250    6.479215762916e+02    1.002534414968e-02    8.622133601421e-03
29260    6.480336798891e+02    1.004799531608e-02    8.645330362924e-03
29270    6.481934011606e+02    1.003255549701e-02    8.629188799205e-03
29280    6.482905717896e+02    1.001769208244e-02    8.614418144134e-03
29290    6.484604914113e+02    9.999410875079e-03    8.595392785537e-03
29300    6.485893079594e+02    9.987969598265e-03    8.584066263211e-03
29310    6.486377149071e+02    9.983014440246e-03    8.580036873354e-03
29320    6.487506403906e+02    9.981887222811e-03    8.579188188378e-03
29330    6.489414463009e+02    9.991807513897e-03    8.589059189035e-03
29340    6.491270771791e+02    1.001638848832e-02    8.614206816674e-03
29350    6.492652102434e+02    1.004579714983e-02    8.644889593597e-03
29360    6.493646811526e+02    1.003860480873e-02    8.638252275887e-03
29370    6.495022917164e+02    1.001827163490e-02    8.617792306723e-03
29380    6.496670195088e+02    9.999597344452e-03    8.598742519098e-03
29390    6.498670195088e+02    9.986354488806e-03    8.585055758886e-03
29400    6.499623993288e+02    9.982472796170e-03    8.581938545831e-03
29410    6.500654322818e+02    9.984406406728e-03    8.584496463300e-03
29420    6.502015914400e+02    9.993985977233e-03    8.594505771725e-03
29430    6.503203973145e+02    1.001288697569e-02    8.614281426162e-03
29440    6.504041974554e+02    1.002887045078e-02    8.631152052658e-03
29450    6.505361490628e+02    1.004261851670e-02    8.645276364405e-03
29460    6.507250004326e+02    1.001890504223e-02    8.620435307421e-03
29470    6.509160523709e+02    9.996480056931e-03    8.596870786278e-03
29480    6.510758683512e+02    9.984312816388e-03    8.584223517573e-03
29490    6.512758683512e+02    9.984026862540e-03    8.583402631302e-03
29500    6.514758683512e+02    9.999481453610e-03    8.598778044870e-03
29510    6.516758683512e+02    1.003232570291e-02    8.631954596240e-03
29520    6.518758683512e+02    1.002620363509e-02    8.625271933852e-03
29530    6.520758683512e+02    1.000211429707e-02    8.600007990935e-03
29540    6.522758683512e+02    9.986185691653e-03    8.583059792727e-03
29550    6.523098253673e+02    9.979599933210e-03    8.577526496993e-03
29560    6.523947449590e+02    9.977224056366e-03    8.575405610827e-03
29570    6.525595149824e+02    9.983096650801e-03    8.580809281739e-03
29580    6.527517549901e+02    1.000336033883e-02    8.600707329606e-03
29590    6.529385668249e+02    1.003713259995e-02    8.634579067802e-03
29600    6.531342396764e+02    1.002097797874e-02    8.617269906608e-03
29610    6.532985124778e+02    9.999451162802e-03    8.594810168688e-03
29620    6.534833322863e+02    9.985391245631e-03    8.579697308960e-03
29630    6.536082112459e+02    9.979777028891e-03    8.574065792345e-03
29640    6.537913772708e+02    9.985539774165e-03    8.579505231864e-03
29650    6.539651248611e+02    1.000292613430e-02    8.597142058534e-03
29660    6.540965212877e+02    1.002788798792e-02    8.623159146737e-03
29670    6.542244449871e+02    1.003747689058e-02    8.633535287117e-03
29680    6.543402015783e+02    1.002329938541e-02    8.619584893495e-03
29690    6.545367539364e+02    9.999900992792e-03    8.595639010309e-03
29700    6.546728373259e+02    9.985002328766e-03    8.581048867200e-03
29710    6.548698626877e+02    9.979095466638e-03    8.575397167078e-03
29720    6.550189622011e+02    9.983441459096e-03    8.580763461396e-03
29730    6.552189622011e+02    1.000395744582e-02    8.602405572674e-03
29740    6.553759839992e+02    1.003529837934e-02    8.635461541417e-03
29750    6.555613431482e+02    1.002090713840e-02    8.621340716672e-03
29760    6.557613431482e+02    9.996032807670e-03    8.596194404163e-03
29770    6.558607496462e+02    9.981883196093e-03    8.582855104578e-03
29780    6.559562202757e+02    9.973929961099e-03    8.575672440202e-03
29790    6.560782111595e+02    9.970917858002e-03    8.573167448958e-03
29800    6.561433070480e+02    9.971071682937e-03    8.574386723012e-03
29810    6.562757285077e+02    9.977820921979e-03    8.581641268393e-03
29820    6.564179946215e+02    9.994706507534e-03    8.599270576269e-03
29830    6.566004547622e+02    1.002720448036e-02    8.632474266051e-03
29840    6.567991263179e+02    1.001294155229e-02    8.617585687716e-03
29850    6.568919833981e+02    9.996140063732e-03    8.601280712355e-03
29860    6.569995454748e+02    9.984063217825e-03    8.589266561103e-03
29870    6.571233212302e+02    9.973349430723e-03    8.578341638895e-03
29880    6.572859089764e+02    9.968127926640e-03    8.572516057939e-03
29890    6.574168690256e+02    9.970427622195e-03    8.574885287999e-03
29900    6.576018541226e+02    9.985759864542e-03    8.589867462433e-03
29910    6.577091497262e+02    1.000430871776e-02    8.609379673544e-03
29920    6.578495974029e+02    1.002983466330e-02    8.635540663818e-03
29930    6.580393705307e+02    1.001053454131e-02    8.615121632829e-03
29940    6.581683003659e+02    9.990455761661e-03    8.594910767897e-03
29950    6.582338958206e+02    9.978832447267e-03    8.584119871557e-03
29960    6.582836620372e+02    9.971861255725e-03    8.578030678109e-03
29970    6.583895970819e+02    9.965364526047e-03    8.571520626901e-03
29980    6.584984076569e+02    9.962159489993e-03    8.568364886742e-03
29990    6.586109350908e+02    9.963636044314e-03    8.569863161028e-03
30000    6.587006900079e+02    9.969089556323e-03    8.575774983001e-03
30010    6.588522714721e+02    9.985378559494e-03    8.591706126026e-03
30020    6.589864576138e+02    1.001138134427e-02    8.617923836937e-03
30030    6.590524413714e+02    1.002939780438e-02    8.637050836114e-03
30040    6.591774207420e+02    1.001919201600e-02    8.625960429526e-03
30050    6.593237670051e+02    9.999840275872e-03    8.604943576756e-03
30060    6.594401491755e+02    9.982378945535e-03    8.586596388341e-03
30070    6.595138410808e+02    9.972659294132e-03    8.576928049479e-03
30080    6.596556830133e+02    9.965338862401e-03    8.568103973630e-03
30090    6.598221840486e+02    9.965745095397e-03    8.566739367780e-03
30100    6.599521700769e+02    9.974111950114e-03    8.574482230870e-03
30110    6.600048015207e+02    9.980318120284e-03    8.581676616814e-03
30120    6.600937855609e+02    9.991647564696e-03    8.593062732871e-03
30130    6.601819917162e+02    1.000878198591e-02    8.610392524133e-03
30140    6.603396142060e+02    1.002588826728e-02    8.626009004729e-03
30150    6.605104529836e+02    1.000579613816e-02    8.603305937868e-03
30160    6.606139174303e+02    9.989621743223e-03    8.586360370828e-03
30170    6.607720147859e+02    9.975258135952e-03    8.569973138037e-03
30180    6.609395970059e+02    9.968235649974e-03    8.561111211748e-03
30190    6.610626631960e+02    9.969200210538e-03    8.561803077100e-03
30200    6.611609623593e+02    9.973929987136e-03    8.566754072490e-03
30210    6.611898129781e+02    9.977462814096e-03    8.571766976274e-03
30220    6.612625114182e+02    9.984942434070e-03    8.579735130297e-03
30230    6.613395151475e+02    9.997686687265e-03    8.593038662184e-03
30240    6.614452762055e+02    1.001598980946e-02    8.611486556219e-03
30250    6.615590473243e+02    1.002714148696e-02    8.622749406641e-03
30260    6.616709454930e+02    1.001467257669e-02    8.609893893663e-03
30270    6.618191199412e+02    9.993765289065e-03    8.588098225118e-03
30280    6.619631789627e+02    9.977454153272e-03    8.571409016440e-03
30290    6.620983397761e+02    9.967766258572e-03    8.561874252337e-03
30300    6.622508497619e+02    9.965392618213e-03    8.559939012230e-03
30310    6.624070922757e+02    9.972944514208e-03    8.568458602895e-03
30320    6.624983025347e+02    9.985149534423e-03    8.582479745201e-03
30330    6.625456019575e+02    9.992710995611e-03    8.591764719313e-03
30340    6.626612858966e+02    1.001076486583e-02    8.611195625235e-03
30350    6.628355837598e+02    1.001769026381e-02    8.619045723208e-03
30360    6.629861056763e+02    9.997767704282e-03    8.599704848166e-03
30370    6.631629505432e+02    9.976163401975e-03    8.578716713600e-03
30380    6.633544701340e+02    9.963491119641e-03    8.567032376050e-03
30390    6.635336869881e+02    9.963149805807e-03    8.568273633500e-03
30400    6.636379756071e+02    9.968615501346e-03    8.575647836551e-03
30410    6.637705713974e+02    9.984397931403e-03    8.593352958997e-03
30420    6.639299619691e+02    1.001133943666e-02    8.622177121651e-03
30430    6.641299619691e+02    1.000272442887e-02    8.614419480182e-03
30440    6.643206139770e+02    9.978738535029e-03    8.590873288995e-03
30450    6.645206139770e+02    9.961812688630e-03    8.574411185691e-03
30460    6.647013899902e+02    9.957403444154e-03    8.570776608394e-03
30470    6.648955292480e+02    9.967557652121e-03    8.581708057136e-03
30480    6.650955292480e+02    9.995294221942e-03    8.610329235125e-03
30490    6.652955292480e+02    1.000716461475e-02    8.622456955891e-03
30500    6.654955292480e+02    9.983637428880e-03    8.598010706919e-03
30510    6.656929106869e+02    9.965107531109e-03    8.578311048950e-03
30520    6.658929106869e+02    9.958670206743e-03    8.570553856771e-03
30530    6.660929106869e+02    9.967723146564e-03    8.578258230045e-03
30540    6.662929106869e+02    9.994079271316e-03    8.603311523984e-03
30550    6.664929106869e+02    1.001449196277e-02    8.622010563158e-03
30560    6.666929106869e+02    9.992661381308e-03    8.597260855822e-03
30570    6.668929106869e+02    9.973644246598e-03    8.575215208111e-03
30580    6.670778643455e+02    9.965796342063e-03    8.564854448196e-03
30590    6.672645929242e+02    9.971151714541e-03    8.567931602556e-03
30600    6.674514790011e+02    9.991426900065e-03    8.586361842390e-03
30610    6.676514790011e+02    1.002533131033e-02    8.618590797596e-03
30620    6.678424571046e+02    1.000891522300e-02    8.599914620390e-03
30630    6.679899635905e+02    9.989612710472e-03    8.579183318034e-03
30640    6.681300724416e+02    9.976853055730e-03    8.565272782107e-03
30650    6.683265736189e+02    9.970700665477e-03    8.557569550248e-03
30660    6.684811974200e+02    9.975500585287e-03    8.562051286390e-03
30670    6.686151048736e+02    9.988092168159e-03    8.574903416047e-03
30680    6.686840670290e+02    1.000039265291e-02    8.588116727879e-03
30690    6.688159571311e+02    1.002370266603e-02    8.611961021415e-03
30700    6.689505983678e+02    1.002805916986e-02    8.616603269729e-03
30710    6.690836404736e+02    1.000876581825e-02    8.597193622336e-03
30720    6.692130519034e+02    9.991060896047e-03    8.579436434047e-03
30730    6.692817038159e+02    9.978887581244e-03    8.567741759180e-03
30740    6.693691199385e+02    9.970823390916e-03    8.560065293750e-03
30750    6.695363971508e+02    9.965686370433e-03    8.555248044104e-03
30760    6.695804752926e+02    9.963968212006e-03    8.554440298212e-03
30770    6.696767948338e+02    9.966712345903e-03    8.558005698433e-03
30780    6.697793578964e+02    9.974865632334e-03    8.567205741201e-03
30790    6.698007880860e+02    9.979141385751e-03    8.572534286031e-03
30800    6.698544743297e+02    9.985648509996e-03    8.580030839767e-03
30810    6.699056261395e+02    9.994057229555e-03    8.589462188866e-03
30820    6.700379305827e+02    1.001487793556e-02    8.611574281531e-03
30830    6.702186234645e+02    1.001172559597e-02    8.609453597273e-03
30840    6.703365730359e+02    9.993313313110e-03    8.591809219979e-03
30850    6.704368318450e+02    9.978549794994e-03    8.577870363297e-03
30860    6.704976004457e+02    9.969108297488e-03    8.569324596465e-03
30870    6.706056469798e+02    9.960000113382e-03    8.561166684558e-03
30880    6.706606189463e+02    9.954541945124e-03    8.556730507735e-03
30890    6.708001502944e+02    9.952384268923e-03    8.555830569094e-03
30900    6.709413495832e+02    9.957775642517e-03    8.562811216507e-03
30910    6.710884855078e+02    9.972308720272e-03    8.579196442042e-03
30920    6.711740419581e+02    9.989278187056e-03    8.598114700362e-03
30930    6.712436701564e+02    1.000394603200e-02    8.614496723567e-03
30940    6.713729421159e+02    1.001218611723e-02    8.624340305687e-03
30950    6.715450600258e+02    9.990104325641e-03    8.602962329860e-03
30960    6.717268015203e+02    9.966118389634e-03    8.579498466133e-03
30970    6.717693534424e+02    9.955374345743e-03    8.569935704145e-03
30980    6.718334560847e+02    9.948444305615e-03    8.563989031245e-03
30990    6.719811259002e+02    9.943983637354e-03    8.560134911932e-03
31000    6.720356027297e+02    9.942696585606e-03    8.559977267396e-03
31010    6.721759963776e+02    9.948322233522e-03    8.566180723392e-03
31020    6.722997366169e+02    9.961128459758e-03    8.579749322962e-03
31030    6.724049052391e+02    9.979980308392e-03    8.599584825788e-03
31040    6.724827807862e+02    9.999906443255e-03    8.620669664197e-03
31050    6.725470031798e+02    1.001246669435e-02    8.634197645733e-03
31060    6.726688757427e+02    9.998982815028e-03    8.620159052043e-03
31070    6.727500554064e+02    9.982420996115e-03    8.603455613411e-03
31080    6.728005334745e+02    9.972725728828e-03    8.594057286246e-03
31090    6.728787754892e+02    9.962468503403e-03    8.583510206336e-03
31100    6.730440598565e+02    9.950025681054e-03    8.568994467169e-03
31110    6.731334996650e+02    9.942920582596e-03    8.561432265196e-03
31120    6.732284118663e+02    9.940837669416e-03    8.558670857383e-03
31130    6.733704416461e+02    9.946402059794e-03    8.562669751882e-03
31140    6.734599843069e+02    9.955384646416e-03    8.571349445447e-03
31150    6.735837038487e+02    9.971402405870e-03    8.586289257437e-03
31160    6.737477056752e+02    1.000214124680e-02    8.615231844487e-03
31170    6.739064626385e+02    9.995454539636e-03    8.606008794231e-03
31180    6.740381339246e+02    9.976339745006e-03    8.584727726884e-03
31190    6.741400182051e+02    9.962896443443e-03    8.569985195209e-03
31200    6.742395146987e+02    9.953368325942e-03    8.559213174522e-03
31210    6.743254418657e+02    9.946623037713e-03    8.551681215067e-03
31220    6.744217061543e+02    9.944090709500e-03    8.548036305001e-03
31230    6.745570025219e+02    9.948201746466e-03    8.550217705306e-03
31240    6.746968495943e+02    9.959090444232e-03    8.559185689592e-03
31250    6.747493629422e+02    9.969261560025e-03    8.569911687118e-03
31260    6.748393290113e+02    9.983123217721e-03    8.583233645368e-03
31270    6.749627843801e+02    1.000879372288e-02    8.607761156782e-03
31280    6.751312851188e+02    1.000191370299e-02    8.597887103861e-03
31290    6.751837463073e+02    9.990248405525e-03    8.586328061028e-03
31300    6.753124723718e+02    9.975376967682e-03    8.569432538025e-03
31310    6.754882615500e+02    9.960115474336e-03    8.551197739507e-03
31320    6.755207025971e+02    9.952265936918e-03    8.544223005629e-03
31330    6.756019538686e+02    9.948072958497e-03    8.539676513465e-03
31340    6.757631762796e+02    9.950252704625e-03    8.539980656678e-03
31350    6.759403796775e+02    9.964060156055e-03    8.552272314773e-03
31360    6.761337287318e+02    9.993565379210e-03    8.580893941144e-03
31370    6.762957724001e+02    1.000533182550e-02    8.592634249908e-03
31380    6.763665017600e+02    9.995789808204e-03    8.583980384174e-03
31390    6.764327050243e+02    9.985252484862e-03    8.574243510338e-03
31400    6.765493048357e+02    9.971555549749e-03    8.560640770156e-03
31410    6.767297893331e+02    9.955901772882e-03    8.544704921405e-03
31420    6.769261265770e+02    9.949905218173e-03    8.539116916836e-03
31430    6.771191323836e+02    9.957724522398e-03    8.548415220503e-03
31440    6.772844939570e+02    9.977628090583e-03    8.570718795454e-03
31450    6.774527245592e+02    1.000548732347e-02    8.601443652879e-03
31460    6.775761174378e+02    9.992683191467e-03    8.590745549554e-03
31470    6.776984980734e+02    9.974706020277e-03    8.574639889048e-03
31480    6.777591595723e+02    9.963042964400e-03    8.564848011702e-03
31490    6.778353152289e+02    9.951896623955e-03    8.555464874917e-03
31500    6.779202148898e+02    9.943060875410e-03    8.548329232326e-03
31510    6.780708025277e+02    9.936128882718e-03    8.543237199774e-03
31520    6.781490479920e+02    9.933968505544e-03    8.542973520889e-03
31530    6.782693425085e+02    9.937449477440e-03    8.548449761292e-03
31540    6.784383273397e+02    9.952789805478e-03    8.566139023060e-03
31550    6.785537724621e+02    9.973400669430e-03    8.589234382271e-03
31560    6.787102999217e+02    9.992337814769e-03    8.610455588496e-03
31570    6.787901212740e+02    9.981412618512e-03    8.601194479525e-03
31580    6.788790739762e+02    9.968814978943e-03    8.589921297244e-03
31590    6.790571968647e+02    9.948893038942e-03    8.570609203161e-03
31600    6.791339136862e+02    9.936368403091e-03    8.559350299038e-03
31610    6.792223821623e+02    9.929144998038e-03    8.553134752219e-03
31620    6.793120330373e+02    9.925471087402e-03    8.550322605515e-03
31630    6.794558295116e+02    9.928539915087e-03    8.553786236007e-03
31640    6.795552878119e+02    9.935187280402e-03    8.561143247789e-03
31650    6.796445909271e+02    9.947237143190e-03    8.574054129895e-03
31660    6.797468178639e+02    9.963103643313e-03    8.590435555561e-03
31670    6.798426361100e+02    9.987070485219e-03    8.615153948085e-03
31680    6.798803496639e+02    9.999620062838e-03    8.628874624264e-03
31690    6.799240792773e+02    9.997134290307e-03    8.626934073618e-03
31700    6.799622276851e+02    9.992360785636e-03    8.622605932942e-03
31710    6.800177964780e+02    9.983617498839e-03    8.613792826509e-03
31720    6.801301679925e+02    9.967141556192e-03    8.595866850555e-03
31730    6.801619206516e+02    9.957748329838e-03    8.586805734012e-03
31740    6.802375276053e+02    9.948345871175e-03    8.576630782954e-03
31750    6.803507885882e+02    9.937747952198e-03    8.564292846131e-03
31760    6.804119189961e+02    9.931603460608e-03    8.557693860894e-03
31770    6.804666763400e+02    9.927625739214e-03    8.553398256481e-03
31780    6.805352428789e+02    9.925970554560e-03    8.550989845389e-03
31790    6.806507695987e+02    9.929071938625e-03    8.552133833291e-03
31800    6.806647902574e+02    9.929751475860e-03    8.553609907722e-03
31810    6.807008984910e+02    9.931617802286e-03    8.555498483474e-03
31820    6.807707818799e+02    9.937596925597e-03    8.560573175600e-03
31830    6.808584062892e+02    9.948470983291e-03    8.570069617235e-03
31840    6.808930757647e+02    9.956963204295e-03    8.578770151871e-03
31850    6.809212061087e+02    9.963046178926e-03    8.585070386289e-03
31860    6.809719653233e+02    9.972793299629e-03    8.594348526458e-03
31870    6.810789836551e+02    9.993609985854e-03    8.613055105343e-03
31880    6.811724724871e+02    9.995908487174e-03    8.613367205726e-03
31890    6.812042357802e+02    9.992691483585e-03    8.610056191173e-03
31900    6.812769370514e+02    9.983273209485e-03    8.598822410022e-03
31910    6.813335470462e+02    9.973125844995e-03    8.587425547375e-03
31920    6.814554229103e+02    9.959978932356e-03    8.570534878345e-03
31930    6.815987670878e+02    9.946812331731e-03    8.553010236028e-03
31940    6.816561777096e+02    9.940145368359e-03    8.545411027626e-03
31950    6.817724659575e+02    9.937742234825e-03    8.539969601770e-03
31960    6.818691528262e+02    9.939589657036e-03    8.539803130589e-03
31970    6.819314565556e+02    9.942500943692e-03    8.541929833882e-03
31980    6.820446026382e+02    9.953083539599e-03    8.550257334718e-03
31990    6.821351221685e+02    9.967220859953e-03    8.563150521695e-03
32000    6.822731336207e+02    9.991240940909e-03    8.584718013481e-03
32010    6.824144717543e+02    1.000179572116e-02    8.592829954978e-03
32020    6.825724450031e+02    9.982402777924e-03    8.570137469178e-03
32030    6.827507292404e+02    9.962247959672e-03    8.546530328204e-03
32040    6.829086298967e+02    9.949806864428e-03    8.531842820048e-03
32050    6.830605843722e+02    9.946501323760e-03    8.527021473128e-03
32060    6.832331848895e+02    9.954787785311e-03    8.534152257198e-03
32070    6.833580115070e+02    9.970598689837e-03    8.550293866392e-03
32080    6.834909117852e+02    9.995271934949e-03    8.575574693168e-03
32090    6.836385072569e+02    1.000485151023e-02    8.585477139604e-03
32100    6.837833851483e+02    9.982352106057e-03    8.563100964238e-03
32110    6.839084660148e+02    9.965633098315e-03    8.546874290005e-03
32120    6.841073402040e+02    9.948634896555e-03    8.530404531484e-03
32130    6.843008080282e+02    9.943214350258e-03    8.526460866051e-03
32140    6.844958532650e+02    9.952503136442e-03    8.538087914530e-03
32150    6.846958532650e+02    9.979265584766e-03    8.568114036279e-03
32160    6.848956726604e+02    9.989196888377e-03    8.581438373767e-03
32170    6.850956726604e+02    9.962357151044e-03    8.557456800190e-03
32180    6.852956726604e+02    9.940531319381e-03    8.538881756067e-03
32190    6.854956726604e+02    9.931248807905e-03    8.533371073099e-03
32200    6.856956726604e+02    9.937705189361e-03    8.544058501684e-03
32210    6.858956726604e+02    9.961745863795e-03    8.572654941418e-03
32220    6.860598999078e+02    9.982858604575e-03    8.597757041571e-03
32230    6.861953080179e+02    9.964981995375e-03    8.582412618125e-03
32240    6.863768883974e+02    9.942026086277e-03    8.561654179175e-03
32250    6.865094404154e+02    9.925823826164e-03    8.547308312700e-03
32260    6.866986033056e+02    9.918325276002e-03    8.541488681658e-03
32270    6.868986033056e+02    9.925003774450e-03    8.549646956453e-03
32280    6.869802362042e+02    9.934802882473e-03    8.561181198274e-03
32290    6.870566818877e+02    9.946136632702e-03    8.574007208153e-03
32300    6.872239105434e+02    9.975415741661e-03    8.604100510638e-03
32310    6.873887306444e+02    9.965790326060e-03    8.594047943916e-03
32320    6.875867402352e+02    9.940522774279e-03    8.566880957005e-03
32330    6.877678072983e+02    9.923909124894e-03    8.548299953873e-03
32340    6.879585309215e+02    9.919362976220e-03    8.541407335542e-03
32350    6.880310765577e+02    9.920761036259e-03    8.543088022634e-03
32360    6.880546050908e+02    9.920691526911e-03    8.544227167476e-03
32370    6.881148756787e+02    9.924346088757e-03    8.548114259611e-03
32380    6.882422525653e+02    9.938504869566e-03    8.560861301703e-03
32390    6.883919981033e+02    9.965852145952e-03    8.586262537392e-03
32400    6.885378706379e+02    9.976114089811e-03    8.594215386438e-03
32410    6.886504072176e+02    9.963419987792e-03    8.579491921409e-03
32420    6.888352323623e+02    9.942369102335e-03    8.553874117752e-03
32430    6.890124711080e+02    9.928288098048e-03    8.535671847312e-03
32440    6.891788872038e+02    9.925055162502e-03    8.529068158168e-03
32450    6.893321306723e+02    9.932264421370e-03    8.533764909771e-03
32460    6.894038788989e+02    9.941699523412e-03    8.543302960788e-03
32470    6.894494052044e+02    9.947801433011e-03    8.550044002732e-03
32480    6.894969000920e+02    9.956660956149e-03    8.559420369238e-03
32490    6.895453903032e+02    9.965446116219e-03    8.568570882744e-03
32500    6.896252918945e+02    9.982093381014e-03    8.584779563535e-03
32510    6.897716078854e+02    9.987716126558e-03    8.587869061557e-03
32520    6.898583194127e+02    9.973200428761e-03    8.572108252338e-03
32530    6.898941119386e+02    9.963881460647e-03    8.563066025090e-03
32540    6.899552632773e+02    9.954027279006e-03    8.552746051464e-03
32550    6.900606265173e+02    9.941735393967e-03    8.538773821783e-03
32560    6.901177477493e+02    9.933262407129e-03    8.529983666449e-03
32570    6.902531272957e+02    9.925868188699e-03    8.520417175532e-03
32580    6.904193773828e+02    9.924797500093e-03    8.516927307028e-03
32590    6.904839895377e+02    9.926783992528e-03    8.519176128175e-03
32600    6.905894884887e+02    9.933799259781e-03    8.525750338777e-03
32610    6.907344393247e+02    9.953019994933e-03    8.544250986233e-03
32620    6.908988687084e+02    9.984563223823e-03    8.575320828641e-03
32630    6.910517994919e+02    9.975347623482e-03    8.565341962822e-03
32640    6.911144779321e+02    9.963339664485e-03    8.553972403206e-03
32650    6.912294140280e+02    9.948342233624e-03    8.538814463463e-03
32660    6.913447497192e+02    9.934108628542e-03    8.524574987860e-03
32670    6.914264766739e+02    9.924601256985e-03    8.515665790583e-03
32680    6.915184184612e+02    9.919176960752e-03    8.510835331435e-03
32690    6.915755624752e+02    9.916433563127e-03    8.509097517162e-03
32700    6.916559781726e+02    9.916858029966e-03    8.510384758665e-03
32710    6.917260163757e+02    9.919298698927e-03    8.513795083672e-03
32720    6.918432545638e+02    9.929524849785e-03    8.524942999429e-03
32730    6.919246611212e+02    9.940458732042e-03    8.537117082597e-03
32740    6.920990632064e+02    9.969071084767e-03    8.567009737817e-03
32750    6.922823647100e+02    9.964377973167e-03    8.563356073864e-03
32760    6.924263392475e+02    9.943740091990e-03    8.543784292669e-03
32770    6.926172774741e+02    9.922616071213e-03    8.523882039299e-03
32780    6.926903464069e+02    9.912505737998e-03    8.515632304807e-03
32790    6.927683148149e+02    9.907511024782e-03    8.512371269717e-03
32800    6.928870294236e+02    9.906923363565e-03    8.513515990671e-03
32810    6.930299122521e+02    9.914985708653e-03    8.523589543074e-03
32820    6.932207810328e+02    9.937563047334e-03    8.548477801014e-03
32830    6.933540192225e+02    9.967826365432e-03    8.581349242377e-03
32840    6.934697336223e+02    9.959709557801e-03    8.574849121942e-03
32850    6.936132124044e+02    9.938284085235e-03    8.554456754609e-03
32860    6.937561537611e+02    9.918703947319e-03    8.535846933228e-03
32870    6.939296636243e+02    9.904989032676e-03    8.522896455361e-03
32880    6.940740962133e+02    9.900627430213e-03    8.519688721208e-03
32890    6.942148070304e+02    9.904706887553e-03    8.524794373443e-03
32900    6.942638918668e+02    9.910120988965e-03    8.532047947483e-03
32910    6.943425992632e+02    9.918299141704e-03    8.541418612367e-03
32920    6.944656585473e+02    9.938679098922e-03    8.562629048356e-03
32930    6.945027986338e+02    9.950532978921e-03    8.576069906667e-03
32940    6.945991304533e+02    9.966500526641e-03    8.592627315920e-03
32950    6.947775426808e+02    9.944650797585e-03    8.568886823923e-03
32960    6.949705758359e+02    9.920043743012e-03    8.541674852495e-03
32970    6.951505196567e+02    9.904448381076e-03    8.523861557478e-03
32980    6.953114617290e+02    9.900599597284e-03    8.518412359990e-03
32990    6.954903865522e+02    9.909944189915e-03    8.525977757927e-03
33000    6.956758756680e+02    9.934751078679e-03    8.549227882213e-03
33010    6.958558248648e+02    9.962280911225e-03    8.575504895816e-03
33020    6.960558248648e+02    9.939527988936e-03    8.549934112125e-03
33030    6.962558248648e+02    9.917149595237e-03    8.524885392944e-03
33040    6.964400534448e+02    9.905920812228e-03    8.511841361724e-03
33050    6.966369683760e+02    9.908983818518e-03    8.513301717358e-03
33060    6.968356005976e+02    9.928760744234e-03    8.532167913472e-03
33070    6.970356005976e+02    9.965154097785e-03    8.568367937187e-03
33080    6.972330121206e+02    9.948875060684e-03    8.551044395062e-03
33090    6.974330121206e+02    9.924445963303e-03    8.525515109795e-03
33100    6.976330121206e+02    9.909774507652e-03    8.510150546499e-03
33110    6.978297182565e+02    9.909453687173e-03    8.509736022461e-03
33120    6.980297182565e+02    9.925968007229e-03    8.526663993507e-03
33130    6.982205258130e+02    9.959555147760e-03    8.561271088183e-03
33140    6.983536897367e+02    9.961953303358e-03    8.564804579692e-03
33150    6.983915949889e+02    9.955890097127e-03    8.560371216845e-03
33160    6.984899114508e+02    9.942857574476e-03    8.547549047762e-03
33170    6.986756231670e+02    9.922059347837e-03    8.525656901838e-03
33180    6.988537374053e+02    9.909072464866e-03    8.512021441675e-03
33190    6.990508988126e+02    9.909150097026e-03    8.511500653185e-03
33200    6.992495369415e+02    9.925634599962e-03    8.527811949534e-03
33210    6.994475403092e+02    9.960282371181e-03    8.562738771616e-03
33220    6.996327451438e+02    9.956200620505e-03    8.558402590097e-03
33230    6.997448024543e+02    9.938905719239e-03    8.541415307263e-03
33240    6.998408430812e+02    9.925445759346e-03    8.528227004717e-03
33250    6.999614364282e+02    9.912426467911e-03    8.515107915628e-03
33260    7.000305194292e+02    9.905973077568e-03    8.509147354744e-03
33270    7.001747758550e+02    9.903410086086e-03    8.506016061801e-03
33280    7.003633829845e+02    9.912193544707e-03    8.514056740751e-03
33290    7.004978341039e+02    9.929851822650e-03    8.532135940186e-03
33300    7.006724728949e+02    9.960463919710e-03    8.562717095629e-03
33310    7.008724728949e+02    9.955284370427e-03    8.556541671169e-03
33320    7.009740805973e+02    9.938427950647e-03    8.539758746338e-03
33330    7.011592765890e+02    9.919965782206e-03    8.519832639649e-03
33340    7.012706493751e+02    9.909304214887e-03    8.509049381246e-03
33350    7.014018910050e+02    9.905956941119e-03    8.505226911439e-03
33360    7.015401753098e+02    9.910980213987e-03    8.509966226484e-03
33370    7.017218768505e+02    9.928861395168e-03    8.527124984539e-03
33380    7.018897585592e+02    9.961128511044e-03    8.559358785533e-03
33390    7.020885500946e+02    9.958078047709e-03    8.555162685298e-03
33400    7.022885500946e+02    9.932481131714e-03    8.528006543202e-03
33410    7.024288166885e+02    9.916028141539e-03    8.511162580362e-03
33420    7.026042193738e+02    9.909154085928e-03    8.503600751283e-03
33430    7.027550907144e+02    9.912544604882e-03    8.506965239576e-03
33440    7.028658693413e+02    9.922238081772e-03    8.517267398929e-03
33450    7.029649900847e+02    9.936031768858e-03    8.531801528989e-03
33460    7.031302423600e+02    9.966540930765e-03    8.562589956455e-03
33470    7.033223042513e+02    9.958168308463e-03    8.553523645787e-03
33480    7.034623980074e+02    9.936448096083e-03    8.531460574886e-03
33490    7.035861955578e+02    9.920489402362e-03    8.515440348674e-03
33500    7.037444963534e+02    9.910073218452e-03    8.504729488777e-03
33510    7.039269828378e+02    9.909352388089e-03    8.503859760822e-03
33520    7.040768425167e+02    9.918427108286e-03    8.513414230947e-03
33530    7.042145793051e+02    9.939148865432e-03    8.535099304027e-03
33540    7.043392857023e+02    9.963271431439e-03    8.560281924474e-03
33550    7.044833599237e+02    9.966721637952e-03    8.564148197365e-03
33560    7.046816450026e+02    9.939904151284e-03    8.536476414520e-03
33570    7.048461542778e+02    9.919057008210e-03    8.515196697772e-03
33580    7.050031984303e+02    9.908727414831e-03    8.504724640261e-03
33590    7.050818542329e+02    9.905444677385e-03    8.502207097990e-03
33600    7.051610706061e+02    9.906216303498e-03    8.503718706379e-03
33610    7.052359420159e+02    9.910115452790e-03    8.508348852047e-03
33620    7.054099565475e+02    9.928249159395e-03    8.526365147191e-03
33630    7.056001027989e+02    9.966357730862e-03    8.564514028876e-03
33640    7.057301278340e+02    9.959585020553e-03    8.557643383028e-03
33650    7.058773274686e+02    9.939150081456e-03    8.536465132238e-03
33660    7.060515795594e+02    9.918815642439e-03    8.515016222191e-03
33670    7.062209818551e+02    9.907418536970e-03    8.502824891366e-03
33680    7.063536875954e+02    9.905509688941e-03    8.500839250701e-03
33690    7.065327377493e+02    9.917155328405e-03    8.512119256011e-03
33700    7.066413382034e+02    9.934580641985e-03    8.530249419891e-03
33710    7.067112326370e+02    9.948224376281e-03    8.544942211302e-03
33720    7.068789976790e+02    9.969803847564e-03    8.566358706048e-03
33730    7.070018096692e+02    9.954021690691e-03    8.550072364415e-03
33740    7.071507519540e+02    9.931795587759e-03    8.526851664101e-03
33750    7.072019249159e+02    9.920792575464e-03    8.516432913893e-03
33760    7.072845732475e+02    9.911142112513e-03    8.506905077411e-03
33770    7.074396899622e+02    9.903065936526e-03    8.497988245836e-03
33780    7.075656806541e+02    9.901771126881e-03    8.496456781359e-03
33790    7.076609066586e+02    9.905924132042e-03    8.500967440341e-03
33800    7.077140111464e+02    9.910035006644e-03    8.505957649504e-03
33810    7.078337585938e+02    9.922693771841e-03    8.518802977051e-03
33820    7.079782808414e+02    9.949533399340e-03    8.545818573111e-03
33830    7.080540114617e+02    9.972197441787e-03    8.569509968765e-03
33840    7.081409125320e+02    9.965847241775e-03    8.563360082007e-03
33850    7.082288108622e+02    9.950457938949e-03    8.547866785193e-03
33860    7.083380864821e+02    9.933870130540e-03    8.530877353223e-03
33870    7.084359077607e+02    9.918346083330e-03    8.515109812834e-03
33880    7.085236609905e+02    9.907385425032e-03    8.504191528118e-03
33890    7.085944861510e+02    9.899870115847e-03    8.497008626364e-03
33900    7.087027849577e+02    9.895553800888e-03    8.492659574586e-03
33910    7.087833652589e+02    9.894734980546e-03    8.492232103890e-03
33920    7.088464117983e+02    9.896701163055e-03    8.494831904500e-03
33930    7.089108181857e+02    9.901046939166e-03    8.499820284669e-03
33940    7.089750288166e+02    9.906921397834e-03    8.506359098646e-03
33950    7.090907150274e+02    9.921702794453e-03    8.521474032023e-03
33960    7.092419013114e+02    9.952152128986e-03    8.552309709557e-03
33970    7.093576499451e+02    9.958808456735e-03    8.559391440940e-03
33980    7.095525767439e+02    9.932078581799e-03    8.531771655726e-03
33990    7.096798204919e+02    9.912427994591e-03    8.512204883118e-03
34000    7.098141132828e+02    9.898033601589e-03    8.498137311108e-03
34010    7.099268232468e+02    9.891662957240e-03    8.492511731674e-03
34020    7.101225250907e+02    9.895845890609e-03    8.497308755977e-03
34030    7.103164034442e+02    9.916313390265e-03    8.519080118276e-03
34040    7.104386255457e+02    9.942057653721e-03    8.546785010367e-03
34050    7.105964524609e+02    9.951963225035e-03    8.558117427128e-03
34060    7.107753006672e+02    9.924961332391e-03    8.531612041224e-03
34070    7.109348857742e+02    9.904493657744e-03    8.511907323737e-03
34080    7.111258182461e+02    9.890870365789e-03    8.499070683683e-03
34090    7.113258182461e+02    9.891805996942e-03    8.501050810992e-03
34100    7.115236820233e+02    9.910311682685e-03    8.520905532350e-03
34110    7.117231832959e+02    9.948057695091e-03    8.560158717046e-03
34120    7.118055893240e+02    9.949113607485e-03    8.562695114051e-03
34130    7.119322720277e+02    9.932980329485e-03    8.546763310733e-03
34140    7.121322720277e+02    9.907462628096e-03    8.520161878550e-03
34150    7.123322720277e+02    9.891835070324e-03    8.503422443937e-03
34160    7.125322720277e+02    9.891733742363e-03    8.502383780069e-03
34170    7.127322720277e+02    9.909614188339e-03    8.519556829015e-03
34180    7.129244572384e+02    9.945897128889e-03    8.555567650546e-03
34190    7.130333518600e+02    9.953613915253e-03    8.563761448386e-03
34200    7.131486231664e+02    9.935987867630e-03    8.545618818061e-03
34210    7.133265469656e+02    9.914179517800e-03    8.521835325155e-03
34220    7.135181499760e+02    9.897545118937e-03    8.503133264639e-03
34230    7.136960712686e+02    9.894052740488e-03    8.498117830641e-03
34240    7.138820770408e+02    9.905719830640e-03    8.508592021826e-03
34250    7.139941621321e+02    9.924233945547e-03    8.527589146070e-03
34260    7.140874127106e+02    9.942874831533e-03    8.546722972824e-03
34270    7.142434264768e+02    9.960776850577e-03    8.563997457713e-03
34280    7.144272851881e+02    9.935862478867e-03    8.537204682398e-03
34290    7.146094072164e+02    9.912868128625e-03    8.512494290699e-03
34300    7.146985695145e+02    9.901490198213e-03    8.501131078447e-03
34310    7.148859139211e+02    9.897138328250e-03    8.495319772010e-03
34320    7.150859139211e+02    9.907550913615e-03    8.504644963068e-03
34330    7.152451763772e+02    9.929256302476e-03    8.526274347787e-03
34340    7.154451763772e+02    9.962593883978e-03    8.559361936932e-03
34350    7.156192091509e+02    9.943478887032e-03    8.539389505131e-03
34360    7.158192091509e+02    9.918915217242e-03    8.513475577274e-03
34370    7.160192091509e+02    9.904680741427e-03    8.498272577526e-03
34380    7.161974215021e+02    9.904519134905e-03    8.497835568051e-03
34390    7.163974215021e+02    9.921878168522e-03    8.515221094967e-03
34400    7.165565504898e+02    9.950607095351e-03    8.544829574021e-03
34410    7.167565504898e+02    9.958973368480e-03    8.553383693652e-03
34420    7.169247756166e+02    9.934456494483e-03    8.528643395039e-03
34430    7.170896004319e+02    9.915324696167e-03    8.509250701536e-03
34440    7.172896004319e+02    9.904826929402e-03    8.498392176989e-03
34450    7.174132594311e+02    9.905003446637e-03    8.499286827828e-03
34460    7.175973224103e+02    9.919434799175e-03    8.514088984157e-03
34470    7.177745684875e+02    9.949487224934e-03    8.545063571546e-03
34480    7.179745684875e+02    9.960261240781e-03    8.556162325476e-03
34490    7.180644064885e+02    9.943241219178e-03    8.539867130821e-03
34500    7.181262436724e+02    9.933311834605e-03    8.530567121852e-03
34510    7.182046610691e+02    9.921912667896e-03    8.519410473127e-03
34520    7.183669609608e+02    9.908907828673e-03    8.505571640853e-03
34530    7.185415702895e+02    9.902914405455e-03    8.498783480718e-03
34540    7.186142401830e+02    9.902733843242e-03    8.499146284521e-03
34550    7.186752992295e+02    9.905767468817e-03    8.502785913151e-03
34560    7.187847062959e+02    9.914976315342e-03    8.511916325006e-03
34570    7.189765995375e+02    9.943865213659e-03    8.539938726244e-03
34580    7.191288235912e+02    9.969115161033e-03    8.565115371312e-03
34590    7.192295026961e+02    9.956903584078e-03    8.552731555028e-03
34600    7.193332661028e+02    9.940213266258e-03    8.535545011910e-03
34610    7.194461077756e+02    9.924619679165e-03    8.519250042809e-03
34620    7.195354800628e+02    9.913702565301e-03    8.508043990332e-03
34630    7.196210592275e+02    9.905930412513e-03    8.500085279593e-03
34640    7.197468992887e+02    9.902713023832e-03    8.496079210090e-03
34650    7.198737251571e+02    9.906648063086e-03    8.499526342348e-03
34660    7.199231145973e+02    9.909953383898e-03    8.503502144777e-03
34670    7.200210552674e+02    9.920138972803e-03    8.513656688592e-03
34680    7.201170834925e+02    9.935656392490e-03    8.529328574696e-03
34690    7.202296571228e+02    9.958244664819e-03    8.551973818612e-03
34700    7.203977066836e+02    9.970214128647e-03    8.563036582927e-03
34710    7.204936566662e+02    9.954061091353e-03    8.546602965907e-03
34720    7.205743136501e+02    9.940574524407e-03    8.532988351362e-03
34730    7.206308466764e+02    9.929557133786e-03    8.522211248419e-03
34740    7.207478678610e+02    9.917797170849e-03    8.509735175721e-03
34750    7.208870313390e+02    9.908303508800e-03    8.499381606271e-03
34760    7.209839309945e+02    9.905173095806e-03    8.496306477355e-03
34770    7.210261000738e+02    9.904266643219e-03    8.496205502524e-03
34780    7.210641727231e+02    9.904681103828e-03    8.497409447045e-03
34790    7.211602539420e+02    9.910189833835e-03    8.503053614731e-03
34800    7.212593264072e+02    9.922381171679e-03    8.515559043190e-03
34810    7.213201642740e+02    9.932755869279e-03    8.526692096893e-03
34820    7.214543946381e+02    9.956593043224e-03    8.550596735404e-03
34830    7.215507734430e+02    9.978411475903e-03    8.573051006351e-03
34840    7.216357601621e+02    9.970152282738e-03    8.564846682930e-03
34850    7.217911014534e+02    9.945989597205e-03    8.539257162738e-03
34860    7.219403392709e+02    9.925208663189e-03    8.517193863554e-03
34870    7.220819255186e+02    9.911676770431e-03    8.502725718245e-03
34880    7.221485880987e+02    9.905594142523e-03    8.497093134793e-03
34890    7.222983638994e+02    9.906374877720e-03    8.497154503857e-03
34900    7.224176667607e+02    9.914483841045e-03    8.505274509844e-03
34910    7.225906546414e+02    9.937349539809e-03    8.527732207767e-03
34920    7.226990173549e+02    9.963491043282e-03    8.554635665860e-03
34930    7.227941568937e+02    9.977604205631e-03    8.569452396841e-03
34940    7.228953778063e+02    9.962593920489e-03    8.554365462260e-03
34950    7.229865904340e+02    9.947388261340e-03    8.539103168005e-03
34960    7.230691114452e+02    9.931876581458e-03    8.523553095074e-03
34970    7.231881180111e+02    9.918327545861e-03    8.509452845828e-03
34980    7.232458830278e+02    9.909345001401e-03    8.500835720952e-03
34990    7.233855992864e+02    9.903365648574e-03    8.494132034684e-03
35000    7.234886764001e+02    9.903039474826e-03    8.493802968587e-03
35010    7.235881219125e+02    9.906990614976e-03    8.497909506332e-03
35020    7.237528608475e+02    9.924715917506e-03    8.515295279722e-03
35030    7.238871884052e+02    9.951312449538e-03    8.542351578399e-03
35040    7.239999965336e+02    9.974315659572e-03    8.566153535867e-03
35050    7.241354194646e+02    9.959524941988e-03    8.551170850296e-03
35060    7.242250425867e+02    9.939810952856e-03    8.531660690096e-03
35070    7.242925861283e+02    9.928201778236e-03    8.520626039171e-03
35080    7.244064577264e+02    9.914215509383e-03    8.506739917721e-03
35090    7.245466186360e+02    9.903767788857e-03    8.496387426021e-03
35100    7.246277510616e+02    9.898859803175e-03    8.492193551319e-03
35110    7.247440914739e+02    9.899940173915e-03    8.493989108501e-03
35120    7.248735420862e+02    9.907753908184e-03    8.502701272846e-03
35130    7.250517842002e+02    9.932226828812e-03    8.528381747055e-03
35140    7.251341887283e+02    9.954011122512e-03    8.551796327083e-03
35150    7.252289730992e+02    9.971829152557e-03    8.571093631872e-03
35160    7.254200322320e+02    9.946220712215e-03    8.545628467800e-03
35170    7.255801122569e+02    9.920210490492e-03    8.519874534613e-03
35180    7.257725723118e+02    9.903141618361e-03    8.503212695359e-03
35190    7.259714803942e+02    9.899737461840e-03    8.500566897965e-03
35200    7.261714803942e+02    9.914104887359e-03    8.516092086211e-03
35210    7.263714803942e+02    9.947915870518e-03    8.551415602597e-03
35220    7.264745915741e+02    9.965570452232e-03    8.570712869187e-03
35230    7.265798793375e+02    9.951343607455e-03    8.557153144466e-03
35240    7.267613556578e+02    9.925998486463e-03    8.531395954378e-03
35250    7.269613556578e+02    9.905372913854e-03    8.509986483659e-03
35260    7.271613556578e+02    9.899453506433e-03    8.503402827955e-03
35270    7.273613556578e+02    9.911248958285e-03    8.514830425156e-03
35280    7.275613556578e+02    9.942323195989e-03    8.545857504942e-03
35290    7.277314020787e+02    9.962319046629e-03    8.565874774831e-03
35300    7.279297664208e+02    9.935998318065e-03    8.537933072148e-03
35310    7.280871601972e+02    9.914053215368e-03    8.515022462234e-03
35320    7.282725033123e+02    9.902486276405e-03    8.502198791575e-03
35330    7.284204962142e+02    9.901700906480e-03    8.500953890689e-03
35340    7.286204962142e+02    9.917638760472e-03    8.515946710759e-03
35350    7.288204962142e+02    9.952683861011e-03    8.550384044611e-03
35360    7.290024560299e+02    9.960556305442e-03    8.557275470594e-03
35370    7.291934661710e+02    9.933839327612e-03    8.528555268640e-03
35380    7.292626799491e+02    9.919047452975e-03    8.514157118952e-03
35390    7.293466711392e+02    9.909013079687e-03    8.504099419952e-03
35400    7.294850495427e+02    9.902072444855e-03    8.496183784700e-03
35410    7.296259021130e+02    9.901887871151e-03    8.495102693814e-03
35420    7.297403143735e+02    9.909517836598e-03    8.502610690812e-03
35430    7.298662408898e+02    9.922969385441e-03    8.515701211763e-03
35440    7.299973629789e+02    9.949384552853e-03    8.542064640096e-03
35450    7.301282080988e+02    9.973875448623e-03    8.566302787585e-03
35460    7.302962933876e+02    9.952444352340e-03    8.543152428501e-03
35470    7.304293069253e+02    9.933041165365e-03    8.522595981049e-03
35480    7.305541379126e+02    9.915988843141e-03    8.504722502948e-03
35490    7.307038745008e+02    9.906714463660e-03    8.494337765114e-03
35500    7.308842773028e+02    9.907223658994e-03    8.493702505803e-03
35510    7.309854024395e+02    9.914275988173e-03    8.501289057676e-03
35520    7.311621344930e+02    9.935752070193e-03    8.522473061021e-03
35530    7.313451855288e+02    9.971704807966e-03    8.558760453525e-03
35540    7.315019754770e+02    9.955395822974e-03    8.542280225811e-03
35550    7.316941165781e+02    9.929409445650e-03    8.515482328221e-03
35560    7.318626229956e+02    9.911803440156e-03    8.497807315507e-03
35570    7.320470300304e+02    9.906075237145e-03    8.492330312947e-03
35580    7.321876156421e+02    9.912125833181e-03    8.499491575094e-03
35590    7.323036896998e+02    9.923213918180e-03    8.511733040905e-03
35600    7.324181785534e+02    9.943130535134e-03    8.533031513252e-03
35610    7.325523832031e+02    9.975068601698e-03    8.566373206122e-03
35620    7.326214322864e+02    9.972853212767e-03    8.565333408114e-03
35630    7.327874992402e+02    9.948357945662e-03    8.540228730453e-03
35640    7.329813143038e+02    9.921585180216e-03    8.512521302691e-03
35650    7.331716149500e+02    9.907399783685e-03    8.497615913257e-03
35660    7.333387492619e+02    9.907051802535e-03    8.497264052494e-03
35670    7.335022648139e+02    9.918655533040e-03    8.508912766956e-03
35680    7.336927293676e+02    9.949176681202e-03    8.539453357116e-03
35690    7.338500941607e+02    9.968722402102e-03    8.559401543607e-03
35700    7.339943166743e+02    9.945741649156e-03    8.535980849956e-03
35710    7.340842311993e+02    9.930979721381e-03    8.521447866769e-03
35720    7.342486650262e+02    9.913703840416e-03    8.502801854775e-03
35730    7.344197012451e+02    9.904649760618e-03    8.492442455463e-03
35740    7.345960412172e+02    9.907773247767e-03    8.494610871821e-03
35750    7.346470750448e+02    9.911954273025e-03    8.500341357831e-03
35760    7.347285112110e+02    9.919966165311e-03    8.508965936016e-03
35770    7.348453720837e+02    9.938322966724e-03    8.527488923392e-03
35780    7.349290516752e+02    9.957076306113e-03    8.547042508326e-03
35790    7.350908999086e+02    9.967087943332e-03    8.556171899727e-03
35800    7.351317705936e+02    9.959560098431e-03    8.549755635613e-03
35810    7.352193388671e+02    9.946116104532e-03    8.536009996533e-03
35820    7.353828763142e+02    9.925170249334e-03    8.513036937075e-03
35830    7.355243241235e+02    9.911082829210e-03    8.497616050590e-03
35840    7.357106721596e+02    9.905646308973e-03    8.490254704157e-03
35850    7.357701576083e+02    9.905055139598e-03    8.490725354932e-03
35860    7.359208682448e+02    9.914918720312e-03    8.499729630785e-03
35870    7.360107860921e+02    9.928740917357e-03    8.514273988112e-03
35880    7.361440381327e+02    9.953785364031e-03    8.539349723833e-03
35890    7.363202686773e+02    9.967249358435e-03    8.551927056942e-03
35900    7.365202686773e+02    9.939083461419e-03    8.521811061655e-03
35910    7.366605722062e+02    9.918060560094e-03    8.500318404913e-03
35920    7.367627715140e+02    9.908028093136e-03    8.490451898979e-03
35930    7.369512482263e+02    9.904691022020e-03    8.485977663440e-03
35940    7.371204212976e+02    9.913673416707e-03    8.494691876876e-03
35950    7.373201172284e+02    9.940808904140e-03    8.521663392457e-03
35960    7.375103957639e+02    9.969563914533e-03    8.550770962756e-03
35970    7.376006943356e+02    9.958424688736e-03    8.540633504708e-03
35980    7.377799438409e+02    9.934366971973e-03    8.515667312167e-03
35990    7.379095325383e+02    9.915807874859e-03    8.497188716319e-03
36000    7.379897498565e+02    9.906850624136e-03    8.488994597428e-03
36010    7.380845403634e+02    9.902142087983e-03    8.484759468047e-03
36020    7.381791596764e+02    9.901719698635e-03    8.484916160342e-03
36030    7.382287032684e+02    9.902812871518e-03    8.487090680319e-03
36040    7.383062360117e+02    9.907146350239e-03    8.492057366311e-03
36050    7.384273240291e+02    9.920578126896e-03    8.505807229085e-03
36060    7.386120348685e+02    9.951754677859e-03    8.536991213077e-03
36070    7.387446675516e+02    9.966676302363e-03    8.552586217775e-03
36080    7.388815653868e+02    9.949438351159e-03    8.535031449355e-03
36090    7.390612616199e+02    9.924522135576e-03    8.509015071468e-03
36100    7.392484266801e+02    9.908697469520e-03    8.492295495671e-03
36110    7.394084427484e+02    9.905014487480e-03    8.488508246955e-03
36120    7.395970443573e+02    9.915812583340e-03    8.499226888489e-03
36130    7.397685924085e+02    9.940684880171e-03    8.524677517016e-03
36140    7.399603892529e+02    9.968906718787e-03    8.553480915907e-03
36150    7.400939451768e+02    9.949960922822e-03    8.534778291505e-03
36160    7.402307583320e+02    9.929709081477e-03    8.514529875356e-03
36170    7.403175558989e+02    9.917359582445e-03    8.502688019689e-03
36180    7.404438206468e+02    9.906466074761e-03    8.491813321598e-03
36190    7.405435054652e+02    9.901785328659e-03    8.487438639349e-03
36200    7.407203315749e+02    9.905827501569e-03    8.491139688886e-03
36210    7.408847177126e+02    9.923037402424e-03    8.508600609275e-03
36220    7.410650339347e+02    9.954004848322e-03    8.540021249246e-03
36230    7.411907133158e+02    9.968636107304e-03    8.555573557715e-03
36240    7.412986759171e+02    9.955187153733e-03    8.542401563318e-03
36250    7.414775946240e+02    9.930228804538e-03    8.516585358848e-03
36260    7.416141715078e+02    9.912922584160e-03    8.499106445015e-03
36270    7.417574997341e+02    9.904882228234e-03    8.490979690578e-03
36280    7.419574997341e+02    9.908558302285e-03    8.494258157953e-03
36290    7.421574997341e+02    9.929677413020e-03    8.515458686816e-03
36300    7.423506592063e+02    9.968361374303e-03    8.554713190279e-03
36310    7.425384805768e+02    9.952221382025e-03    8.537958357010e-03
36320    7.426794456448e+02    9.930598962042e-03    8.515964605976e-03
36330    7.428710530294e+02    9.912692318747e-03    8.497084301780e-03
36340    7.430710530294e+02    9.906516990841e-03    8.490073473695e-03
36350    7.432305883032e+02    9.913170308253e-03    8.496676615323e-03
36360    7.434305883032e+02    9.938701778346e-03    8.522056758011e-03
36370    7.436262677857e+02    9.970200275351e-03    8.553562785892e-03
36380    7.438262677857e+02    9.945686597800e-03    8.527622791007e-03
36390    7.440193706623e+02    9.921621743716e-03    8.502142609359e-03
36400    7.441716278200e+02    9.909661785786e-03    8.489575453495e-03
36410    7.443711870573e+02    9.910017690278e-03    8.488920661875e-03
36420    7.445529872519e+02    9.925456335047e-03    8.503997679327e-03
36430    7.447401847950e+02    9.958469686245e-03    8.536977293261e-03
36440    7.449266927074e+02    9.964875879944e-03    8.542752788344e-03
36450    7.451157727787e+02    9.938841533365e-03    8.515150736457e-03
36460    7.452269812763e+02    9.921299941119e-03    8.497388334945e-03
36470    7.453108223578e+02    9.912303446718e-03    8.488603464684e-03
36480    7.454821125997e+02    9.907313530783e-03    8.482579706651e-03
36490    7.455624243498e+02    9.907617771022e-03    8.483245402203e-03
36500    7.457214950440e+02    9.918126295043e-03    8.493129147610e-03
36510    7.457464253684e+02    9.924531645206e-03    8.500789829668e-03
36520    7.458084844972e+02    9.933303036248e-03    8.510157108503e-03
36530    7.459283364722e+02    9.953642484214e-03    8.530445348697e-03
36540    7.461257134445e+02    9.969509769158e-03    8.544957750928e-03
36550    7.461970810419e+02    9.956131123310e-03    8.531596744433e-03
36560    7.462907878149e+02    9.942949078260e-03    8.518027439095e-03
36570    7.463633186580e+02    9.930736591287e-03    8.505761272318e-03
36580    7.465090224286e+02    9.916399291999e-03    8.490354317473e-03
36590    7.466312651413e+02    9.908499444764e-03    8.481982061312e-03
36600    7.467104811857e+02    9.905591399707e-03    8.479391012770e-03
36610    7.467677196346e+02    9.905292651078e-03    8.479690412969e-03
36620    7.468558518919e+02    9.909491232117e-03    8.484257858981e-03
36630    7.469197227339e+02    9.914919201219e-03    8.490338500451e-03
36640    7.470677240370e+02    9.932799589752e-03    8.508330161931e-03
36650    7.471661635238e+02    9.957398988379e-03    8.533823574908e-03
36660    7.472265968040e+02    9.974801464184e-03    8.552231123758e-03
36670    7.472781369818e+02    9.983503327239e-03    8.561813210690e-03
36680    7.474096139694e+02    9.964971858396e-03    8.542854101506e-03
36690    7.476079777853e+02    9.935125627100e-03    8.511789034856e-03
36700    7.476878911328e+02    9.918958009498e-03    8.495965692418e-03
36710    7.477399197571e+02    9.910346717866e-03    8.488036199196e-03
36720    7.478005598442e+02    9.904046466981e-03    8.482400384310e-03
36730    7.478650902505e+02    9.899919030301e-03    8.478953927806e-03
36740    7.479482419906e+02    9.898387538511e-03    8.478092242513e-03
36750    7.481162852442e+02    9.905241568900e-03    8.485518094858e-03
36760    7.482348883985e+02    9.919453532668e-03    8.500868809278e-03
36770    7.483617688946e+02    9.941896098353e-03    8.524674665750e-03
36780    7.484282934580e+02    9.962183142326e-03    8.546545555873e-03
36790    7.485005211229e+02    9.975194943454e-03    8.560865895561e-03
36800    7.486622906562e+02    9.952787042885e-03    8.538733540263e-03
36810    7.487680077323e+02    9.931677334362e-03    8.518130525772e-03
36820    7.488754740177e+02    9.914787858034e-03    8.501843993145e-03
36830    7.490184582363e+02    9.901827533940e-03    8.489487949191e-03
36840    7.491051541831e+02    9.894919027852e-03    8.483563497066e-03
36850    7.492087676921e+02    9.893348337760e-03    8.482918754453e-03
36860    7.493305328933e+02    9.899173726206e-03    8.489771201312e-03
36870    7.494169580336e+02    9.907337126006e-03    8.499084866344e-03
36880    7.495738336126e+02    9.929998017439e-03    8.522728753633e-03
36890    7.497581239632e+02    9.956639433977e-03    8.550177502002e-03
36900    7.499386210224e+02    9.932301792344e-03    8.525566260687e-03
36910    7.500710854136e+02    9.913364615008e-03    8.506672732437e-03
36920    7.502062871006e+02    9.898020721718e-03    8.491320617395e-03
36930    7.503790748315e+02    9.891361973735e-03    8.484235325341e-03
36940    7.505678731428e+02    9.898118315039e-03    8.490512994285e-03
36950    7.507184240425e+02    9.916047127780e-03    8.508553601132e-03
36960    7.509035447285e+02    9.951303565038e-03    8.543402447685e-03
36970    7.511035447285e+02    9.943274005549e-03    8.533538110896e-03
36980    7.512907372444e+02    9.918345697535e-03    8.506320667038e-03
36990    7.514907372444e+02    9.901529423254e-03    8.486863500366e-03
37000    7.516907372444e+02    9.899446167431e-03    8.482300579089e-03
37010    7.518402997984e+02    9.909443972362e-03    8.491171422065e-03
37020    7.519844960399e+02    9.931970419843e-03    8.512849938597e-03
37030    7.520978223629e+02    9.956149455875e-03    8.536698340322e-03
37040    7.522735106696e+02    9.960925940467e-03    8.539166356059e-03
37050    7.524650139501e+02    9.934090658030e-03    8.509005326232e-03
37060    7.525571571850e+02    9.917801800227e-03    8.492105628648e-03
37070    7.526197656073e+02    9.909457731283e-03    8.483718092975e-03
37080    7.527745752002e+02    9.903225133918e-03    8.475174618070e-03
37090    7.529288238485e+02    9.904949999863e-03    8.474949791889e-03
37100    7.531288238485e+02    9.922707333373e-03    8.490356457514e-03
37110    7.532328065222e+02    9.943411121844e-03    8.511269456903e-03
37120    7.533935255201e+02    9.974514830844e-03    8.541600754143e-03
37130    7.535656862913e+02    9.955314615991e-03    8.520986571057e-03
37140    7.536788010171e+02    9.938426443053e-03    8.503790247232e-03
37150    7.538601786862e+02    9.919168968000e-03    8.483275991239e-03
37160    7.540011005175e+02    9.909833414272e-03    8.473784133457e-03
37170    7.541915039073e+02    9.912199827417e-03    8.475983228891e-03
37180    7.543554602355e+02    9.926834423580e-03    8.491542516822e-03
37190    7.545554602355e+02    9.961211331282e-03    8.527505750862e-03
37200    7.547025324841e+02    9.967552740777e-03    8.535756554011e-03
37210    7.547815465530e+02    9.954403236900e-03    8.524197844963e-03
37220    7.548508004664e+02    9.942445616041e-03    8.513583440617e-03
37230    7.550123946956e+02    9.923281228173e-03    8.495319318172e-03
37240    7.551629068685e+02    9.908858709793e-03    8.482222389830e-03
37250    7.553339354482e+02    9.904394482848e-03    8.479492944389e-03
37260    7.554401585905e+02    9.907230600098e-03    8.484366642733e-03
37270    7.555347639652e+02    9.915864014334e-03    8.495111125740e-03
37280    7.556736998975e+02    9.934829049909e-03    8.516286589838e-03
37290    7.558540298691e+02    9.965500533057e-03    8.549469063837e-03
37300    7.559980412295e+02    9.948237940010e-03    8.533904170690e-03
37310    7.561479879091e+02    9.926485716112e-03    8.513405216945e-03
37320    7.562520782269e+02    9.909694817711e-03    8.498008137394e-03
37330    7.563666972315e+02    9.899335492871e-03    8.488760988257e-03
37340    7.564493395991e+02    9.893411107325e-03    8.484113941449e-03
37350    7.565479448672e+02    9.892003543591e-03    8.483775360219e-03
37360    7.567100758069e+02    9.900508608485e-03    8.493073993122e-03
37370    7.568488397516e+02    9.917719623450e-03    8.511375240232e-03
37380    7.569595152649e+02    9.942137542258e-03    8.537293869267e-03
37390    7.570489086134e+02    9.965156796512e-03    8.561707500121e-03
37400    7.571349007758e+02    9.959563303444e-03    8.556824949665e-03
37410    7.572339071543e+02    9.944154383809e-03    8.541435238840e-03
37420    7.573095058523e+02    9.930248590455e-03    8.527696433703e-03
37430    7.574284888353e+02    9.913319672185e-03    8.510006530742e-03
37440    7.574865178446e+02    9.903497163600e-03    8.500509955411e-03
37450    7.575560754189e+02    9.896388815975e-03    8.493366606672e-03
37460    7.576784061990e+02    9.891654099045e-03    8.487448201777e-03
37470    7.578096032380e+02    9.892771997270e-03    8.487206504469e-03
37480    7.579027133100e+02    9.899005318965e-03    8.493093758261e-03
37490    7.580238539309e+02    9.912338900973e-03    8.505350254381e-03
37500    7.581446189710e+02    9.934024745006e-03    8.526134195563e-03
37510    7.582556258812e+02    9.962410969455e-03    8.553991886401e-03
37520    7.583898197933e+02    9.960516787319e-03    8.550050510166e-03
37530    7.585258187252e+02    9.940225028422e-03    8.527142327694e-03
37540    7.586839358259e+02    9.918763737997e-03    8.502394613060e-03
37550    7.587538776527e+02    9.907911013797e-03    8.491058879372e-03
37560    7.588208647294e+02    9.901640531457e-03    8.484237355333e-03
37570    7.589669185523e+02    9.899811416067e-03    8.479501649163e-03
37580    7.590343180507e+02    9.900601419560e-03    8.479868605718e-03
37590    7.591494923129e+02    9.908905319244e-03    8.486398587593e-03
37600    7.592592509167e+02    9.921958169929e-03    8.497898414134e-03
37610    7.593364005800e+02    9.937628105947e-03    8.513152557498e-03
37620    7.594889846528e+02    9.968459980483e-03    8.541517193407e-03
37630    7.596175474821e+02    9.966233584771e-03    8.537069004888e-03
37640    7.597415115586e+02    9.947680446709e-03    8.516046767909e-03
37650    7.598647603910e+02    9.930892702525e-03    8.496870664203e-03
37660    7.600249695522e+02    9.916722515761e-03    8.479510004690e-03
37670    7.602003436202e+02    9.911984107271e-03    8.471852534058e-03
37680    7.603890271112e+02    9.920764687932e-03    8.478226266561e-03
37690    7.605792925038e+02    9.945970602115e-03    8.502061243234e-03
37700    7.607343297675e+02    9.979391588538e-03    8.535491567272e-03
37710    7.609343297675e+02    9.960964171244e-03    8.515455901943e-03
37720    7.610852718465e+02    9.937362660468e-03    8.491327218508e-03
37730    7.612369012390e+02    9.922543360828e-03    8.476277294903e-03
37740    7.612741158329e+02    9.914802170511e-03    8.469827133922e-03
37750    7.613688784013e+02    9.910676336363e-03    8.466272967780e-03
37760    7.615291711674e+02    9.913421770466e-03    8.469356588648e-03
37770    7.617291711674e+02    9.931888407634e-03    8.488737927109e-03
37780    7.619291711674e+02    9.968776580339e-03    8.527538640919e-03
37790    7.621185818767e+02    9.961593481330e-03    8.521778863724e-03
37800    7.623184506543e+02    9.934657936700e-03    8.496137344991e-03
37810    7.625184506543e+02    9.915615352361e-03    8.479041984174e-03
37820    7.626772661331e+02    9.909731970759e-03    8.475666570121e-03
37830    7.628548659129e+02    9.917113502372e-03    8.486074583743e-03
37840    7.630548659129e+02    9.942591604340e-03    8.515294378412e-03
37850    7.632548659129e+02    9.965732888943e-03    8.542299858163e-03
37860    7.634454098773e+02    9.939281107621e-03    8.518430333424e-03
37870    7.635502441037e+02    9.920905995641e-03    8.502126633175e-03
37880    7.636921298035e+02    9.907216831999e-03    8.490684444041e-03
37890    7.638921298035e+02    9.900226399509e-03    8.486384755997e-03
37900    7.640921298035e+02    9.909147815036e-03    8.498151719323e-03
37910    7.642795011810e+02    9.934739313747e-03    8.526633346264e-03
37920    7.644683614677e+02    9.959872614394e-03    8.554129189179e-03
37930    7.646127032779e+02    9.939679398759e-03    8.534868788956e-03
37940    7.647613375020e+02    9.920285496452e-03    8.515911954419e-03
37950    7.648511286212e+02    9.907013877838e-03    8.503274841132e-03
37960    7.650373332021e+02    9.897520668250e-03    8.493398776409e-03
37970    7.651648126589e+02    9.897393684294e-03    8.493383978930e-03
37980    7.652849994529e+02    9.905008026581e-03    8.501062332471e-03
37990    7.653873187271e+02    9.916840481708e-03    8.513018427948e-03
38000    7.655481409432e+02    9.944032628866e-03    8.539359813767e-03
38010    7.656164031198e+02    9.967214204750e-03    8.563117762606e-03
38020    7.657404232050e+02    9.960935961397e-03    8.555307428651e-03
38030    7.658641852784e+02    9.942339815015e-03    8.534557698113e-03
38040    7.660141106416e+02    9.922913625169e-03    8.511375831404e-03
38050    7.660476896633e+02    9.912612519454e-03    8.501847715706e-03
38060    7.661347849979e+02    9.905314966434e-03    8.493135254867e-03
38070    7.662043696902e+02    9.900351546613e-03    8.487156987030e-03
38080    7.663672800142e+02    9.901270230210e-03    8.484271789712e-03
38090    7.664778637626e+02    9.908680043591e-03    8.489562827890e-03
38100    7.665925432810e+02    9.921414987315e-03    8.500040805302e-03
38110    7.666473901392e+02    9.932789855343e-03    8.511088652085e-03
38120    7.667526032472e+02    9.952570049948e-03    8.528902392754e-03
38130    7.668391236128e+02    9.978466301271e-03    8.553606331589e-03
38140    7.668607483019e+02    9.987474438474e-03    8.563294648411e-03
38150    7.669143980874e+02    9.982491857746e-03    8.557420625948e-03
38160    7.670328569673e+02    9.965101089287e-03    8.536563947018e-03
38170    7.671380222443e+02    9.945971874231e-03    8.514408869814e-03
38180    7.672355701714e+02    9.932026103939e-03    8.497911921950e-03
38190    7.673813066151e+02    9.919455615352e-03    8.481329155984e-03
38200    7.674871974888e+02    9.913669695026e-03    8.473286265144e-03
38210    7.675310901102e+02    9.910950864529e-03    8.470437138385e-03
38220    7.676331387880e+02    9.913327930163e-03    8.471024711071e-03
38230    7.677098943690e+02    9.918651954243e-03    8.475536533297e-03
38240    7.678195780509e+02    9.931561773847e-03    8.487046515256e-03
38250    7.678485724111e+02    9.938225259091e-03    8.494433217493e-03
38260    7.678980991413e+02    9.947368498930e-03    8.503748936164e-03
38270    7.679852053805e+02    9.963189310190e-03    8.519026881004e-03
38280    7.680185813316e+02    9.975814691438e-03    8.532363730410e-03
38290    7.681033037855e+02    9.989480966700e-03    8.545633348149e-03
38300    7.682627748452e+02    9.968306780073e-03    8.521962142368e-03
38310    7.683542950320e+02    9.949208079503e-03    8.502119723744e-03
38320    7.684577923359e+02    9.932482403920e-03    8.484752035656e-03
38330    7.685034713904e+02    9.923441649555e-03    8.476260147290e-03
38340    7.686095088020e+02    9.914523706421e-03    8.467204713270e-03
38350    7.687093003689e+02    9.908774898081e-03    8.461797558994e-03
38360    7.688301722174e+02    9.908089281054e-03    8.461738927508e-03
38370    7.688915050410e+02    9.910523871598e-03    8.465493075164e-03
38380    7.689582780163e+02    9.914521165433e-03    8.470867433061e-03
38390    7.689943127523e+02    9.919337213340e-03    8.477170244078e-03
38400    7.690333493663e+02    9.923640557799e-03    8.482903120239e-03
38410    7.691186826327e+02    9.934626155258e-03    8.495478408804e-03
38420    7.692449040806e+02    9.956499891579e-03    8.519409999280e-03
38430    7.693734445310e+02    9.968164087093e-03    8.533318897207e-03
38440    7.695025761082e+02    9.945561918163e-03    8.512474490090e-03
38450    7.696048653194e+02    9.927364395882e-03    8.496141757860e-03
38460    7.697052207076e+02    9.912536255150e-03    8.482644503601e-03
38470    7.697245802712e+02    9.904347765944e-03    8.476744444124e-03
38480    7.697746610973e+02    9.897768646886e-03    8.471896557239e-03
38490    7.698920431284e+02    9.890297808582e-03    8.466649150250e-03
38500    7.700568887077e+02    9.888349189366e-03    8.467581135847e-03
38510    7.701714275458e+02    9.893608044324e-03    8.475716047542e-03
38520    7.702819388440e+02    9.904095429443e-03    8.489162808473e-03
38530    7.703757369566e+02    9.920311170842e-03    8.508349795193e-03
38540    7.704500037755e+02    9.937450157317e-03    8.528276286597e-03
38550    7.704920237181e+02    9.949804747156e-03    8.542975489945e-03
38560    7.705892541481e+02    9.953239281064e-03    8.548802921723e-03
38570    7.706897323834e+02    9.935570722006e-03    8.533012841326e-03
38580    7.708277310492e+02    9.912091550406e-03    8.511313157214e-03
38590    7.709855105241e+02    9.890685451388e-03    8.491582097122e-03
38600    7.710360267148e+02    9.880406613965e-03    8.483056834848e-03
38610    7.711640491688e+02    9.873282258791e-03    8.477467389639e-03
38620    7.713419637732e+02    9.874784938036e-03    8.480299990879e-03
38630    7.715094723472e+02    9.888795936553e-03    8.495669643708e-03
38640    7.715656477044e+02    9.900657330977e-03    8.509584328749e-03
38650    7.716424595857e+02    9.916609452326e-03    8.527191880603e-03
38660    7.717127166962e+02    9.933420968511e-03    8.545515538572e-03
38670    7.717975969146e+02    9.942088321157e-03    8.555193899156e-03
38680    7.718971984504e+02    9.924416118338e-03    8.537576366507e-03
38690    7.719795134414e+02    9.910239687166e-03    8.523552863153e-03
38700    7.721302608038e+02    9.890088700719e-03    8.501264661390e-03
38710    7.721579080770e+02    9.879569645682e-03    8.492477545587e-03
38720    7.722276772869e+02    9.871721488629e-03    8.484627393955e-03
38730    7.723635587789e+02    9.865160213078e-03    8.476428552967e-03
38740    7.724976819736e+02    9.865093255999e-03    8.474644221678e-03
38750    7.726307643371e+02    9.872838866172e-03    8.480627897370e-03
38760    7.726910273463e+02    9.880576622951e-03    8.488658685565e-03
38770    7.727858703224e+02    9.895162364996e-03    8.502404162755e-03
38780    7.729306429213e+02    9.921855513232e-03    8.526585342224e-03
38790    7.730887403609e+02    9.927921395472e-03    8.529164128049e-03
38800    7.731933557502e+02    9.911376335156e-03    8.510430623573e-03
38810    7.733191852687e+02    9.895551089014e-03    8.491278577822e-03
38820    7.735012306625e+02    9.880502647917e-03    8.470439824123e-03
38830    7.736998199479e+02    9.876921383770e-03    8.460660281344e-03
38840    7.738908256654e+02    9.888599090935e-03    8.467080580886e-03
38850    7.739813191710e+02    9.903514656807e-03    8.481221617330e-03
38860    7.740811437681e+02    9.920580584636e-03    8.496899146849e-03
38870    7.742323658407e+02    9.948532960224e-03    8.521793694854e-03
38880    7.743263119842e+02    9.937935260959e-03    8.509719861650e-03
38890    7.744374392564e+02    9.923349049119e-03    8.492842912347e-03
38900    7.745128710285e+02    9.909156250398e-03    8.477684047648e-03
38910    7.745576816629e+02    9.899540211065e-03    8.468126751723e-03
38920    7.745898515716e+02    9.893498555746e-03    8.462474915177e-03
38930    7.746648335171e+02    9.886806075362e-03    8.454711199192e-03
38940    7.748016534279e+02    9.880939819337e-03    8.446081579677e-03
38950    7.748553647926e+02    9.878078547200e-03    8.443180813629e-03
38960    7.749701842308e+02    9.880269405166e-03    8.443854872894e-03
38970    7.751232056153e+02    9.892149197083e-03    8.453954887045e-03
38980    7.753160873326e+02    9.921205982991e-03    8.481597592436e-03
38990    7.754617454203e+02    9.950169683988e-03    8.511074815942e-03
39000    7.756515334504e+02    9.927432054600e-03    8.487897077430e-03
39010    7.757315319809e+02    9.909728207585e-03    8.471511316202e-03
39020    7.758426060205e+02    9.896159752394e-03    8.459117067105e-03
39030    7.760405672762e+02    9.883070512138e-03    8.447568883639e-03
39040    7.762405672762e+02    9.882845676032e-03    8.450157673906e-03
39050    7.764405672762e+02    9.899586629731e-03    8.470898778796e-03
39060    7.766405672762e+02    9.935103804961e-03    8.511325028849e-03
39070    7.768405672762e+02    9.921579977591e-03    8.501933284606e-03
39080    7.770405672762e+02    9.893375050035e-03    8.477331682116e-03
39090    7.772405672762e+02    9.874976665057e-03    8.462415982649e-03
39100    7.774405672762e+02    9.871829889327e-03    8.462569344374e-03
39110    7.776405672762e+02    9.886492707184e-03    8.480325874189e-03
39120    7.778391712737e+02    9.920198328773e-03    8.516856622919e-03
39130    7.780391712737e+02    9.917881137762e-03    8.515848141542e-03
39140    7.782373155297e+02    9.891360256129e-03    8.489238831316e-03
39150    7.784241583207e+02    9.873332631224e-03    8.470765343191e-03
39160    7.786101570521e+02    9.868812968658e-03    8.465491221614e-03
39170    7.787850054387e+02    9.877928736826e-03    8.473856075398e-03
39180    7.789850054387e+02    9.906096556577e-03    8.500683619786e-03
39190    7.791721300806e+02    9.931541343371e-03    8.524597482392e-03
39200    7.793160726971e+02    9.915688154257e-03    8.506763344485e-03
39210    7.794737123152e+02    9.894186871874e-03    8.482443755383e-03
39220    7.796140253442e+02    9.880686631068e-03    8.466439232507e-03
39230    7.797385328623e+02    9.874368568379e-03    8.458046734631e-03
39240    7.798754489609e+02    9.876088543006e-03    8.457322537652e-03
39250    7.800116919166e+02    9.886248771938e-03    8.465059235277e-03
39260    7.800984580553e+02    9.899076413020e-03    8.477081384626e-03
39270    7.802472329576e+02    9.925686635034e-03    8.500901748448e-03
39280    7.804277279211e+02    9.940934003985e-03    8.512000815244e-03
39290    7.805960541704e+02    9.918820760817e-03    8.485291082252e-03
39300    7.807403702956e+02    9.900385154972e-03    8.463184764878e-03
39310    7.808024921770e+02    9.890287885773e-03    8.452515420686e-03
39320    7.808865764786e+02    9.884626229266e-03    8.445354609648e-03
39330    7.810330020752e+02    9.883492519658e-03    8.440752062597e-03
39340    7.811564877689e+02    9.889777560631e-03    8.444892509033e-03
39350    7.811777540327e+02    9.891442910088e-03    8.447498928945e-03
39360    7.812264342303e+02    9.895745954478e-03    8.451732801404e-03
39370    7.812949825798e+02    9.903817517965e-03    8.459172845505e-03
39380    7.814589080389e+02    9.929058552954e-03    8.481448100611e-03
39390    7.815403631591e+02    9.954504326477e-03    8.506860454872e-03
39400    7.816997477339e+02    9.945505802259e-03    8.494935313138e-03
39410    7.818552503519e+02    9.920023681481e-03    8.467035182548e-03
39420    7.819585277141e+02    9.904934055589e-03    8.451261298433e-03
39430    7.820533002488e+02    9.894150884229e-03    8.440292633168e-03
39440    7.821560212455e+02    9.887106224423e-03    8.433335652626e-03
39450    7.823083247509e+02    9.886301019209e-03    8.432687981440e-03
39460    7.824749616453e+02    9.896212193002e-03    8.443823526250e-03
39470    7.825636986037e+02    9.910116216607e-03    8.459961362860e-03
39480    7.826278974687e+02    9.920898772727e-03    8.472781998535e-03
39490    7.827008298879e+02    9.937614858344e-03    8.491781180965e-03
39500    7.827634201191e+02    9.952636669003e-03    8.508977452948e-03
39510    7.828648509093e+02    9.947382117133e-03    8.505764548318e-03
39520    7.829610189987e+02    9.930102946523e-03    8.490325301864e-03
39530    7.830151984933e+02    9.917101063857e-03    8.478998173814e-03
39540    7.831382742919e+02    9.899384398440e-03    8.463514912364e-03
39550    7.832774045887e+02    9.883380562030e-03    8.450189451651e-03
39560    7.833427263145e+02    9.874018769317e-03    8.443126833299e-03
39570    7.834252736030e+02    9.868675974711e-03    8.440280777904e-03
39580    7.834829708279e+02    9.866147009019e-03    8.439980404546e-03
39590    7.835923756191e+02    9.867995330070e-03    8.444788011730e-03
39600    7.837304926945e+02    9.878305432844e-03    8.458667662126e-03
39610    7.838577797020e+02    9.895565704821e-03    8.479493157211e-03
39620    7.839081188661e+02    9.910973057262e-03    8.497682125380e-03
39630    7.839965630398e+02    9.929616609890e-03    8.519229499143e-03
39640    7.841587978133e+02    9.914898372570e-03    8.507085606652e-03
39650    7.842846506173e+02    9.889827113095e-03    8.483935436743e-03
39660    7.843391629308e+02    9.878074931041e-03    8.473832736854e-03
39670    7.844699346602e+02    9.864243217606e-03    8.461452763186e-03
39680    7.846451656837e+02    9.853985780642e-03    8.452313748421e-03
39690    7.847842498074e+02    9.853881429524e-03    8.453317876956e-03
39700    7.848479598758e+02    9.856167191254e-03    8.457028152407e-03
39710    7.849734602338e+02    9.867882390350e-03    8.469444571347e-03
39720    7.851263334737e+02    9.891391353790e-03    8.493114991325e-03
39730    7.853064664335e+02    9.911675406327e-03    8.512414415236e-03
39740    7.854582118685e+02    9.890592787226e-03    8.489505067701e-03
39750    7.855128273280e+02    9.878180858674e-03    8.477454205604e-03
39760    7.855417653324e+02    9.871458237388e-03    8.471562192426e-03
39770    7.856125759865e+02    9.863373318502e-03    8.463017795293e-03
39780    7.857298907475e+02    9.853962987616e-03    8.451727774627e-03
39790    7.857977211063e+02    9.848501641767e-03    8.445756215224e-03
39800    7.859606176883e+02    9.848610032867e-03    8.442569430372e-03
39810    7.860619015203e+02    9.854252956966e-03    8.446978678876e-03
39820    7.861937606897e+02    9.866910309096e-03    8.457435257696e-03
39830    7.863117373947e+02    9.887847756927e-03    8.476864085424e-03
39840    7.864055157006e+02    9.911738739058e-03    8.500084238221e-03
39850    7.865141591319e+02    9.922424377792e-03    8.509239114574e-03
39860    7.867093337934e+02    9.897654281454e-03    8.479395962240e-03
39870    7.867997566156e+02    9.879069910846e-03    8.459471844617e-03
39880    7.868699963432e+02    9.869191240313e-03    8.448908527498e-03
39890    7.870290909038e+02    9.860154713116e-03    8.436610983154e-03
39900    7.871251708437e+02    9.856199292344e-03    8.431608461251e-03
39910    7.872345819847e+02    9.857945654456e-03    8.432091070063e-03
39920    7.873695545253e+02    9.868879869834e-03    8.441528108051e-03
39930    7.874849120363e+02    9.884352746722e-03    8.456266104986e-03
39940    7.876353579779e+02    9.913151456842e-03    8.484052559652e-03
39950    7.877742139353e+02    9.917992343852e-03    8.487943307955e-03
39960    7.878717328314e+02    9.905405546561e-03    8.474896149892e-03
39970    7.880471474215e+02    9.882978576149e-03    8.450452942270e-03
39980    7.881632898210e+02    9.868256501038e-03    8.435200925305e-03
39990    7.882678364916e+02    9.860013536406e-03    8.426855348262e-03
40000    7.883675853560e+02    9.856774642044e-03    8.423744028732e-03
40010    7.885289315149e+02    9.862099161984e-03    8.428731167442e-03
40020    7.885486119082e+02    9.865101931775e-03    8.433196828264e-03
40030    7.885863843659e+02    9.868479815212e-03    8.437644817604e-03
40040    7.886631610931e+02    9.876672562864e-03    8.446526017906e-03
40050    7.888326497928e+02    9.903174677315e-03    8.473288587993e-03
40060    7.889829545582e+02    9.918081601234e-03    8.488626540384e-03
40070    7.890781294998e+02    9.902144947678e-03    8.473133596453e-03
40080    7.891756198269e+02    9.887436424994e-03    8.458933330985e-03
40090    7.893510661441e+02    9.867786364141e-03    8.439355651717e-03
40100    7.895499549875e+02    9.855397018198e-03    8.427668404693e-03
40110    7.895993646347e+02    9.850912873035e-03    8.424861905951e-03
40120    7.897234451424e+02    9.852825004571e-03    8.428424732301e-03
40130    7.898625669095e+02    9.865236783273e-03    8.443021965832e-03
40140    7.900158588598e+02    9.886296108136e-03    8.466624062748e-03
40150    7.902014403628e+02    9.906654970259e-03    8.489929085044e-03
40160    7.903898478602e+02    9.882326304117e-03    8.467722847854e-03
40170    7.905588518130e+02    9.858839544440e-03    8.446408615782e-03
40180    7.907291158431e+02    9.844946857213e-03    8.434829714133e-03
40190    7.909291158431e+02    9.843409640661e-03    8.435779218416e-03
40200    7.911291158431e+02    9.859146585565e-03    8.454034899842e-03
40210    7.913257057051e+02    9.893627849884e-03    8.490981024806e-03
40220    7.915257057051e+02    9.886819653314e-03    8.485070361530e-03
40230    7.916142613525e+02    9.869777937719e-03    8.469149472148e-03
40240    7.917256369859e+02    9.854845780978e-03    8.454712108687e-03
40250    7.918375646884e+02    9.843322539644e-03    8.443324644759e-03
40260    7.920351114001e+02    9.836806790733e-03    8.435138644018e-03
40270    7.920913321067e+02    9.835660043443e-03    8.434856648819e-03
40280    7.921397097648e+02    9.836147596285e-03    8.436051465651e-03
40290    7.922643519197e+02    9.844871041249e-03    8.443717932096e-03
40300    7.924638523453e+02    9.873703904885e-03    8.469600607896e-03
40310    7.926502985519e+02    9.899162048171e-03    8.491970884279e-03
40320    7.927919676643e+02    9.881422358070e-03    8.471441583424e-03
40330    7.928772018241e+02    9.868724413724e-03    8.457673528937e-03
40340    7.929769601643e+02    9.855603518104e-03    8.442928986369e-03
40350    7.930063187796e+02    9.848925942768e-03    8.436818488008e-03
40360    7.930793064161e+02    9.843208991398e-03    8.430185881480e-03
40370    7.932282825857e+02    9.839739168542e-03    8.423524480349e-03
40380    7.933703475954e+02    9.843259244145e-03    8.424361391008e-03
40390    7.934760579492e+02    9.851656691055e-03    8.431410313278e-03
40400    7.936701060202e+02    9.878511125957e-03    8.455011283331e-03
40410    7.937199881612e+02    9.896607622448e-03    8.473929483443e-03
40420    7.938338301156e+02    9.915887258972e-03    8.492253983604e-03
40430    7.939589887046e+02    9.900395385572e-03    8.475053462462e-03
40440    7.940923111471e+02    9.881344302010e-03    8.454177337626e-03
40450    7.941696351468e+02    9.867806910476e-03    8.440299289759e-03
40460    7.942868931979e+02    9.855268120706e-03    8.426729959865e-03
40470    7.943340354828e+02    9.848694823138e-03    8.420642381679e-03
40480    7.944320927317e+02    9.844492403430e-03    8.416042388490e-03
40490    7.945946989034e+02    9.846921244757e-03    8.417333265243e-03
40500    7.946240164077e+02    9.849043998888e-03    8.420652924542e-03
40510    7.946713582377e+02    9.852148469420e-03    8.424515564002e-03
40520    7.947234978370e+02    9.858035606787e-03    8.431133513113e-03
40530    7.947667142268e+02    9.863926860224e-03    8.437824310022e-03
40540    7.948364203511e+02    9.873700473131e-03    8.448073643194e-03
40550    7.948965389354e+02    9.886292299622e-03    8.461369538054e-03
40560    7.950289020101e+02    9.911551633105e-03    8.486578365591e-03
40570    7.952264153959e+02    9.893009974959e-03    8.466245253658e-03
40580    7.953956089098e+02    9.868782509305e-03    8.440666504612e-03
40590    7.955758756967e+02    9.851560806487e-03    8.422277355749e-03
40600    7.956889768027e+02    9.844329868730e-03    8.415300072556e-03
40610    7.957803165543e+02    9.842853727121e-03    8.414432526479e-03
40620    7.959162519934e+02    9.850350611081e-03    8.422196863648e-03
40630    7.960335333679e+02    9.864623108918e-03    8.437216011771e-03
40640    7.961454174220e+02    9.883096073840e-03    8.456549405309e-03
40650    7.963211302149e+02    9.903531752249e-03    8.477225230308e-03
40660    7.964970382799e+02    9.878929120147e-03    8.452144331386e-03
40670    7.966109511046e+02    9.860780745862e-03    8.434420487902e-03
40680    7.967539643646e+02    9.846085428080e-03    8.419948958363e-03
40690    7.968864599253e+02    9.837348255044e-03    8.411882376095e-03
40700    7.970224435216e+02    9.836660092820e-03    8.412140015935e-03
40710    7.971720876977e+02    9.845873149966e-03    8.422577452620e-03
40720    7.972446960497e+02    9.855318991210e-03    8.433818974481e-03
40730    7.974036743049e+02    9.879819426913e-03    8.459842375487e-03
40740    7.975967849932e+02    9.888118447715e-03    8.469459422486e-03
40750    7.976495326600e+02    9.876830098903e-03    8.459923053124e-03
40760    7.976887022735e+02    9.869284723682e-03    8.453892821308e-03
40770    7.977546908436e+02    9.858432153371e-03    8.444224195046e-03
40780    7.978420295819e+02    9.846241888415e-03    8.433020933808e-03
40790    7.978707860448e+02    9.838709733189e-03    8.426809505181e-03
40800    7.979144038316e+02    9.832510157624e-03    8.421746710155e-03
40810    7.980275371372e+02    9.825106640691e-03    8.415010600402e-03
40820    7.981749022346e+02    9.821502914096e-03    8.411962812716e-03
40830    7.983602909045e+02    9.829404766701e-03    8.420231397395e-03
40840    7.984637194968e+02    9.841943400395e-03    8.434032865807e-03
40850    7.986092702544e+02    9.867204016006e-03    8.460207849566e-03
40860    7.987475863586e+02    9.887970672221e-03    8.481634989039e-03
40870    7.988740980845e+02    9.871886903690e-03    8.465443454043e-03
40880    7.989489111372e+02    9.858099857383e-03    8.452129131001e-03
40890    7.990780494251e+02    9.841701129744e-03    8.434935330115e-03
40900    7.991779668719e+02    9.828792762203e-03    8.421767565778e-03
40910    7.992551087296e+02    9.821813510910e-03    8.414845641710e-03
40920    7.993642191548e+02    9.818217762899e-03    8.410644194555e-03
40930    7.994268858404e+02    9.817357577781e-03    8.410074686253e-03
40940    7.995169756074e+02    9.821196972568e-03    8.413594346166e-03
40950    7.996411087403e+02    9.831644833471e-03    8.422905329098e-03
40960    7.998021062829e+02    9.857328392256e-03    8.446863007521e-03
40970    7.999148592712e+02    9.885766279514e-03    8.474864561322e-03
40980    8.000397709858e+02    9.883210374207e-03    8.470826586745e-03
40990    8.002231729958e+02    9.857490991624e-03    8.441619135738e-03
41000    8.003236197950e+02    9.842168212627e-03    8.425307874859e-03
41010    8.004494061492e+02    9.830110596211e-03    8.411741081545e-03
41020    8.005492051328e+02    9.823815398286e-03    8.404880383750e-03
41030    8.005964394192e+02    9.820911809991e-03    8.402559406932e-03
41040    8.007061402219e+02    9.822931460235e-03    8.403815088059e-03
41050    8.008579862130e+02    9.834493631777e-03    8.414176946644e-03
41060    8.010551275654e+02    9.864108977403e-03    8.442659508546e-03
41070    8.012386710830e+02    9.884237496164e-03    8.462537937703e-03
41080    8.013795880083e+02    9.863408241337e-03    8.441749305348e-03
41090    8.014847539610e+02    9.848799918061e-03    8.427702204244e-03
41100    8.016806960374e+02    9.831582106884e-03    8.410318611823e-03
41110    8.018436071305e+02    9.824340581842e-03    8.404030434576e-03
41120    8.019358765493e+02    9.824191958376e-03    8.405525078160e-03
41130    8.020627184934e+02    9.831362716660e-03    8.414232763243e-03
41140    8.022382855213e+02    9.853765700483e-03    8.438445038337e-03
41150    8.023950276518e+02    9.883814867415e-03    8.470677437799e-03
41160    8.025793648876e+02    9.864291337350e-03    8.452117406705e-03
41170    8.027287906816e+02    9.843271264389e-03    8.431992875558e-03
41180    8.028640299268e+02    9.827111428800e-03    8.416778040555e-03
41190    8.030606348450e+02    9.818480814951e-03    8.408575606154e-03
41200    8.032176305540e+02    9.821638823069e-03    8.412664526986e-03
41210    8.033479808344e+02    9.834391382476e-03    8.426711666289e-03
41220    8.035173150366e+02    9.859698071768e-03    8.452840669634e-03
41230    8.036710869610e+02    9.877888828801e-03    8.471914377878e-03
41240    8.038230586999e+02    9.858346872060e-03    8.452202808257e-03
41250    8.039310938637e+02    9.841275557246e-03    8.435430282589e-03
41260    8.040883898979e+02    9.825287532283e-03    8.418796333899e-03
41270    8.042132313701e+02    9.815812880695e-03    8.409358375502e-03
41280    8.043690708714e+02    9.815386364575e-03    8.408468496782e-03
41290    8.044823962860e+02    9.822210872710e-03    8.415737561336e-03
41300    8.046012593616e+02    9.835914280835e-03    8.429806128333e-03
41310    8.046907144637e+02    9.853153942459e-03    8.447926078588e-03
41320    8.047769518834e+02    9.874114497855e-03    8.469779720144e-03
41330    8.047884433938e+02    9.882842408774e-03    8.480161224725e-03
41340    8.048161210660e+02    9.891805435076e-03    8.490285335938e-03
41350    8.048772922870e+02    9.890649102834e-03    8.489392109368e-03
41360    8.050158773600e+02    9.869921258236e-03    8.466993968796e-03
41370    8.050628376991e+02    9.856227600451e-03    8.453472152723e-03
41380    8.051836210268e+02    9.840674288274e-03    8.436448554676e-03
41390    8.053547380952e+02    9.825476808364e-03    8.418641243225e-03
41400    8.054593738870e+02    9.818066589545e-03    8.410330301558e-03
41410    8.055853104840e+02    9.818162835763e-03    8.409011789809e-03
41420    8.057479506724e+02    9.828801435273e-03    8.417485701102e-03
41430    8.058092056251e+02    9.838701528286e-03    8.427794311501e-03
41440    8.059579162141e+02    9.862424185149e-03    8.449784235381e-03
41450    8.061263691783e+02    9.882731337627e-03    8.467760695567e-03
41460    8.063163243462e+02    9.858981843739e-03    8.440021921160e-03
41470    8.064782425946e+02    9.839259704179e-03    8.416710673373e-03
41480    8.065046280929e+02    9.829797609962e-03    8.408860113377e-03
41490    8.065710281675e+02    9.823770626652e-03    8.402427173678e-03
41500    8.067004113488e+02    9.820263560468e-03    8.396763259952e-03
41510    8.068243409912e+02    9.822454681347e-03    8.397251686802e-03
41520    8.070171106068e+02    9.838533261025e-03    8.410282697696e-03
41530    8.071825913373e+02    9.866696546517e-03    8.436834174063e-03
41540    8.073036366368e+02    9.893712677684e-03    8.463687010590e-03
41550    8.074473456308e+02    9.879015408322e-03    8.447399151919e-03
41560    8.076309157150e+02    9.854224264979e-03    8.420389798630e-03
41570    8.078266299763e+02    9.836025241456e-03    8.400662593885e-03
41580    8.080104356012e+02    9.830678380150e-03    8.395066925004e-03
41590    8.081458473178e+02    9.835732773241e-03    8.401213182879e-03
41600    8.083410811408e+02    9.857109371804e-03    8.424091336565e-03
41610    8.085407101399e+02    9.889013828994e-03    8.458572136988e-03
41620    8.087407101399e+02    9.865431418566e-03    8.436851904662e-03
41630    8.089407101399e+02    9.839773129750e-03    8.413562097303e-03
41640    8.091396483008e+02    9.825146733168e-03    8.401982051510e-03
41650    8.093370575142e+02    9.825656483804e-03    8.406103023844e-03
41660    8.095370575142e+02    9.843763094668e-03    8.428291393102e-03
41670    8.097224129448e+02    9.877869510391e-03    8.466647827845e-03
41680    8.098695399774e+02    9.867028493601e-03    8.458696249363e-03
41690    8.100197415884e+02    9.846261151059e-03    8.440133822660e-03
41700    8.102042230446e+02    9.824052537141e-03    8.419880206020e-03
41710    8.103152950671e+02    9.812987605803e-03    8.410725716203e-03
41720    8.103774180559e+02    9.808305805817e-03    8.407776423155e-03
41730    8.104326157101e+02    9.806298639759e-03    8.407340718804e-03
41740    8.105560536057e+02    9.810063546367e-03    8.412391691309e-03
41750    8.107076147089e+02    9.823786587999e-03    8.427199632024e-03
41760    8.108502817338e+02    9.850479951955e-03    8.455127844172e-03
41770    8.109642468232e+02    9.874435638173e-03    8.480163496642e-03
41780    8.111270647395e+02    9.855770215182e-03    8.460792442747e-03
41790    8.111948938203e+02    9.843142629024e-03    8.448628521364e-03
41800    8.113175433596e+02    9.827072769335e-03    8.431882368313e-03
41810    8.114166430322e+02    9.814483474573e-03    8.418969751801e-03
41820    8.114874367842e+02    9.807582249887e-03    8.412205205786e-03
41830    8.116324206475e+02    9.804205583912e-03    8.407531230660e-03
41840    8.117798968023e+02    9.808903362239e-03    8.410951243604e-03
41850    8.118688777088e+02    9.817275433755e-03    8.419300319474e-03
41860    8.119643012946e+02    9.830801060603e-03    8.432642164735e-03
41870    8.120436796461e+02    9.846616109969e-03    8.448585162114e-03
41880    8.121718517120e+02    9.872895221639e-03    8.473850224618e-03
41890    8.122953609027e+02    9.866113080582e-03    8.465367998724e-03
41900    8.124079756258e+02    9.848363323176e-03    8.445794638646e-03
41910    8.125307830394e+02    9.831310699774e-03    8.426518280430e-03
