time_step time kinetic_energy potential_energy
0    0.000000000000e+00    9.389650674734e-03    8.012425671041e-03
10    5.000000000000e-01    9.272508612472e-03    7.921209095002e-03
20    1.000000000000e+00    9.337807427267e-03    7.846312795664e-03
30    1.500000000000e+00    9.385991518966e-03    7.818299787687e-03
40    2.000000000000e+00    9.338731466976e-03    7.809374204044e-03
50    2.500000000000e+00    9.330012502278e-03    7.898842284703e-03
60    3.000000000000e+00    9.266306320189e-03    7.890899155427e-03
70    3.500000000000e+00    9.295538442430e-03    7.884992382969e-03
80    4.000000000000e+00    9.345583272523e-03    7.847073284211e-03
90    4.500000000000e+00    9.352356253840e-03    7.800387144925e-03
100    5.000000000000e+00    9.373671752777e-03    7.855739022489e-03
110    5.500000000000e+00    9.294430817147e-03    7.860561672715e-03
120    6.000000000000e+00    9.285739892318e-03    7.906507831649e-03
130    6.500000000000e+00    9.291653873453e-03    7.889465058724e-03
140    7.000000000000e+00    9.312220578597e-03    7.837745662982e-03
150    7.500000000000e+00    9.369909885179e-03    7.842703638744e-03
160    8.000000000000e+00    9.329397403006e-03    7.807652502379e-03
170    8.500000000000e+00    9.329306500429e-03    7.857867770326e-03
180    9.000000000000e+00    9.288867435664e-03    7.862288694014e-03
190    9.500000000000e+00    9.276202345512e-03    7.855511677917e-03
200    1.000000000000e+01    9.313990427200e-03    7.866669422583e-03
210    1.050000000000e+01    9.293980094998e-03    7.817058003639e-03
220    1.100000000000e+01    9.329795780569e-03    7.849117612750e-03
230    1.150000000000e+01    9.290329584103e-03    7.831020458980e-03
240    1.200000000000e+01    9.273986648315e-03    7.844277190998e-03
250    1.250000000000e+01    9.283617173542e-03    7.870289717175e-03
260    1.300000000000e+01    9.258971946318e-03    7.837086554900e-03
270    1.350000000000e+01    9.310898733067e-03    7.866026605370e-03
280    1.400000000000e+01    9.286866838587e-03    7.819529256267e-03
290    1.450000000000e+01    9.296969064840e-03    7.824184737729e-03
300    1.500000000000e+01    9.301293752457e-03    7.839282122404e-03
310    1.550000000000e+01    9.270820015444e-03    7.824278196495e-03
320    1.600000000000e+01    9.306395380241e-03    7.869080041928e-03
330    1.650000000000e+01    9.272317631023e-03    7.829002359358e-03
340    1.700000000000e+01    9.294661480718e-03    7.837927182663e-03
350    1.750000000000e+01    9.300172217591e-03    7.831853084099e-03
360    1.800000000000e+01    9.283408116512e-03    7.814446178600e-03
370    1.850000000000e+01    9.313108236070e-03    7.856378358156e-03
380    1.900000000000e+01    9.269734252670e-03    7.826187020328e-03
390    1.950000000000e+01    9.289990173482e-03    7.852671878936e-03
400    2.000000000000e+01    9.281512061838e-03    7.838228164474e-03
410    2.050000000000e+01    9.276525865673e-03    7.821373665138e-03
420    2.100000000000e+01    9.309083724281e-03    7.847076519283e-03
430    2.150000000000e+01    9.273199304944e-03    7.813418907972e-03
440    2.200000000000e+01    9.299013868817e-03    7.851021806346e-03
450    2.250000000000e+01    9.270965574205e-03    7.833582103558e-03
460    2.300000000000e+01    9.265434258494e-03    7.831019894184e-03
470    2.350000000000e+01    9.289216663799e-03    7.850180911191e-03
480    2.400000000000e+01    9.262513745099e-03    7.814874576070e-03
490    2.450000000000e+01    9.303937667993e-03    7.854048322770e-03
500    2.500000000000e+01    9.267399465985e-03    7.822118300282e-03
510    2.550000000000e+01    9.266044086441e-03    7.830860376089e-03
520    2.600000000000e+01    9.274965852884e-03    7.848194913095e-03
530    2.650000000000e+01    9.249266680053e-03    7.822440316886e-03
540    2.700000000000e+01    9.293371792683e-03    7.860554664148e-03
550    2.750000000000e+01    9.260291402377e-03    7.817971182703e-03
560    2.800000000000e+01    9.273845369863e-03    7.827496853679e-03
570    2.850000000000e+01    9.276271865231e-03    7.832594560568e-03
580    2.900000000000e+01    9.253385864538e-03    7.815906886208e-03
590    2.950000000000e+01    9.288991019898e-03    7.856635376811e-03
600    3.000000000000e+01    9.252291009619e-03    7.817694196092e-03
610    3.050000000000e+01    9.274121501333e-03    7.834855825422e-03
620    3.100000000000e+01    9.269722072147e-03    7.826474698959e-03
630    3.150000000000e+01    9.255051410862e-03    7.813552215339e-03
640    3.200000000000e+01    9.283312495175e-03    7.850740137656e-03
650    3.250000000000e+01    9.243193623632e-03    7.819587568520e-03
660    3.300000000000e+01    9.268091848807e-03    7.850225733819e-03
670    3.350000000000e+01    9.252454492901e-03    7.831855877157e-03
680    3.400000000000e+01    9.249338899799e-03    7.820900293154e-03
690    3.450000000000e+01    9.278934708342e-03    7.842955220440e-03
700    3.500000000000e+01    9.248718245481e-03    7.808337322786e-03
710    3.550000000000e+01    9.283805546830e-03    7.845736588934e-03
720    3.600000000000e+01    9.253918900602e-03    7.819677704902e-03
730    3.650000000000e+01    9.252726950241e-03    7.821246527783e-03
740    3.700000000000e+01    9.270854081726e-03    7.839243246963e-03
750    3.750000000000e+01    9.244300951044e-03    7.809483833626e-03
760    3.800000000000e+01    9.285150950765e-03    7.850330704059e-03
770    3.850000000000e+01    9.248396096071e-03    7.816096634997e-03
780    3.900000000000e+01    9.252912264293e-03    7.826673662748e-03
790    3.950000000000e+01    9.259334514029e-03    7.839160171898e-03
800    4.000000000000e+01    9.235890728018e-03    7.816962608558e-03
810    4.050000000000e+01    9.276567691308e-03    7.855742612264e-03
820    4.100000000000e+01    9.241756765523e-03    7.815875935194e-03
830    4.150000000000e+01    9.258013148604e-03    7.830058135369e-03
840    4.200000000000e+01    9.256998344142e-03    7.830749955247e-03
850    4.250000000000e+01    9.237928483545e-03    7.815429608854e-03
860    4.300000000000e+01    9.272062977401e-03    7.853405953028e-03
870    4.350000000000e+01    9.236573842516e-03    7.815930270226e-03
880    4.400000000000e+01    9.262216121857e-03    7.836874122404e-03
890    4.450000000000e+01    9.255351221236e-03    7.823446066141e-03
900    4.500000000000e+01    9.246259466584e-03    7.810116741894e-03
910    4.550000000000e+01    9.275903930596e-03    7.840946801480e-03
920    4.600000000000e+01    9.240250097579e-03    7.808409940480e-03
930    4.650000000000e+01    9.269419050978e-03    7.842649726626e-03
940    4.700000000000e+01    9.247427608139e-03    7.822985700841e-03
950    4.750000000000e+01    9.242235575177e-03    7.819260634278e-03
960    4.800000000000e+01    9.264249318220e-03    7.843742306250e-03
970    4.850000000000e+01    9.231963318783e-03    7.814110860636e-03
980    4.900000000000e+01    9.269514809403e-03    7.856677700147e-03
990    4.950000000000e+01    9.236247414015e-03    7.825350522580e-03
1000    5.000000000000e+01    9.239477968605e-03    7.827874162103e-03
1010    5.050000000000e+01    9.256968786986e-03    7.840798292818e-03
1020    5.100000000000e+01    9.234252207335e-03    7.810405480086e-03
1030    5.150000000000e+01    9.278156909105e-03    7.849007016375e-03
1040    5.200000000000e+01    9.243459378552e-03    7.810381881427e-03
1050    5.250000000000e+01    9.253341290562e-03    7.820972928130e-03
1060    5.300000000000e+01    9.257645023458e-03    7.828872504433e-03
1070    5.350000000000e+01    9.234674627164e-03    7.809589247699e-03
1080    5.400000000000e+01    9.271618010100e-03    7.850990622501e-03
1090    5.450000000000e+01    9.232938075382e-03    7.814917356882e-03
1100    5.500000000000e+01    9.249511883462e-03    7.835055642317e-03
1110    5.550000000000e+01    9.243770394101e-03    7.832670975404e-03
1120    5.600000000000e+01    9.227368090074e-03    7.818805868737e-03
1130    5.650000000000e+01    9.261232100509e-03    7.854070522626e-03
1140    5.700000000000e+01    9.226866882362e-03    7.816352745067e-03
1150    5.750000000000e+01    9.256341259044e-03    7.840812005270e-03
1160    5.800000000000e+01    9.244851798240e-03    7.823089472367e-03
1170    5.850000000000e+01    9.238416025674e-03    7.812398943315e-03
1180    5.900000000000e+01    9.266009167851e-03    7.840718521038e-03
1190    5.950000000000e+01    9.231256411963e-03    7.808982003553e-03
1200    6.000000000000e+01    9.264132479824e-03    7.847314039282e-03
1210    6.050000000000e+01    9.236541886752e-03    7.822854051483e-03
1220    6.100000000000e+01    9.234860370997e-03    7.822233710613e-03
1230    6.150000000000e+01    9.255084496210e-03    7.842228767004e-03
1240    6.200000000000e+01    9.226711210355e-03    7.812514217221e-03
1250    6.250000000000e+01    9.266862852886e-03    7.853823848563e-03
1260    6.300000000000e+01    9.232361041587e-03    7.819727394235e-03
1270    6.350000000000e+01    9.238436214851e-03    7.826796815607e-03
1280    6.400000000000e+01    9.249604138084e-03    7.837909114642e-03
1290    6.450000000000e+01    9.226617194918e-03    7.813017650733e-03
1300    6.500000000000e+01    9.266838906184e-03    7.853387772229e-03
1310    6.550000000000e+01    9.230001570822e-03    7.816407228347e-03
1320    6.600000000000e+01    9.243527428792e-03    7.831803880435e-03
1330    6.650000000000e+01    9.243664855899e-03    7.833685413971e-03
1340    6.700000000000e+01    9.225495763353e-03    7.815780603778e-03
1350    6.750000000000e+01    9.261846652333e-03    7.852411524254e-03
1360    6.800000000000e+01    9.225868533477e-03    7.814938703632e-03
1370    6.850000000000e+01    9.248459499084e-03    7.838248561711e-03
1380    6.900000000000e+01    9.237927018914e-03    7.829209183910e-03
1390    6.950000000000e+01    9.225204361487e-03    7.818696356480e-03
1400    7.000000000000e+01    9.254320345719e-03    7.850748558667e-03
1410    7.050000000000e+01    9.219605074228e-03    7.816161284609e-03
1420    7.100000000000e+01    9.251271737708e-03    7.847833198866e-03
1430    7.150000000000e+01    9.230899875006e-03    7.825634182154e-03
1440    7.200000000000e+01    9.227085714754e-03    7.820545938557e-03
1450    7.250000000000e+01    9.250135970460e-03    7.843671194678e-03
1460    7.300000000000e+01    9.219200559618e-03    7.812501284207e-03
1470    7.350000000000e+01    9.259092361208e-03    7.854068386223e-03
1480    7.400000000000e+01    9.225729453585e-03    7.820791167433e-03
1490    7.450000000000e+01    9.228647269841e-03    7.824303381312e-03
1500    7.500000000000e+01    9.242423457779e-03    7.839273395803e-03
1510    7.550000000000e+01    9.215808977993e-03    7.813658614396e-03
1520    7.600000000000e+01    9.256389040110e-03    7.856939506382e-03
1530    7.650000000000e+01    9.218224116686e-03    7.819986917639e-03
1540    7.700000000000e+01    9.228930123498e-03    7.832251831132e-03
1550    7.750000000000e+01    9.233733219832e-03    7.836974275961e-03
1560    7.800000000000e+01    9.214453772722e-03    7.815493768248e-03
1570    7.850000000000e+01    9.254431338845e-03    7.854007851165e-03
1580    7.900000000000e+01    9.217496195678e-03    7.814921607860e-03
1590    7.950000000000e+01    9.237266180633e-03    7.834880773771e-03
1600    8.000000000000e+01    9.230806600446e-03    7.829851188035e-03
1610    8.050000000000e+01    9.216323786020e-03    7.816593447387e-03
1620    8.100000000000e+01    9.249800698221e-03    7.850994252294e-03
1630    8.150000000000e+01    9.214296966322e-03    7.813779508979e-03
1640    8.200000000000e+01    9.243218725214e-03    7.842114445339e-03
1650    8.250000000000e+01    9.226403939047e-03    7.825049304302e-03
1660    8.300000000000e+01    9.218754127667e-03    7.818887989743e-03
1670    8.350000000000e+01    9.244133169856e-03    7.847358358958e-03
1680    8.400000000000e+01    9.210637541569e-03    7.814651708031e-03
1690    8.450000000000e+01    9.247919332517e-03    7.852385347178e-03
1700    8.500000000000e+01    9.220356370292e-03    7.822277949344e-03
1710    8.550000000000e+01    9.221904588225e-03    7.821495393728e-03
1720    8.600000000000e+01    9.240822782796e-03    7.839753882763e-03
1730    8.650000000000e+01    9.212505074015e-03    7.810833649273e-03
1740    8.700000000000e+01    9.254074118075e-03    7.854063663217e-03
1750    8.750000000000e+01    9.217010971433e-03    7.817362566129e-03
1760    8.800000000000e+01    9.224563522244e-03    7.826400496924e-03
1770    8.850000000000e+01    9.233049193545e-03    7.836210940695e-03
1780    8.900000000000e+01    9.209290599906e-03    7.813286673809e-03
1790    8.950000000000e+01    9.249441225240e-03    7.855968328840e-03
1800    9.000000000000e+01    9.210327577510e-03    7.817417712431e-03
1810    9.050000000000e+01    9.226312268368e-03    7.834483423721e-03
1820    9.100000000000e+01    9.225457368953e-03    7.833375134396e-03
1830    9.150000000000e+01    9.208836608976e-03    7.815360531822e-03
1840    9.200000000000e+01    9.246348481327e-03    7.852372564230e-03
1850    9.250000000000e+01    9.209276758163e-03    7.813343383532e-03
1860    9.300000000000e+01    9.234391979278e-03    7.838383146009e-03
1870    9.350000000000e+01    9.222569362125e-03    7.826922675122e-03
1880    9.400000000000e+01    9.211655603104e-03    7.816797727173e-03
1890    9.450000000000e+01    9.241959201022e-03    7.848844271393e-03
1900    9.500000000000e+01    9.206192587522e-03    7.813588699719e-03
1910    9.550000000000e+01    9.239374130680e-03    7.848478212509e-03
1920    9.600000000000e+01    9.216283492520e-03    7.825564228369e-03
1930    9.650000000000e+01    9.213067295060e-03    7.822360213140e-03
1940    9.700000000000e+01    9.236749361647e-03    7.845982593608e-03
1950    9.750000000000e+01    9.205950807583e-03    7.813671417352e-03
1960    9.800000000000e+01    9.249349098025e-03    7.856955520765e-03
1970    9.850000000000e+01    9.214761177800e-03    7.821365214113e-03
1980    9.900000000000e+01    9.219133988750e-03    7.825748094547e-03
1990    9.950000000000e+01    9.234084650319e-03    7.840923299227e-03
2000    1.000000000000e+02    9.208212164326e-03    7.813845336386e-03
2010    1.005000000000e+02    9.252509460805e-03    7.857996874918e-03
2020    1.010000000000e+02    9.214339688715e-03    7.818319312719e-03
2030    1.015000000000e+02    9.227037207771e-03    7.830731618014e-03
2040    1.020000000000e+02    9.232182852456e-03    7.836059216061e-03
2050    1.025000000000e+02    9.211439797174e-03    7.815258114533e-03
2060    1.030000000000e+02    9.252516154486e-03    7.857424558097e-03
2070    1.035000000000e+02    9.213864680748e-03    7.817593221262e-03
2080    1.040000000000e+02    9.235266267820e-03    7.838628514037e-03
2090    1.045000000000e+02    9.230776838166e-03    7.833139715331e-03
2100    1.050000000000e+02    9.217060995989e-03    7.817979631000e-03
2110    1.055000000000e+02    9.253377661978e-03    7.854324130676e-03
2120    1.060000000000e+02    9.216364574921e-03    7.816070780791e-03
2130    1.065000000000e+02    9.246249880257e-03    7.846377659007e-03
2140    1.070000000000e+02    9.230147982741e-03    7.830083635781e-03
2150    1.075000000000e+02    9.222841569016e-03    7.822531370948e-03
2160    1.080000000000e+02    9.252134537506e-03    7.852339165765e-03
2170    1.085000000000e+02    9.218248214095e-03    7.817132957825e-03
2180    1.090000000000e+02    9.257665958325e-03    7.856417147195e-03
2190    1.095000000000e+02    9.230036492937e-03    7.827194228412e-03
2200    1.100000000000e+02    9.230518212209e-03    7.827017803720e-03
2210    1.105000000000e+02    9.251796237467e-03    7.848365992686e-03
2220    1.110000000000e+02    9.222123801222e-03    7.817346638149e-03
2230    1.115000000000e+02    9.266881783268e-03    7.862321444009e-03
2240    1.120000000000e+02    9.230629298216e-03    7.824702805010e-03
2250    1.125000000000e+02    9.238911936912e-03    7.832569788661e-03
2260    1.130000000000e+02    9.250427757857e-03    7.844536205994e-03
2270    1.135000000000e+02    9.225155630143e-03    7.819674525308e-03
2280    1.140000000000e+02    9.268412682377e-03    7.864684282140e-03
2290    1.145000000000e+02    9.228478494442e-03    7.824717927178e-03
2300    1.150000000000e+02    9.244970643633e-03    7.841741449738e-03
2310    1.155000000000e+02    9.246053539705e-03    7.842769518902e-03
2320    1.160000000000e+02    9.227223175027e-03    7.823515201380e-03
2330    1.165000000000e+02    9.267042073919e-03    7.864001312555e-03
2340    1.170000000000e+02    9.227834978240e-03    7.823642698895e-03
2350    1.175000000000e+02    9.254017163552e-03    7.849178122342e-03
2360    1.180000000000e+02    9.244521268154e-03    7.837866971386e-03
2370    1.185000000000e+02    9.233923943358e-03    7.824673055438e-03
2380    1.190000000000e+02    9.268656255319e-03    7.858116411626e-03
2390    1.195000000000e+02    9.231940810273e-03    7.819942230526e-03
2400    1.200000000000e+02    9.266681328303e-03    7.855933690735e-03
2410    1.205000000000e+02    9.243387129030e-03    7.833873574782e-03
2420    1.210000000000e+02    9.238798654752e-03    7.830499660486e-03
2430    1.215000000000e+02    9.264488502025e-03    7.857164660891e-03
2440    1.220000000000e+02    9.231995292036e-03    7.823330754945e-03
2450    1.225000000000e+02    9.277929768206e-03    7.868356849940e-03
2460    1.230000000000e+02    9.243931955572e-03    7.831258541955e-03
2470    1.235000000000e+02    9.249767633370e-03    7.834591828214e-03
2480    1.240000000000e+02    9.267792433607e-03    7.850711079300e-03
2490    1.245000000000e+02    9.241679134382e-03    7.821548506399e-03
2500    1.250000000000e+02    9.289167290247e-03    7.868214437622e-03
2510    1.255000000000e+02    9.250289445046e-03    7.827341500160e-03
2520    1.260000000000e+02    9.264243828551e-03    7.840346824196e-03
2530    1.265000000000e+02    9.271129243504e-03    7.846626326682e-03
2540    1.270000000000e+02    9.250304845254e-03    7.824849031749e-03
2550    1.275000000000e+02    9.294141364455e-03    7.869060546909e-03
2560    1.280000000000e+02    9.254116321510e-03    7.827843896848e-03
2570    1.285000000000e+02    9.276871620465e-03    7.850403294469e-03
2580    1.290000000000e+02    9.272320423734e-03    7.844911741813e-03
2590    1.295000000000e+02    9.258254887433e-03    7.829768546799e-03
2600    1.300000000000e+02    9.296014468884e-03    7.868235405113e-03
2610    1.305000000000e+02    9.256842890511e-03    7.829157125343e-03
2620    1.310000000000e+02    9.287747898221e-03    7.861833804782e-03
2630    1.315000000000e+02    9.269845168845e-03    7.844469676456e-03
2640    1.320000000000e+02    9.262790331413e-03    7.837045652195e-03
2650    1.325000000000e+02    9.293465200464e-03    7.866972707234e-03
2660    1.330000000000e+02    9.258911818671e-03    7.829774979655e-03
2670    1.335000000000e+02    9.300675680622e-03    7.870684416957e-03
2680    1.340000000000e+02    9.270374767139e-03    7.839179189432e-03
2690    1.345000000000e+02    9.270874049760e-03    7.839988898013e-03
2700    1.350000000000e+02    9.291020213208e-03    7.861369987040e-03
2710    1.355000000000e+02    9.259502679553e-03    7.830759856915e-03
2720    1.360000000000e+02    9.304929167626e-03    7.878993107624e-03
2730    1.365000000000e+02    9.264433319017e-03    7.839787742341e-03
2740    1.370000000000e+02    9.272637498919e-03    7.849984737732e-03
2750    1.375000000000e+02    9.282310959756e-03    7.861188087190e-03
2760    1.380000000000e+02    9.257057430203e-03    7.835773492843e-03
2770    1.385000000000e+02    9.302419019671e-03    7.881420551712e-03
2780    1.390000000000e+02    9.261526673640e-03    7.838425843147e-03
2790    1.395000000000e+02    9.280449671919e-03    7.856096956857e-03
2800    1.400000000000e+02    9.280639530710e-03    7.854756700908e-03
2810    1.405000000000e+02    9.263335714525e-03    7.835266233087e-03
2820    1.410000000000e+02    9.304782715703e-03    7.875588584284e-03
2830    1.415000000000e+02    9.265181268492e-03    7.833427815967e-03
2840    1.420000000000e+02    9.293644980979e-03    7.860684871957e-03
2850    1.425000000000e+02    9.282328272827e-03    7.848086966078e-03
2860    1.430000000000e+02    9.272053152005e-03    7.837112205380e-03
2870    1.435000000000e+02    9.306006631784e-03    7.871798610722e-03
2880    1.440000000000e+02    9.268816266834e-03    7.833687065613e-03
2890    1.445000000000e+02    9.306217165949e-03    7.871255978898e-03
2900    1.450000000000e+02    9.282680024414e-03    7.846243155655e-03
2910    1.455000000000e+02    9.280880753410e-03    7.842949063161e-03
2920    1.460000000000e+02    9.307327079246e-03    7.868610364312e-03
2930    1.465000000000e+02    9.275256150155e-03    7.834885371267e-03
2940    1.470000000000e+02    9.322195402261e-03    7.882345546932e-03
2950    1.475000000000e+02    9.285343398741e-03    7.844977205423e-03
2960    1.480000000000e+02    9.291159012085e-03    7.850615579628e-03
2970    1.485000000000e+02    9.307524552808e-03    7.866514144553e-03
2980    1.490000000000e+02    9.280717846052e-03    7.838402038942e-03
2990    1.495000000000e+02    9.328432075225e-03    7.886061730460e-03
3000    1.500000000000e+02    9.287815880708e-03    7.844038162148e-03
3010    1.505000000000e+02    9.301715681763e-03    7.858486852456e-03
3020    1.510000000000e+02    9.306254361722e-03    7.864418815188e-03
3030    1.515000000000e+02    9.284202012548e-03    7.843309274904e-03
3040    1.520000000000e+02    9.326978104965e-03    7.888035893302e-03
3050    1.525000000000e+02    9.285211062470e-03    7.846489058466e-03
3060    1.530000000000e+02    9.307664062583e-03    7.869660240431e-03
3070    1.535000000000e+02    9.301230707643e-03    7.863476368584e-03
3080    1.540000000000e+02    9.286189035533e-03    7.849042362977e-03
3090    1.545000000000e+02    9.322628986509e-03    7.887286385085e-03
3100    1.550000000000e+02    9.282981495379e-03    7.847468365981e-03
3110    1.555000000000e+02    9.314510341445e-03    7.879352140662e-03
3120    1.560000000000e+02    9.296748710615e-03    7.860235698899e-03
3130    1.565000000000e+02    9.290397913684e-03    7.852182179704e-03
3140    1.570000000000e+02    9.320279701733e-03    7.881682782681e-03
3150    1.575000000000e+02    9.284831967525e-03    7.845748613363e-03
3160    1.580000000000e+02    9.324649393942e-03    7.888066212217e-03
3170    1.585000000000e+02    9.292924986279e-03    7.858278598178e-03
3180    1.590000000000e+02    9.292923345407e-03    7.860020683438e-03
3190    1.595000000000e+02    9.313336298246e-03    7.881243540396e-03
3200    1.600000000000e+02    9.284049141966e-03    7.850250032789e-03
3210    1.605000000000e+02    9.331216782896e-03    7.895705765804e-03
3220    1.610000000000e+02    9.294623630248e-03    7.855548640691e-03
3230    1.615000000000e+02    9.305237482346e-03    7.863608656407e-03
3240    1.620000000000e+02    9.317143610117e-03    7.873777308305e-03
3250    1.625000000000e+02    9.294113143396e-03    7.848654299778e-03
3260    1.630000000000e+02    9.339292596618e-03    7.893323117969e-03
3270    1.635000000000e+02    9.300387186667e-03    7.852833911784e-03
3280    1.640000000000e+02    9.318612797847e-03    7.871094790062e-03
3290    1.645000000000e+02    9.318899780776e-03    7.872119623244e-03
3300    1.650000000000e+02    9.301049466345e-03    7.855189180191e-03
3310    1.655000000000e+02    9.339930960112e-03    7.896348556642e-03
3320    1.660000000000e+02    9.301145649689e-03    7.857738016355e-03
3330    1.665000000000e+02    9.327952933537e-03    7.884496247243e-03
3340    1.670000000000e+02    9.318280522182e-03    7.873118444877e-03
3350    1.675000000000e+02    9.309031367305e-03    7.861619013056e-03
3360    1.680000000000e+02    9.342401291194e-03    7.894416165982e-03
3370    1.685000000000e+02    9.306878990984e-03    7.857818414777e-03
3380    1.690000000000e+02    9.341413643849e-03    7.893400357716e-03
3390    1.695000000000e+02    9.318479210540e-03    7.870834730056e-03
3400    1.700000000000e+02    9.315174619332e-03    7.867668058680e-03
3410    1.705000000000e+02    9.339995693135e-03    7.892650350186e-03
3420    1.710000000000e+02    9.308438535042e-03    7.860102326958e-03
3430    1.715000000000e+02    9.351858221910e-03    7.904238998890e-03
3440    1.720000000000e+02    9.316810998436e-03    7.868918229178e-03
3450    1.725000000000e+02    9.320173898342e-03    7.873541742811e-03
3460    1.730000000000e+02    9.334812885024e-03    7.889948929005e-03
3470    1.735000000000e+02    9.307523087372e-03    7.863396424000e-03
3480    1.740000000000e+02    9.351387851849e-03    7.908571189546e-03
3490    1.745000000000e+02    9.312928163281e-03    7.869433684391e-03
3500    1.750000000000e+02    9.325265994550e-03    7.881359804742e-03
3510    1.755000000000e+02    9.331270940168e-03    7.886377324212e-03
3520    1.760000000000e+02    9.310476037309e-03    7.864860924201e-03
3530    1.765000000000e+02    9.351398437434e-03    7.906795340205e-03
3540    1.770000000000e+02    9.312807797065e-03    7.867679196352e-03
3550    1.775000000000e+02    9.333441573210e-03    7.888804761023e-03
3560    1.780000000000e+02    9.329058848292e-03    7.884579277743e-03
3570    1.785000000000e+02    9.315094369783e-03    7.869736065913e-03
3580    1.790000000000e+02    9.351243824772e-03    7.905428804406e-03
3590    1.795000000000e+02    9.315454801375e-03    7.867783082474e-03
3600    1.800000000000e+02    9.345244668905e-03    7.896627545051e-03
3610    1.805000000000e+02    9.330763181468e-03    7.880556999226e-03
3620    1.810000000000e+02    9.324487777338e-03    7.872861434407e-03
3630    1.815000000000e+02    9.353775077973e-03    7.901994499662e-03
3640    1.820000000000e+02    9.321180322617e-03    7.868615060033e-03
3650    1.825000000000e+02    9.358225586831e-03    7.906967583949e-03
3660    1.830000000000e+02    9.331067686248e-03    7.880620286414e-03
3670    1.835000000000e+02    9.330724849396e-03    7.881073326644e-03
3680    1.840000000000e+02    9.351205319187e-03    7.902164768893e-03
3690    1.845000000000e+02    9.323758614738e-03    7.872830112319e-03
3700    1.850000000000e+02    9.366665627371e-03    7.914335147689e-03
3710    1.855000000000e+02    9.333620171464e-03    7.878559773417e-03
3720    1.860000000000e+02    9.341563402457e-03    7.885129705755e-03
3730    1.865000000000e+02    9.352962128725e-03    7.896088139205e-03
3740    1.870000000000e+02    9.329883115572e-03    7.872470738221e-03
3750    1.875000000000e+02    9.370258211397e-03    7.914048906059e-03
3760    1.880000000000e+02    9.333795700691e-03    7.877738640673e-03
3770    1.885000000000e+02    9.347995864080e-03    7.893759035142e-03
3780    1.890000000000e+02    9.348373821816e-03    7.896244310359e-03
3790    1.895000000000e+02    9.329713707903e-03    7.879470704211e-03
3800    1.900000000000e+02    9.365023536934e-03    7.917316890598e-03
3810    1.905000000000e+02    9.328993922820e-03    7.881273173552e-03
3820    1.910000000000e+02    9.351940051133e-03    7.904340911409e-03
3830    1.915000000000e+02    9.343775652385e-03    7.894798296547e-03
3840    1.920000000000e+02    9.333415156745e-03    7.882915243499e-03
3850    1.925000000000e+02    9.364056738543e-03    7.913569184893e-03
3860    1.930000000000e+02    9.330549843153e-03    7.879534319727e-03
3870    1.935000000000e+02    9.360981698077e-03    7.911085976048e-03
3880    1.940000000000e+02    9.340993447358e-03    7.891490667134e-03
3890    1.945000000000e+02    9.336578056152e-03    7.887514952927e-03
3900    1.950000000000e+02    9.359520783509e-03    7.911379934740e-03
3910    1.955000000000e+02    9.329418752581e-03    7.881742456448e-03
3920    1.960000000000e+02    9.367570768982e-03    7.922374648842e-03
3930    1.965000000000e+02    9.335410669196e-03    7.892129623542e-03
3940    1.970000000000e+02    9.336882842401e-03    7.895760315478e-03
3950    1.975000000000e+02    9.350970482662e-03    7.911294609585e-03
3960    1.980000000000e+02    9.326130236091e-03    7.885514705777e-03
3970    1.985000000000e+02    9.366855922765e-03    7.925151895506e-03
3980    1.990000000000e+02    9.333238758718e-03    7.888510982411e-03
3990    1.995000000000e+02    9.344061026008e-03    7.897589459390e-03
4000    2.000000000000e+02    9.349811389100e-03    7.903187000920e-03
4010    2.005000000000e+02    9.329411164605e-03    7.883055883212e-03
4020    2.010000000000e+02    9.365866319392e-03    7.921053453174e-03
4030    2.015000000000e+02    9.330310211883e-03    7.885996906225e-03
4040    2.020000000000e+02    9.347794864839e-03    7.904558861810e-03
4050    2.025000000000e+02    9.343763516363e-03    7.900779993179e-03
4060    2.030000000000e+02    9.329628197503e-03    7.886707951002e-03
4070    2.035000000000e+02    9.361626775417e-03    7.920033244773e-03
4080    2.040000000000e+02    9.327938593364e-03    7.886301784310e-03
4090    2.045000000000e+02    9.353456863022e-03    7.912634066088e-03
4100    2.050000000000e+02    9.339875523656e-03    7.898818140347e-03
4110    2.055000000000e+02    9.332959067634e-03    7.891346338511e-03
4120    2.060000000000e+02    9.359616278064e-03    7.917893193735e-03
4130    2.065000000000e+02    9.329737767503e-03    7.886876412158e-03
4140    2.070000000000e+02    9.363806539311e-03    7.921277783680e-03
4150    2.075000000000e+02    9.339744777749e-03    7.896481100943e-03
4160    2.080000000000e+02    9.339911421410e-03    7.895759484200e-03
4170    2.085000000000e+02    9.359310415256e-03    7.914397401692e-03
4180    2.090000000000e+02    9.333482104613e-03    7.887415866207e-03
4190    2.095000000000e+02    9.372092923255e-03    7.926878446597e-03
4200    2.100000000000e+02    9.340013033401e-03    7.895140100118e-03
4210    2.105000000000e+02    9.346107442947e-03    7.902654602731e-03
4220    2.110000000000e+02    9.355743481077e-03    7.913948703390e-03
4230    2.115000000000e+02    9.333924116380e-03    7.892538977103e-03
4240    2.120000000000e+02    9.371556132715e-03    7.931322321383e-03
4250    2.125000000000e+02    9.337262994076e-03    7.897117575340e-03
4260    2.130000000000e+02    9.350990612683e-03    7.912011536064e-03
4270    2.135000000000e+02    9.351357370900e-03    7.913664820080e-03
4280    2.140000000000e+02    9.334659511123e-03    7.897594274255e-03
4290    2.145000000000e+02    9.368374964851e-03    7.932415878713e-03
4300    2.150000000000e+02    9.334716872847e-03    7.897531166236e-03
4310    2.155000000000e+02    9.356920343385e-03    7.919207389932e-03
4320    2.160000000000e+02    9.348265106780e-03    7.909507397926e-03
4330    2.165000000000e+02    9.338014755595e-03    7.898688048954e-03
4340    2.170000000000e+02    9.366160856018e-03    7.928150594125e-03
4350    2.175000000000e+02    9.333336876659e-03    7.896043058281e-03
4360    2.180000000000e+02    9.362023392406e-03    7.926898949336e-03
4370    2.185000000000e+02    9.341750827731e-03    7.907456564681e-03
4380    2.190000000000e+02    9.337084856066e-03    7.903911515314e-03
4390    2.195000000000e+02    9.358437233916e-03    7.926913955998e-03
4400    2.200000000000e+02    9.329283780502e-03    7.898060222942e-03
4410    2.205000000000e+02    9.366971282487e-03    7.936995552882e-03
4420    2.210000000000e+02    9.336437261785e-03    7.905791525445e-03
4430    2.215000000000e+02    9.339687806143e-03    7.908536069408e-03
4440    2.220000000000e+02    9.354344942444e-03    7.922567961941e-03
4450    2.225000000000e+02    9.330546458697e-03    7.897348970801e-03
4460    2.230000000000e+02    9.370525720902e-03    7.937218857478e-03
4470    2.235000000000e+02    9.336402741984e-03    7.901517457867e-03
4480    2.240000000000e+02    9.347417200565e-03    7.911987435364e-03
4490    2.245000000000e+02    9.353227520958e-03    7.917276644548e-03
4500    2.250000000000e+02    9.334550765647e-03    7.897494764620e-03
4510    2.255000000000e+02    9.372343824240e-03    7.935692381579e-03
4520    2.260000000000e+02    9.337179178867e-03    7.900095426521e-03
4530    2.265000000000e+02    9.355561055621e-03    7.919343312096e-03
4540    2.270000000000e+02    9.350955326297e-03    7.915600213892e-03
4550    2.275000000000e+02    9.337673686936e-03    7.902601872047e-03
4560    2.280000000000e+02    9.370664362901e-03    7.936278891975e-03
4570    2.285000000000e+02    9.337023691163e-03    7.901749294433e-03
4580    2.290000000000e+02    9.364418439810e-03    7.929225130283e-03
4590    2.295000000000e+02    9.350145011942e-03    7.914355062894e-03
4600    2.300000000000e+02    9.343742571369e-03    7.907386699117e-03
4610    2.305000000000e+02    9.370686494089e-03    7.934456825751e-03
4620    2.310000000000e+02    9.339990855300e-03    7.902608869699e-03
4630    2.315000000000e+02    9.375762792813e-03    7.938785619444e-03
4640    2.320000000000e+02    9.349981835920e-03    7.912854841379e-03
4650    2.325000000000e+02    9.349705883821e-03    7.913377930890e-03
4660    2.330000000000e+02    9.368114490912e-03    7.933404758660e-03
4670    2.335000000000e+02    9.340468271718e-03    7.906017193818e-03
4680    2.340000000000e+02    9.380671153046e-03    7.947250172037e-03
4690    2.345000000000e+02    9.347162277610e-03    7.912670800579e-03
4700    2.350000000000e+02    9.354656691442e-03    7.919911694444e-03
4710    2.355000000000e+02    9.364958204337e-03    7.930314022815e-03
4720    2.360000000000e+02    9.342135655736e-03    7.907314940894e-03
4730    2.365000000000e+02    9.381443763885e-03    7.948213241434e-03
4740    2.370000000000e+02    9.344772487513e-03    7.911406899439e-03
4750    2.375000000000e+02    9.359238130180e-03    7.927178850878e-03
4760    2.380000000000e+02    9.359261831279e-03    7.928139008982e-03
4770    2.385000000000e+02    9.341767736889e-03    7.910790173810e-03
4780    2.390000000000e+02    9.377993610748e-03    7.947648267873e-03
4790    2.395000000000e+02    9.342330981601e-03    7.910419994914e-03
4800    2.400000000000e+02    9.366497145418e-03    7.933697488625e-03
4810    2.405000000000e+02    9.357419059028e-03    7.922801524728e-03
4820    2.410000000000e+02    9.347229239204e-03    7.910964085568e-03
4830    2.415000000000e+02    9.378367495709e-03    7.941894194119e-03
4840    2.420000000000e+02    9.344577804602e-03    7.906979774816e-03
4850    2.425000000000e+02    9.377382795353e-03    7.940002807118e-03
4860    2.430000000000e+02    9.356272660639e-03    7.918766845251e-03
4870    2.435000000000e+02    9.352265782342e-03    7.915459267679e-03
4880    2.440000000000e+02    9.375514907445e-03    7.940105295347e-03
4890    2.445000000000e+02    9.344436293806e-03    7.909154388472e-03
4900    2.450000000000e+02    9.386016969166e-03    7.952102212585e-03
4910    2.455000000000e+02    9.352768311117e-03    7.918635552414e-03
4920    2.460000000000e+02    9.356940193221e-03    7.922573106043e-03
4930    2.465000000000e+02    9.372474537004e-03    7.937995833345e-03
4940    2.470000000000e+02    9.346994239193e-03    7.911143174169e-03
4950    2.475000000000e+02    9.390865137357e-03    7.954504159898e-03
4960    2.480000000000e+02    9.354218684012e-03    7.915447623418e-03
4970    2.485000000000e+02    9.367402831120e-03    7.926822216177e-03
4980    2.490000000000e+02    9.374142263024e-03    7.931863733575e-03
4990    2.495000000000e+02    9.354582092421e-03    7.910466806607e-03
5000    2.500000000000e+02    9.395697306051e-03    7.951801089803e-03
5010    2.505000000000e+02    9.357393015025e-03    7.912763171589e-03
5020    2.510000000000e+02    9.377478384395e-03    7.934175156151e-03
5030    2.515000000000e+02    9.371803614098e-03    7.929816588330e-03
5040    2.520000000000e+02    9.356743816884e-03    7.915971988950e-03
5050    2.525000000000e+02    9.391748047053e-03    7.953105797242e-03
5060    2.530000000000e+02    9.354591721928e-03    7.915830865386e-03
5070    2.535000000000e+02    9.384277608086e-03    7.945819447741e-03
5080    2.540000000000e+02    9.368710647302e-03    7.928408834232e-03
5090    2.545000000000e+02    9.362413523578e-03    7.919565557131e-03
5100    2.550000000000e+02    9.392284222737e-03    7.947705150400e-03
5110    2.555000000000e+02    9.359149192820e-03    7.912052630672e-03
5120    2.560000000000e+02    9.398660718921e-03    7.951481581586e-03
5130    2.565000000000e+02    9.370314029017e-03    7.922644224891e-03
5140    2.570000000000e+02    9.370514216713e-03    7.923528739411e-03
5150    2.575000000000e+02    9.390870375512e-03    7.944916972519e-03
5160    2.580000000000e+02    9.360673171200e-03    7.914562271253e-03
5170    2.585000000000e+02    9.405119064645e-03    7.960514781189e-03
5180    2.590000000000e+02    9.367614257555e-03    7.922491688078e-03
5190    2.595000000000e+02    9.376422469643e-03    7.931156314044e-03
5200    2.600000000000e+02    9.388067873107e-03    7.942265512611e-03
5210    2.605000000000e+02    9.363961487058e-03    7.916740524706e-03
5220    2.610000000000e+02    9.408731626654e-03    7.961438290295e-03
5230    2.615000000000e+02    9.368437553541e-03    7.920053068119e-03
5240    2.620000000000e+02    9.385867993736e-03    7.938203209051e-03
5250    2.625000000000e+02    9.385996691365e-03    7.938908622236e-03
5260    2.630000000000e+02    9.367425506260e-03    7.920821321022e-03
5270    2.635000000000e+02    9.407902658559e-03    7.963053230924e-03
5280    2.640000000000e+02    9.367518679614e-03    7.922981460979e-03
5290    2.645000000000e+02    9.394499647046e-03    7.951168139698e-03
5300    2.650000000000e+02    9.383447962243e-03    7.939653077301e-03
5310    2.655000000000e+02    9.373377849544e-03    7.927672009828e-03
5320    2.660000000000e+02    9.409364527823e-03    7.961560294461e-03
5330    2.665000000000e+02    9.373567905377e-03    7.921667042865e-03
5340    2.670000000000e+02    9.412266030509e-03    7.958124715515e-03
5350    2.675000000000e+02    9.389355148903e-03    7.933418026369e-03
5360    2.680000000000e+02    9.386692359128e-03    7.930049583592e-03
5370    2.685000000000e+02    9.412908729328e-03    7.957059579894e-03
5380    2.690000000000e+02    9.379062976386e-03    7.923309904072e-03
5390    2.695000000000e+02    9.425821662003e-03    7.972193608111e-03
5400    2.700000000000e+02    9.388183465543e-03    7.935330741930e-03
5410    2.705000000000e+02    9.393296421728e-03    7.941730021230e-03
5420    2.710000000000e+02    9.409697555772e-03    7.959574332745e-03
5430    2.715000000000e+02    9.381631197699e-03    7.931077384455e-03
5440    2.720000000000e+02    9.430558858967e-03    7.980262847013e-03
5450    2.725000000000e+02    9.389924632833e-03    7.936693779811e-03
5460    2.730000000000e+02    9.406083810380e-03    7.949774354529e-03
5470    2.735000000000e+02    9.414048270566e-03    7.954247855196e-03
5480    2.740000000000e+02    9.394508018613e-03    7.930175338515e-03
5490    2.745000000000e+02    9.441627435174e-03    7.974723308507e-03
5500    2.750000000000e+02    9.400192986217e-03    7.930394632240e-03
5510    2.755000000000e+02    9.424182177627e-03    7.954416781104e-03
5520    2.760000000000e+02    9.417898774504e-03    7.948392282742e-03
5530    2.765000000000e+02    9.402756754633e-03    7.933778724691e-03
5540    2.770000000000e+02    9.441660365420e-03    7.974577561981e-03
5550    2.775000000000e+02    9.400669367334e-03    7.933520420011e-03
5560    2.780000000000e+02    9.433833558961e-03    7.968171007633e-03
5570    2.785000000000e+02    9.414405553755e-03    7.949333784381e-03
5580    2.790000000000e+02    9.406892900949e-03    7.942727571390e-03
5590    2.795000000000e+02    9.437580996885e-03    7.975060432727e-03
5600    2.800000000000e+02    9.400365851337e-03    7.937054833747e-03
5610    2.805000000000e+02    9.444512225861e-03    7.980996314473e-03
5620    2.810000000000e+02    9.412768047854e-03    7.946962528877e-03
5630    2.815000000000e+02    9.415423020057e-03    7.947249980134e-03
5640    2.820000000000e+02    9.437905831116e-03    7.967625395395e-03
5650    2.825000000000e+02    9.406526006340e-03    7.933624950965e-03
5660    2.830000000000e+02    9.456079728119e-03    7.982984592672e-03
5670    2.835000000000e+02    9.414145510860e-03    7.939786543830e-03
5680    2.840000000000e+02    9.424322096861e-03    7.950445975439e-03
5690    2.845000000000e+02    9.433985239375e-03    7.961613857333e-03
5700    2.850000000000e+02    9.407155272724e-03    7.936061155306e-03
5710    2.855000000000e+02    9.453703828223e-03    7.985511145307e-03
5720    2.860000000000e+02    9.408552756546e-03    7.941114869936e-03
5730    2.865000000000e+02    9.427847869979e-03    7.961383190377e-03
5740    2.870000000000e+02    9.426454519877e-03    7.960065741827e-03
5750    2.875000000000e+02    9.408401261364e-03    7.941096458126e-03
5760    2.880000000000e+02    9.451595568796e-03    7.983873199919e-03
5770    2.885000000000e+02    9.409940772464e-03    7.939765488118e-03
5780    2.890000000000e+02    9.440472256724e-03    7.969427353601e-03
5790    2.895000000000e+02    9.427845110034e-03    7.955112696436e-03
5800    2.900000000000e+02    9.418401306309e-03    7.943812749545e-03
5810    2.905000000000e+02    9.454461397959e-03    7.979127576618e-03
5820    2.910000000000e+02    9.417047246853e-03    7.939112784697e-03
5830    2.915000000000e+02    9.458062296785e-03    7.978752077179e-03
5840    2.920000000000e+02    9.433619202837e-03    7.951529387356e-03
5850    2.925000000000e+02    9.433038803023e-03    7.948790152113e-03
5860    2.930000000000e+02    9.460376041699e-03    7.975095614711e-03
5870    2.935000000000e+02    9.428063035557e-03    7.940067172058e-03
5880    2.940000000000e+02    9.478587397835e-03    7.989611438461e-03
5890    2.945000000000e+02    9.440740898191e-03    7.949601545079e-03
5900    2.950000000000e+02    9.447982433345e-03    7.956228942021e-03
5910    2.955000000000e+02    9.464216211983e-03    7.972967899150e-03
5920    2.960000000000e+02    9.436085014785e-03    7.945242090500e-03
5930    2.965000000000e+02    9.484886170027e-03    7.996217264918e-03
5940    2.970000000000e+02    9.441897160323e-03    7.953079028994e-03
5950    2.975000000000e+02    9.457218799403e-03    7.968348813847e-03
5960    2.980000000000e+02    9.463042246031e-03    7.973000638231e-03
5970    2.985000000000e+02    9.442819026815e-03    7.950072461426e-03
5980    2.990000000000e+02    9.489147886338e-03    7.995117412065e-03
5990    2.995000000000e+02    9.447577400954e-03    7.950333326335e-03
6000    3.000000000000e+02    9.472260944236e-03    7.973207007126e-03
6010    3.005000000000e+02    9.466108632142e-03    7.965541009980e-03
6020    3.010000000000e+02    9.451501128818e-03    7.950189313306e-03
6030    3.015000000000e+02    9.489522014834e-03    7.989685883331e-03
6040    3.020000000000e+02    9.447727794029e-03    7.949478577757e-03
6050    3.025000000000e+02    9.478769757521e-03    7.984651775587e-03
6060    3.030000000000e+02    9.458174838222e-03    7.966719085744e-03
6070    3.035000000000e+02    9.449623729928e-03    7.959914616549e-03
6080    3.040000000000e+02    9.480230735714e-03    7.991244438017e-03
6090    3.045000000000e+02    9.444200180117e-03    7.952928626764e-03
6100    3.050000000000e+02    9.487869588976e-03    7.994620874342e-03
6110    3.055000000000e+02    9.458155217543e-03    7.961398419866e-03
6120    3.060000000000e+02    9.459911365244e-03    7.960634728079e-03
6130    3.065000000000e+02    9.482589201445e-03    7.982321802956e-03
6140    3.070000000000e+02    9.451116860938e-03    7.949853863465e-03
6150    3.075000000000e+02    9.498440343950e-03    7.998434714864e-03
6160    3.080000000000e+02    9.458904386484e-03    7.958928281369e-03
6170    3.085000000000e+02    9.467741214929e-03    7.968508137310e-03
6180    3.090000000000e+02    9.479898173558e-03    7.981060214661e-03
6190    3.095000000000e+02    9.454280402757e-03    7.954693356623e-03
6200    3.100000000000e+02    9.500951921131e-03    8.001503126252e-03
6210    3.105000000000e+02    9.460477583275e-03    7.958842808875e-03
6220    3.110000000000e+02    9.479156134706e-03    7.975752814673e-03
6230    3.115000000000e+02    9.482046821967e-03    7.976616769156e-03
6240    3.120000000000e+02    9.464398720067e-03    7.955832318657e-03
6250    3.125000000000e+02    9.507095525362e-03    7.998031054740e-03
6260    3.130000000000e+02    9.467309081994e-03    7.957101107422e-03
6270    3.135000000000e+02    9.493669292216e-03    7.984246763044e-03
6280    3.140000000000e+02    9.483605291931e-03    7.975014868862e-03
6290    3.145000000000e+02    9.471129405241e-03    7.963128721713e-03
6300    3.150000000000e+02    9.506090351134e-03    7.999301196833e-03
6310    3.155000000000e+02    9.469051491877e-03    7.961011698171e-03
6320    3.160000000000e+02    9.505063358758e-03    7.996526967872e-03
6330    3.165000000000e+02    9.484615826590e-03    7.973792735356e-03
6340    3.170000000000e+02    9.481042432640e-03    7.967985450705e-03
6350    3.175000000000e+02    9.508715838771e-03    7.994642584890e-03
6360    3.180000000000e+02    9.475770374151e-03    7.959947817653e-03
6370    3.185000000000e+02    9.520450404826e-03    8.004791683561e-03
6380    3.190000000000e+02    9.486907754559e-03    7.970077113896e-03
6390    3.195000000000e+02    9.490550217484e-03    7.973092257089e-03
6400    3.200000000000e+02    9.508646257222e-03    7.990665484613e-03
6410    3.205000000000e+02    9.480569082415e-03    7.961228649037e-03
6420    3.210000000000e+02    9.526013242676e-03    8.007405799617e-03
6430    3.215000000000e+02    9.487349962528e-03    7.968399416313e-03
6440    3.220000000000e+02    9.498578232170e-03    7.980791391674e-03
6450    3.225000000000e+02    9.505630285399e-03    7.989165964318e-03
6460    3.230000000000e+02    9.482987839722e-03    7.966938035679e-03
6470    3.235000000000e+02    9.525268127573e-03    8.010442363229e-03
6480    3.240000000000e+02    9.486008185330e-03    7.969934946232e-03
6490    3.245000000000e+02    9.506593041453e-03    7.990264699401e-03
6500    3.250000000000e+02    9.503425417230e-03    7.986167860508e-03
6510    3.255000000000e+02    9.488460491953e-03    7.969704421157e-03
6520    3.260000000000e+02    9.525749640195e-03    8.007053712390e-03
6530    3.265000000000e+02    9.488316110693e-03    7.968476066708e-03
6540    3.270000000000e+02    9.517101021905e-03    7.998227937605e-03
6550    3.275000000000e+02    9.501145122412e-03    7.983202540345e-03
6560    3.280000000000e+02    9.492488973391e-03    7.975522125889e-03
6570    3.285000000000e+02    9.521542141982e-03    8.005921095901e-03
6580    3.290000000000e+02    9.487559905002e-03    7.971571047165e-03
6590    3.295000000000e+02    9.525893268388e-03    8.010502743673e-03
6600    3.300000000000e+02    9.498638450205e-03    7.982856195667e-03
6610    3.305000000000e+02    9.498184869070e-03    7.983076827259e-03
6620    3.310000000000e+02    9.518399341759e-03    8.004956025616e-03
6630    3.315000000000e+02    9.489195592456e-03    7.975654953043e-03
6640    3.320000000000e+02    9.532682978849e-03    8.019253444218e-03
6650    3.325000000000e+02    9.498213633651e-03    7.982837392774e-03
6660    3.330000000000e+02    9.507332872582e-03    7.990033143869e-03
6670    3.335000000000e+02    9.519689162622e-03    8.000317341612e-03
6680    3.340000000000e+02    9.497469506431e-03    7.975897109645e-03
6690    3.345000000000e+02    9.539908792680e-03    8.018032938708e-03
6700    3.350000000000e+02    9.502959727895e-03    7.979661349964e-03
6710    3.355000000000e+02    9.519790336220e-03    7.995879536793e-03
6720    3.360000000000e+02    9.521276138574e-03    7.996522421308e-03
6730    3.365000000000e+02    9.505112618160e-03    7.979579781022e-03
6740    3.370000000000e+02    9.542757420059e-03    8.018123983675e-03
6750    3.375000000000e+02    9.506177682982e-03    7.981366095919e-03
6760    3.380000000000e+02    9.530415922811e-03    8.007421464754e-03
6770    3.385000000000e+02    9.519845397795e-03    7.997985099792e-03
6780    3.390000000000e+02    9.509849439552e-03    7.988635367838e-03
6790    3.395000000000e+02    9.540977483129e-03    8.020677690183e-03
6800    3.400000000000e+02    9.508067039824e-03    7.986528109541e-03
6810    3.405000000000e+02    9.542084609785e-03    8.020520785067e-03
6820    3.410000000000e+02    9.521118649751e-03    7.998049501111e-03
6830    3.415000000000e+02    9.519197391434e-03    7.994591855095e-03
6840    3.420000000000e+02    9.543071868690e-03    8.017479009141e-03
6850    3.425000000000e+02    9.514700110859e-03    7.986713005266e-03
6860    3.430000000000e+02    9.557776874330e-03    8.029061157686e-03
6870    3.435000000000e+02    9.524717396218e-03    7.994787105417e-03
6880    3.440000000000e+02    9.529001324891e-03    8.000267364878e-03
6890    3.445000000000e+02    9.541950288325e-03    8.015896613870e-03
6900    3.450000000000e+02    9.515433032273e-03    7.991724256499e-03
6910    3.455000000000e+02    9.556270665137e-03    8.036271200581e-03
6920    3.460000000000e+02    9.517930377996e-03    7.999542478501e-03
6930    3.465000000000e+02    9.529455715355e-03    8.012848636099e-03
6940    3.470000000000e+02    9.533684063623e-03    8.017970534638e-03
6950    3.475000000000e+02    9.513996402482e-03    7.998015984413e-03
6960    3.480000000000e+02    9.553310226174e-03    8.037629520004e-03
6970    3.485000000000e+02    9.515993750572e-03    7.998427852726e-03
6980    3.490000000000e+02    9.536786697441e-03    8.018013211768e-03
6990    3.495000000000e+02    9.531937648776e-03    8.011306892513e-03
7000    3.500000000000e+02    9.519123780307e-03    7.996772092156e-03
7010    3.505000000000e+02    9.553584389135e-03    8.030660407712e-03
7020    3.510000000000e+02    9.517546953844e-03    7.993515848284e-03
7030    3.515000000000e+02    9.545289258824e-03    8.023104270251e-03
7040    3.520000000000e+02    9.527525254508e-03    8.007431974875e-03
7050    3.525000000000e+02    9.518930275354e-03    8.001924464224e-03
7060    3.530000000000e+02    9.544501222985e-03    8.031709293391e-03
7070    3.535000000000e+02    9.510891004265e-03    8.000113244634e-03
7080    3.540000000000e+02    9.547494891883e-03    8.038896600738e-03
7090    3.545000000000e+02    9.520133327777e-03    8.011188427190e-03
7100    3.550000000000e+02    9.521336104431e-03    8.011553339202e-03
7110    3.555000000000e+02    9.541682149677e-03    8.030620853788e-03
7120    3.560000000000e+02    9.515227134953e-03    8.001242104001e-03
7130    3.565000000000e+02    9.558755831105e-03    8.043160024499e-03
7140    3.570000000000e+02    9.525780362239e-03    8.007087822079e-03
7150    3.575000000000e+02    9.535399001238e-03    8.014736284167e-03
7160    3.580000000000e+02    9.546600386186e-03    8.025615998122e-03
7170    3.585000000000e+02    9.524150774749e-03    8.003028863641e-03
7180    3.590000000000e+02    9.564533042369e-03    8.045895074247e-03
7190    3.595000000000e+02    9.527171743023e-03    8.010098003979e-03
7200    3.600000000000e+02    9.542310952114e-03    8.027709976886e-03
7210    3.605000000000e+02    9.542988718460e-03    8.030170631173e-03
7220    3.610000000000e+02    9.526186813951e-03    8.013516784558e-03
7230    3.615000000000e+02    9.563236178322e-03    8.051262397203e-03
7240    3.620000000000e+02    9.527649220058e-03    8.014068585908e-03
7250    3.625000000000e+02    9.551691220426e-03    8.037635054279e-03
7260    3.630000000000e+02    9.542932871814e-03    8.027718127778e-03
7270    3.635000000000e+02    9.532762509649e-03    8.016236379262e-03
7280    3.640000000000e+02    9.564166313199e-03    8.047535605328e-03
7290    3.645000000000e+02    9.530475332804e-03    8.012721023078e-03
7300    3.650000000000e+02    9.561609484770e-03    8.045198787840e-03
7310    3.655000000000e+02    9.540263962102e-03    8.025053504753e-03
7320    3.660000000000e+02    9.534139336786e-03    8.021839900721e-03
7330    3.665000000000e+02    9.555830442931e-03    8.047491839534e-03
7340    3.670000000000e+02    9.523748920417e-03    8.017999056392e-03
7350    3.675000000000e+02    9.562500072048e-03    8.059888627940e-03
7360    3.680000000000e+02    9.530008557472e-03    8.027990084884e-03
7370    3.685000000000e+02    9.532470552029e-03    8.030747972953e-03
7380    3.690000000000e+02    9.547633880845e-03    8.045587092965e-03
7390    3.695000000000e+02    9.521790654912e-03    8.018427613933e-03
7400    3.700000000000e+02    9.563108910243e-03    8.059902065725e-03
7410    3.705000000000e+02    9.527423630022e-03    8.023294407394e-03
7420    3.710000000001e+02    9.538099105825e-03    8.034227595999e-03
7430    3.715000000001e+02    9.543873848624e-03    8.040858599088e-03
7440    3.720000000001e+02    9.522851202060e-03    8.020461827073e-03
7450    3.725000000001e+02    9.560643847309e-03    8.060643152021e-03
7460    3.730000000001e+02    9.523233640723e-03    8.024393422602e-03
7470    3.735000000001e+02    9.541076577013e-03    8.044629511460e-03
7480    3.740000000001e+02    9.536444785553e-03    8.042330814533e-03
7490    3.745000000001e+02    9.521837304396e-03    8.028700993236e-03
7500    3.750000000001e+02    9.555908129986e-03    8.063693618169e-03
7510    3.755000000001e+02    9.521475355196e-03    8.027620085159e-03
7520    3.760000000001e+02    9.549478828448e-03    8.054206062297e-03
7530    3.765000000001e+02    9.536379595831e-03    8.038111101996e-03
7540    3.770000000001e+02    9.530124212968e-03    8.029259772229e-03
7550    3.775000000001e+02    9.558442247468e-03    8.056898216637e-03
7560    3.780000000001e+02    9.526788346678e-03    8.024338146242e-03
7570    3.785000000001e+02    9.561654438739e-03    8.061397914389e-03
7580    3.790000000001e+02    9.534557666314e-03    8.036582026762e-03
7590    3.795000000001e+02    9.532182377573e-03    8.037205711844e-03
7600    3.800000000001e+02    9.550226043595e-03    8.058581703153e-03
7610    3.805000000001e+02    9.521193417930e-03    8.031162351472e-03
7620    3.810000000001e+02    9.560798193227e-03    8.073062921540e-03
7630    3.815000000001e+02    9.526981190173e-03    8.039129518693e-03
7640    3.820000000001e+02    9.533629766229e-03    8.045907789892e-03
7650    3.825000000001e+02    9.544099373753e-03    8.056350322477e-03
7660    3.830000000001e+02    9.520961609349e-03    8.032169528633e-03
7670    3.835000000001e+02    9.560482314077e-03    8.072132404777e-03
7680    3.840000000001e+02    9.524020409710e-03    8.035296464186e-03
7690    3.845000000001e+02    9.538060031922e-03    8.050967792769e-03
7700    3.850000000001e+02    9.537793615409e-03    8.052952810431e-03
7710    3.855000000001e+02    9.519054119904e-03    8.036374739277e-03
7720    3.860000000001e+02    9.553421413280e-03    8.074199172370e-03
7730    3.865000000001e+02    9.516196686443e-03    8.037988565775e-03
7740    3.870000000001e+02    9.538550892384e-03    8.061531293606e-03
7750    3.875000000001e+02    9.528821178510e-03    8.051522909227e-03
7760    3.880000000001e+02    9.518791998215e-03    8.040193759371e-03
7770    3.885000000001e+02    9.550072736942e-03    8.070314633187e-03
7780    3.890000000001e+02    9.517059421591e-03    8.035129125346e-03
7790    3.895000000001e+02    9.548925333179e-03    8.067273809502e-03
7800    3.900000000001e+02    9.527440871827e-03    8.046202804508e-03
7810    3.905000000001e+02    9.522869848284e-03    8.043543000895e-03
7820    3.910000000001e+02    9.544556687589e-03    8.068673598245e-03
7830    3.915000000001e+02    9.513418051736e-03    8.039935770285e-03
7840    3.920000000001e+02    9.553369828624e-03    8.083049390734e-03
7850    3.925000000001e+02    9.520424639310e-03    8.050400214415e-03
7860    3.930000000001e+02    9.524456374059e-03    8.054262943915e-03
7870    3.935000000001e+02    9.539238577563e-03    8.068456432738e-03
7880    3.940000000001e+02    9.514982525112e-03    8.042215114983e-03
7890    3.945000000001e+02    9.557715818932e-03    8.084115566817e-03
7900    3.950000000001e+02    9.521931394003e-03    8.046649680182e-03
7910    3.955000000001e+02    9.534202935463e-03    8.058806637564e-03
7920    3.960000000001e+02    9.538639652744e-03    8.063918963671e-03
7930    3.965000000001e+02    9.518246747429e-03    8.044483930462e-03
7940    3.970000000001e+02    9.555582314105e-03    8.084828036772e-03
7950    3.975000000001e+02    9.517205645637e-03    8.048260917349e-03
7960    3.980000000001e+02    9.535943061164e-03    8.069877101661e-03
7970    3.985000000001e+02    9.529476520953e-03    8.065569772953e-03
7980    3.990000000001e+02    9.515596125647e-03    8.052845103521e-03
7990    3.995000000001e+02    9.548460012502e-03    8.087193308711e-03
8000    4.000000000001e+02    9.513286382131e-03    8.050804090090e-03
8010    4.005000000001e+02    9.541876298915e-03    8.079048778200e-03
8020    4.010000000001e+02    9.525867679668e-03    8.061853696745e-03
8030    4.015000000001e+02    9.519799115422e-03    8.054982222347e-03
8040    4.020000000001e+02    9.546441677676e-03    8.081978810878e-03
8050    4.025000000001e+02    9.514429776708e-03    8.049696794842e-03
8060    4.030000000001e+02    9.550799553174e-03    8.087874942248e-03
8070    4.035000000001e+02    9.522004191187e-03    8.059709245572e-03
8080    4.040000000001e+02    9.521507261473e-03    8.060956463851e-03
8090    4.045000000001e+02    9.538729256855e-03    8.080303305178e-03
8100    4.050000000001e+02    9.510541355299e-03    8.052738755396e-03
8110    4.055000000001e+02    9.551997381431e-03    8.095555775981e-03
8120    4.060000000001e+02    9.516342645357e-03    8.059106583460e-03
8130    4.065000000001e+02    9.524596391678e-03    8.067462124018e-03
8140    4.070000000001e+02    9.533465666452e-03    8.076538360910e-03
8150    4.075000000001e+02    9.510794362828e-03    8.053434338763e-03
8160    4.080000000001e+02    9.551031349811e-03    8.094768113551e-03
8170    4.085000000001e+02    9.513161481328e-03    8.056918799412e-03
8180    4.090000000001e+02    9.529367713448e-03    8.073982137830e-03
8190    4.095000000001e+02    9.528023474638e-03    8.073351060375e-03
8200    4.100000000001e+02    9.510686015252e-03    8.056943632255e-03
8210    4.105000000001e+02    9.545997949989e-03    8.094353513115e-03
8220    4.110000000001e+02    9.508256520585e-03    8.056802522333e-03
8230    4.115000000001e+02    9.532289686925e-03    8.081991545623e-03
8240    4.120000000001e+02    9.520505736060e-03    8.070273104750e-03
8250    4.125000000001e+02    9.510363723321e-03    8.059618167863e-03
8260    4.130000000001e+02    9.540074604611e-03    8.089969280263e-03
8270    4.135000000001e+02    9.505021332200e-03    8.054801701292e-03
8280    4.140000000001e+02    9.537015926955e-03    8.088514635347e-03
8290    4.145000000001e+02    9.513284147099e-03    8.065812566201e-03
8300    4.150000000001e+02    9.509508339608e-03    8.063133958785e-03
8310    4.155000000001e+02    9.531521838357e-03    8.086091059340e-03
8320    4.160000000001e+02    9.501172651569e-03    8.054782329054e-03
8330    4.165000000001e+02    9.543121381257e-03    8.096737631604e-03
8340    4.170000000001e+02    9.509445574735e-03    8.060976447268e-03
8350    4.175000000001e+02    9.514282764538e-03    8.064692984590e-03
8360    4.180000000001e+02    9.528278497945e-03    8.078203675723e-03
8370    4.185000000001e+02    9.503140888972e-03    8.051771812461e-03
8380    4.190000000001e+02    9.545582840385e-03    8.094786299807e-03
8390    4.195000000001e+02    9.507829537315e-03    8.056278738877e-03
8400    4.200000000001e+02    9.519753999299e-03    8.068694000940e-03
8410    4.205000000001e+02    9.523356709234e-03    8.073341467025e-03
8420    4.210000000001e+02    9.502405764597e-03    8.053441314587e-03
8430    4.215000000001e+02    9.540325276421e-03    8.093928111521e-03
8440    4.220000000001e+02    9.501411546548e-03    8.055712516580e-03
8450    4.225000000001e+02    9.521105930693e-03    8.076559565779e-03
8460    4.230000000001e+02    9.515196780620e-03    8.070202458839e-03
8470    4.235000000001e+02    9.501664880651e-03    8.055341332692e-03
8480    4.240000000001e+02    9.535312697183e-03    8.088670755569e-03
8490    4.245000000001e+02    9.498799172762e-03    8.050768062276e-03
8500    4.250000000001e+02    9.526636502923e-03    8.079470238044e-03
8510    4.255000000001e+02    9.509081471896e-03    8.062890417023e-03
8520    4.260000000001e+02    9.501207234744e-03    8.056134854087e-03
8530    4.265000000001e+02    9.527222320496e-03    8.083837124104e-03
8540    4.270000000001e+02    9.493542377253e-03    8.050223682403e-03
8550    4.275000000001e+02    9.529352609400e-03    8.087770977909e-03
8560    4.280000000001e+02    9.499984107394e-03    8.059282036811e-03
8570    4.285000000001e+02    9.498696317964e-03    8.059817073445e-03
8580    4.290000000001e+02    9.516016329130e-03    8.079383493168e-03
8590    4.295000000001e+02    9.486314102509e-03    8.050370809542e-03
8600    4.300000000001e+02    9.527122561333e-03    8.092563637547e-03
8610    4.305000000001e+02    9.490806959777e-03    8.055312659963e-03
8620    4.310000000001e+02    9.497948155074e-03    8.062055737355e-03
8630    4.315000000001e+02    9.507534156359e-03    8.071056356130e-03
8640    4.320000000001e+02    9.484338560953e-03    8.046199131059e-03
8650    4.325000000001e+02    9.525243151140e-03    8.086765128610e-03
8660    4.330000000001e+02    9.487750879974e-03    8.047529864598e-03
8670    4.335000000001e+02    9.503536902642e-03    8.062761702604e-03
8680    4.340000000001e+02    9.503862436011e-03    8.062512853940e-03
8690    4.345000000001e+02    9.486371176649e-03    8.044602890550e-03
8700    4.350000000001e+02    9.522641765609e-03    8.082500824457e-03
8710    4.355000000001e+02    9.484960804988e-03    8.045469507124e-03
8720    4.360000000001e+02    9.507911392543e-03    8.070443856923e-03
8730    4.365000000001e+02    9.497098596071e-03    8.060691378887e-03
8740    4.370000000001e+02    9.486066578685e-03    8.049593916439e-03
8750    4.375000000001e+02    9.517357885932e-03    8.080570201855e-03
8760    4.380000000001e+02    9.483535112780e-03    8.044177294323e-03
8770    4.385000000001e+02    9.516590256106e-03    8.075973531959e-03
8780    4.390000000001e+02    9.496300947850e-03    8.053434751673e-03
8790    4.395000000001e+02    9.493206952826e-03    8.048172121562e-03
8800    4.400000000001e+02    9.517842586470e-03    8.071805249529e-03
8810    4.405000000001e+02    9.487703022922e-03    8.039795199693e-03
8820    4.410000000001e+02    9.528972098302e-03    8.081629050139e-03
8830    4.415000000001e+02    9.495952283079e-03    8.048654256527e-03
8840    4.420000000001e+02    9.498637504706e-03    8.052642599978e-03
8850    4.425000000001e+02    9.513567436406e-03    8.069151159361e-03
8860    4.430000000001e+02    9.486953653460e-03    8.042637206017e-03
8870    4.435000000001e+02    9.529198367273e-03    8.085962526820e-03
8880    4.440000000001e+02    9.492764933514e-03    8.047807599723e-03
8890    4.445000000001e+02    9.504121292078e-03    8.058019594500e-03
8900    4.450000000001e+02    9.510528063069e-03    8.063569218393e-03
8910    4.455000000001e+02    9.489555176325e-03    8.041237409088e-03
8920    4.460000000001e+02    9.529572317445e-03    8.081140520517e-03
8930    4.465000000001e+02    9.492270362200e-03    8.041982294344e-03
8940    4.470000000001e+02    9.511834778965e-03    8.060920074968e-03
8950    4.475000000001e+02    9.508258620305e-03    8.056463290814e-03
8960    4.480000000001e+02    9.493035905938e-03    8.040773488574e-03
8970    4.485000000001e+02    9.527803613626e-03    8.077191943812e-03
8980    4.490000000001e+02    9.490425211298e-03    8.041014315495e-03
8990    4.495000000001e+02    9.517034228515e-03    8.070713843153e-03
9000    4.500000000001e+02    9.501110990937e-03    8.056692124228e-03
9010    4.505000000001e+02    9.492136262168e-03    8.049157782807e-03
9020    4.510000000001e+02    9.520995048051e-03    8.079263432592e-03
9030    4.515000000001e+02    9.487819088159e-03    8.044215441259e-03
9040    4.520000000001e+02    9.526043330385e-03    8.081042628874e-03
9050    4.525000000001e+02    9.500732348393e-03    8.052800443693e-03
9060    4.530000000001e+02    9.501252378970e-03    8.050560643824e-03
9070    4.535000000001e+02    9.523790019727e-03    8.071200984887e-03
9080    4.540000000001e+02    9.495184937820e-03    8.040576636631e-03
9090    4.545000000001e+02    9.538573814858e-03    8.084357498774e-03
9100    4.550000000001e+02    9.503264256637e-03    8.049203486735e-03
9110    4.555000000001e+02    9.509719836447e-03    8.057533521423e-03
9120    4.560000000001e+02    9.520959029275e-03    8.071336649664e-03
9130    4.565000000001e+02    9.495594073355e-03    8.047384841120e-03
9140    4.570000000001e+02    9.538074788071e-03    8.091867619441e-03
9150    4.575000000001e+02    9.500492689344e-03    8.053250277044e-03
9160    4.580000000001e+02    9.517262688486e-03    8.068586761510e-03
9170    4.585000000001e+02    9.520727378586e-03    8.069641368820e-03
9180    4.590000000001e+02    9.503965571159e-03    8.049283213950e-03
9190    4.595000000001e+02    9.545128602974e-03    8.087867445283e-03
9200    4.600000000001e+02    9.508857966272e-03    8.047638579228e-03
9210    4.605000000001e+02    9.535066695131e-03    8.071806701992e-03
9220    4.610000000001e+02    9.526769128789e-03    8.062138295827e-03
9230    4.615000000001e+02    9.515344107749e-03    8.049989532083e-03
9240    4.620000000001e+02    9.548821175211e-03    8.084800065262e-03
9250    4.625000000001e+02    9.512541470706e-03    8.048865223827e-03
9260    4.630000000001e+02    9.546476028642e-03    8.084241088909e-03
9270    4.635000000001e+02    9.525469117606e-03    8.063003187090e-03
9280    4.640000000001e+02    9.521762346117e-03    8.058707229793e-03
9290    4.645000000001e+02    9.548489333428e-03    8.084945943665e-03
9300    4.650000000001e+02    9.517315685176e-03    8.051103439357e-03
9310    4.655000000001e+02    9.562797703056e-03    8.095403421976e-03
9320    4.660000000001e+02    9.529916328875e-03    8.060241935709e-03
9330    4.665000000001e+02    9.534700685050e-03    8.063670242336e-03
9340    4.670000000001e+02    9.552013922745e-03    8.081036909061e-03
9350    4.675000000001e+02    9.524795095307e-03    8.053396470132e-03
9360    4.680000000001e+02    9.570837895865e-03    8.100256917714e-03
9370    4.685000000001e+02    9.532383172901e-03    8.060237900281e-03
9380    4.690000000001e+02    9.545857185917e-03    8.072799416368e-03
9390    4.695000000001e+02    9.553068174655e-03    8.079271841780e-03
9400    4.700000000001e+02    9.531952305692e-03    8.056844400926e-03
9410    4.705000000001e+02    9.575298686896e-03    8.100617700620e-03
9420    4.710000000001e+02    9.535457819991e-03    8.059430900175e-03
9430    4.715000000001e+02    9.557884071854e-03    8.081217257313e-03
9440    4.720000000001e+02    9.553762346180e-03    8.075357910457e-03
9450    4.725000000001e+02    9.539698800223e-03    8.059362513450e-03
9460    4.730000000001e+02    9.577984277145e-03    8.097396617814e-03
9470    4.735000000001e+02    9.539463339205e-03    8.057459743213e-03
9480    4.740000000001e+02    9.570883791116e-03    8.089540097899e-03
9490    4.745000000001e+02    9.553310955143e-03    8.072691544839e-03
9500    4.750000000001e+02    9.545547045346e-03    8.066183618212e-03
9510    4.755000000001e+02    9.575437312119e-03    8.097918447675e-03
9520    4.760000000001e+02    9.539440417778e-03    8.062266530942e-03
9530    4.765000000001e+02    9.580897108533e-03    8.105100371722e-03
9540    4.770000000001e+02    9.550956581140e-03    8.074069716713e-03
9550    4.775000000001e+02    9.552894106200e-03    8.074432561443e-03
9560    4.780000000001e+02    9.575661780282e-03    8.095442114609e-03
9570    4.785000000001e+02    9.546250861510e-03    8.063105094152e-03
9580    4.790000000001e+02    9.595052805138e-03    8.110288784337e-03
9590    4.795000000001e+02    9.557036086606e-03    8.069095094470e-03
9600    4.800000000001e+02    9.568345279759e-03    8.078454246061e-03
9610    4.805000000001e+02    9.580341624702e-03    8.089789208498e-03
9620    4.810000000001e+02    9.555604275800e-03    8.065110052485e-03
9630    4.815000000001e+02    9.601438426053e-03    8.113832801428e-03
9640    4.820000000001e+02    9.558758106802e-03    8.072886389527e-03
9650    4.825000000001e+02    9.577820689999e-03    8.093730418295e-03
9660    4.830000000001e+02    9.578268980939e-03    8.094338395495e-03
9670    4.835000000001e+02    9.562020960015e-03    8.075909810941e-03
9680    4.840000000001e+02    9.605645181700e-03    8.117968988699e-03
9690    4.845000000001e+02    9.566619809571e-03    8.075517306679e-03
9700    4.850000000001e+02    9.597128369021e-03    8.104202846880e-03
9710    4.855000000001e+02    9.586176779545e-03    8.091501824310e-03
9720    4.860000000001e+02    9.577302441252e-03    8.080980919658e-03
9730    4.865000000001e+02    9.613296612980e-03    8.116150283058e-03
9740    4.870000000001e+02    9.577012542628e-03    8.077027082436e-03
9750    4.875000000001e+02    9.616711969657e-03    8.115607042782e-03
9760    4.880000000001e+02    9.593085959941e-03    8.089815516541e-03
9770    4.885000000001e+02    9.592152127807e-03    8.087016474747e-03
9780    4.890000000001e+02    9.618841019904e-03    8.113208645227e-03
9790    4.895000000001e+02    9.586217596049e-03    8.079505254500e-03
9800    4.900000000001e+02    9.634501739571e-03    8.128576271702e-03
9810    4.905000000001e+02    9.596683841070e-03    8.089390037640e-03
9820    4.910000000001e+02    9.603074554991e-03    8.095462484562e-03
9830    4.915000000001e+02    9.618885198348e-03    8.111465589536e-03
9840    4.920000000001e+02    9.591154100929e-03    8.082662811830e-03
9850    4.925000000001e+02    9.639135320024e-03    8.131818844959e-03
9860    4.930000000001e+02    9.596153318066e-03    8.088626786957e-03
9870    4.935000000001e+02    9.610219515713e-03    8.103625044896e-03
9880    4.940000000001e+02    9.614438758242e-03    8.108149156214e-03
9890    4.945000000001e+02    9.592531921329e-03    8.086066538453e-03
9900    4.950000000001e+02    9.636637771134e-03    8.131379867336e-03
9910    4.955000000001e+02    9.593539092659e-03    8.087615276963e-03
9920    4.960000000001e+02    9.616938706452e-03    8.111597039715e-03
9930    4.965000000001e+02    9.609987095944e-03    8.103936597763e-03
9940    4.970000000001e+02    9.596028338386e-03    8.088700469671e-03
9950    4.975000000001e+02    9.634995225766e-03    8.126729491778e-03
9960    4.980000000001e+02    9.595408858495e-03    8.084693941782e-03
9970    4.985000000001e+02    9.628931319084e-03    8.118173886032e-03
9980    4.990000000001e+02    9.609526874499e-03    8.098726950266e-03
9990    4.995000000001e+02    9.602827889644e-03    8.092453113932e-03
10000    5.000000000001e+02    9.632757878968e-03    8.123497008455e-03
10010    5.005000000001e+02    9.596875528307e-03    8.087211672319e-03
10020    5.010000000001e+02    9.640263706308e-03    8.131036377563e-03
10030    5.015000000001e+02    9.609084928520e-03    8.098439797322e-03
10040    5.020000000001e+02    9.611918815173e-03    8.100111100248e-03
10050    5.025000000001e+02    9.633558606038e-03    8.121426210892e-03
10060    5.030000000001e+02    9.604056321410e-03    8.090267140688e-03
10070    5.035000000001e+02    9.652796490342e-03    8.138742131450e-03
10080    5.040000000001e+02    9.614002164257e-03    8.098221048385e-03
10090    5.045000000001e+02    9.625587478279e-03    8.108627256661e-03
10100    5.050000000001e+02    9.637164790595e-03    8.119196301777e-03
10110    5.055000000001e+02    9.613972038318e-03    8.094191879536e-03
10120    5.060000000001e+02    9.660406549172e-03    8.140650807036e-03
10130    5.065000000001e+02    9.619666169929e-03    8.098350042928e-03
10140    5.070000000001e+02    9.639017227427e-03    8.117226392642e-03
10150    5.075000000001e+02    9.638878493622e-03    8.116577127112e-03
10160    5.080000000001e+02    9.621664782464e-03    8.098252895252e-03
10170    5.085000000001e+02    9.662075741640e-03    8.139217657117e-03
10180    5.090000000001e+02    9.621893426393e-03    8.098446754957e-03
10190    5.095000000001e+02    9.648405411859e-03    8.126798868943e-03
10200    5.100000000001e+02    9.635335779094e-03    8.115435185573e-03
10210    5.105000000001e+02    9.623592027174e-03    8.105779324978e-03
10220    5.110000000001e+02    9.655164676092e-03    8.140451142026e-03
10230    5.115000000001e+02    9.616984688531e-03    8.103800207209e-03
10240    5.120000000001e+02    9.651643264282e-03    8.140978588017e-03
10250    5.125000000001e+02    9.627215284395e-03    8.116796901959e-03
10260    5.130000000001e+02    9.624072324244e-03    8.113249396956e-03
10270    5.135000000001e+02    9.649096259022e-03    8.137337224071e-03
10280    5.140000000001e+02    9.617930549951e-03    8.102835825412e-03
10290    5.145000000001e+02    9.663745008530e-03    8.146547342221e-03
10300    5.150000000001e+02    9.628573653491e-03    8.108327087939e-03
10310    5.155000000001e+02    9.633638303085e-03    8.112034952319e-03
10320    5.160000000001e+02    9.648510994641e-03    8.126733918289e-03
10330    5.165000000001e+02    9.620865058274e-03    8.099248693725e-03
10340    5.170000000001e+02    9.664439774288e-03    8.145420328219e-03
10350    5.175000000001e+02    9.623221013997e-03    8.105558817988e-03
10360    5.180000000001e+02    9.634165118103e-03    8.119194385472e-03
10370    5.185000000001e+02    9.637483442086e-03    8.124985740324e-03
10380    5.190000000001e+02    9.615511430944e-03    8.103928649689e-03
10390    5.195000000001e+02    9.655917088575e-03    8.145642833369e-03
10400    5.200000000001e+02    9.616706609027e-03    8.104721000564e-03
10410    5.205000000001e+02    9.638496561356e-03    8.124552549816e-03
10420    5.210000000001e+02    9.634282211063e-03    8.117105404381e-03
10430    5.215000000001e+02    9.621554336562e-03    8.100614090836e-03
10440    5.220000000001e+02    9.658046968598e-03    8.134781257468e-03
10450    5.225000000001e+02    9.622199295094e-03    8.095906548988e-03
10460    5.230000000001e+02    9.651975809087e-03    8.124890024192e-03
10470    5.235000000001e+02    9.635680074504e-03    8.108032715427e-03
10480    5.240000000001e+02    9.627941038674e-03    8.100700065370e-03
10490    5.245000000001e+02    9.654946240170e-03    8.129987049870e-03
10500    5.250000000001e+02    9.620349602859e-03    8.097059461761e-03
10510    5.255000000001e+02    9.656309526201e-03    8.136358555930e-03
10520    5.260000000001e+02    9.627184355611e-03    8.109349096230e-03
10530    5.265000000001e+02    9.625811063233e-03    8.109858174066e-03
10540    5.270000000001e+02    9.645094794411e-03    8.130222128784e-03
10550    5.275000000001e+02    9.616622873998e-03    8.100263713459e-03
10560    5.280000000001e+02    9.659186846304e-03    8.142038929691e-03
10570    5.285000000001e+02    9.624783157403e-03    8.105382902613e-03
10580    5.290000000001e+02    9.632121690720e-03    8.112233540487e-03
10590    5.295000000001e+02    9.642217795058e-03    8.123361083562e-03
10600    5.300000000001e+02    9.617362933130e-03    8.100083932732e-03
10610    5.305000000001e+02    9.656414351830e-03    8.142706634317e-03
10620    5.310000000001e+02    9.617639224109e-03    8.105589177831e-03
10630    5.315000000001e+02    9.631217486224e-03    8.121439651404e-03
10640    5.320000000001e+02    9.631005477603e-03    8.122564753648e-03
10650    5.325000000001e+02    9.612036917001e-03    8.104092659778e-03
10660    5.330000000001e+02    9.647939750797e-03    8.141267490828e-03
10670    5.335000000001e+02    9.610719157241e-03    8.103194018986e-03
10680    5.340000000001e+02    9.633382887068e-03    8.125425642902e-03
10690    5.345000000001e+02    9.624059014543e-03    8.114472469060e-03
10700    5.350000000001e+02    9.612741427705e-03    8.101050554615e-03
10710    5.355000000001e+02    9.643896345449e-03    8.131333944220e-03
10720    5.360000000001e+02    9.609255777293e-03    8.095284752926e-03
10730    5.365000000001e+02    9.639753482218e-03    8.126854188959e-03
10740    5.370000000001e+02    9.618443005123e-03    8.106318008686e-03
10750    5.375000000001e+02    9.612706577076e-03    8.101051746053e-03
10760    5.380000000001e+02    9.636129511666e-03    8.124773999043e-03
10770    5.385000000001e+02    9.605122099362e-03    8.091969386442e-03
10780    5.390000000001e+02    9.644893063838e-03    8.131386369314e-03
10790    5.395000000001e+02    9.612894946167e-03    8.098288856672e-03
10800    5.400000000001e+02    9.614254551699e-03    8.100132077743e-03
10810    5.405000000001e+02    9.628746782467e-03    8.116498018353e-03
10820    5.410000000001e+02    9.600856172401e-03    8.089643428320e-03
10830    5.415000000001e+02    9.640539051685e-03    8.131639499879e-03
10840    5.420000000001e+02    9.603612069796e-03    8.095303747723e-03
10850    5.425000000001e+02    9.612795690336e-03    8.105348429126e-03
10860    5.430000000001e+02    9.619228713238e-03    8.111902461678e-03
10870    5.435000000001e+02    9.598172058585e-03    8.089873485005e-03
10880    5.440000000001e+02    9.637598624209e-03    8.129275600368e-03
10890    5.445000000001e+02    9.601586986388e-03    8.091229236015e-03
10900    5.450000000001e+02    9.620345136480e-03    8.109008828797e-03
10910    5.455000000001e+02    9.617818191227e-03    8.105817128126e-03
10920    5.460000000001e+02    9.602679103348e-03    8.090790780443e-03
10930    5.465000000001e+02    9.636640299351e-03    8.127122032420e-03
10940    5.470000000001e+02    9.600397727592e-03    8.092560794466e-03
10950    5.475000000000e+02    9.626072403164e-03    8.121051149828e-03
10960    5.480000000000e+02    9.611593624169e-03    8.107944341646e-03
10970    5.485000000000e+02    9.603009796445e-03    8.099404713903e-03
10980    5.490000000000e+02    9.631833311154e-03    8.127618944854e-03
10990    5.495000000000e+02    9.600200581053e-03    8.092973667772e-03
11000    5.500000000000e+02    9.636708415960e-03    8.127346528454e-03
11010    5.505000000000e+02    9.612147902692e-03    8.100017584184e-03
11020    5.510000000000e+02    9.610951862075e-03    8.097363508568e-03
11030    5.515000000000e+02    9.630694306049e-03    8.117533599034e-03
11040    5.520000000000e+02    9.600275862472e-03    8.087959992736e-03
11050    5.525000000000e+02    9.638527377960e-03    8.130370813888e-03
11060    5.530000000000e+02    9.601764304960e-03    8.097566505967e-03
11070    5.535000000000e+02    9.604622689781e-03    8.105391548270e-03
11080    5.540000000000e+02    9.613059066990e-03    8.118560753246e-03
11090    5.545000000000e+02    9.586570606457e-03    8.094462309600e-03
11100    5.550000000000e+02    9.625327902638e-03    8.135227639286e-03
11110    5.555000000000e+02    9.587959538514e-03    8.096381367977e-03
11120    5.560000000000e+02    9.602208949527e-03    8.109021723612e-03
11130    5.565000000000e+02    9.604082246266e-03    8.108822544273e-03
11140    5.570000000000e+02    9.585466714515e-03    8.088710055745e-03
11150    5.575000000000e+02    9.622131613943e-03    8.125823052978e-03
11160    5.580000000000e+02    9.584667902412e-03    8.087795213214e-03
11170    5.585000000000e+02    9.606566464918e-03    8.111311135508e-03
11180    5.590000000000e+02    9.596442763106e-03    8.102843292363e-03
11190    5.595000000000e+02    9.583476910374e-03    8.091440752651e-03
11200    5.600000000000e+02    9.614325794573e-03    8.124891615807e-03
11210    5.605000000000e+02    9.579012850604e-03    8.090223852378e-03
11220    5.610000000000e+02    9.611632566478e-03    8.123615079057e-03
11230    5.615000000000e+02    9.592024142815e-03    8.102510785648e-03
11240    5.620000000000e+02    9.588980979759e-03    8.097164252831e-03
11250    5.625000000000e+02    9.615067740453e-03    8.121551843942e-03
11260    5.630000000000e+02    9.584837645414e-03    8.088871394648e-03
11270    5.635000000000e+02    9.627726552865e-03    8.131411156683e-03
11280    5.640000000000e+02    9.595009117559e-03    8.097777780677e-03
11290    5.645000000000e+02    9.598850597283e-03    8.101697217171e-03
11300    5.650000000000e+02    9.614728951676e-03    8.117986805701e-03
11310    5.655000000000e+02    9.588076670231e-03    8.090295210422e-03
11320    5.660000000000e+02    9.631718164959e-03    8.134427372170e-03
11330    5.665000000000e+02    9.592969099580e-03    8.095479814074e-03
11340    5.670000000000e+02    9.603951443737e-03    8.107875669339e-03
11350    5.675000000000e+02    9.607874644470e-03    8.114696472148e-03
11360    5.680000000000e+02    9.584560803670e-03    8.094786554466e-03
11370    5.685000000000e+02    9.623083643107e-03    8.138075480929e-03
11380    5.690000000000e+02    9.581476073630e-03    8.098958215669e-03
11390    5.695000000000e+02    9.600607936310e-03    8.120418172439e-03
11400    5.700000000000e+02    9.594226103496e-03    8.114206460959e-03
11410    5.705000000000e+02    9.579492015634e-03    8.098378412797e-03
11420    5.710000000000e+02    9.615223393369e-03    8.133983274092e-03
11430    5.715000000000e+02    9.577334408824e-03    8.094246080873e-03
11440    5.720000000000e+02    9.607103561528e-03    8.123901603540e-03
11450    5.725000000000e+02    9.589046643957e-03    8.105692027129e-03
11460    5.730000000000e+02    9.580723195991e-03    8.098387673272e-03
11470    5.735000000000e+02    9.607698358938e-03    8.127999552926e-03
11480    5.740000000000e+02    9.571315257396e-03    8.093599313725e-03
11490    5.745000000000e+02    9.608895457836e-03    8.135532833876e-03
11500    5.750000000000e+02    9.577175377204e-03    8.106201244118e-03
11510    5.755000000000e+02    9.576921125939e-03    8.107333683256e-03
11520    5.760000000000e+02    9.596356798581e-03    8.127392195092e-03
11530    5.765000000000e+02    9.566806149569e-03    8.096232500066e-03
11540    5.770000000000e+02    9.612733724606e-03    8.141167586473e-03
11550    5.775000000000e+02    9.575316860307e-03    8.100423986434e-03
11560    5.780000000000e+02    9.585840769263e-03    8.108903351058e-03
11570    5.785000000000e+02    9.596447022540e-03    8.117925189254e-03
11580    5.790000000000e+02    9.572955748699e-03    8.092661902083e-03
11590    5.795000000000e+02    9.616911955797e-03    8.137363059177e-03
11600    5.800000000000e+02    9.575308956382e-03    8.096219954496e-03
11610    5.805000000000e+02    9.592511420619e-03    8.115451739286e-03
11620    5.810000000000e+02    9.590020309785e-03    8.114947482682e-03
11630    5.815000000000e+02    9.571687963733e-03    8.097802522570e-03
11640    5.820000000000e+02    9.609908465347e-03    8.138028058966e-03
11650    5.825000000000e+02    9.568869606683e-03    8.097475743853e-03
11660    5.830000000000e+02    9.595173685871e-03    8.125426154947e-03
11670    5.835000000000e+02    9.580914823629e-03    8.112215037727e-03
11680    5.840000000000e+02    9.570096716790e-03    8.101771300062e-03
11690    5.845000000000e+02    9.601911991955e-03    8.134296150274e-03
11700    5.850000000000e+02    9.564824621782e-03    8.095752846202e-03
11710    5.855000000000e+02    9.601688480180e-03    8.132456390740e-03
11720    5.860000000000e+02    9.576311413286e-03    8.105883105600e-03
11730    5.865000000000e+02    9.573798303736e-03    8.102940560093e-03
11740    5.870000000000e+02    9.597237260813e-03    8.127422124744e-03
11750    5.875000000000e+02    9.564013196510e-03    8.094460953544e-03
11760    5.880000000000e+02    9.609459806357e-03    8.142024257722e-03
11770    5.885000000000e+02    9.570645622845e-03    8.103820113320e-03
11780    5.890000000000e+02    9.575555832603e-03    8.110421419588e-03
11790    5.895000000000e+02    9.589214426232e-03    8.125777481837e-03
11800    5.900000000000e+02    9.561285736242e-03    8.098376281851e-03
11810    5.905000000000e+02    9.607279072391e-03    8.146411590133e-03
11820    5.910000000000e+02    9.565302475189e-03    8.104029297101e-03
11830    5.915000000000e+02    9.579637721642e-03    8.118568778627e-03
11840    5.920000000000e+02    9.584174401947e-03    8.122711695250e-03
11850    5.925000000000e+02    9.563944599352e-03    8.100771075988e-03
11860    5.930000000000e+02    9.607945449051e-03    8.144135546900e-03
11870    5.935000000000e+02    9.567345391033e-03    8.101164144136e-03
11880    5.940000000000e+02    9.591174155692e-03    8.124230119392e-03
11890    5.945000000000e+02    9.584718424781e-03    8.117329383822e-03
11900    5.950000000000e+02    9.570936790891e-03    8.103378877422e-03
11910    5.955000000000e+02    9.607851677482e-03    8.141617769979e-03
11920    5.960000000000e+02    9.568332435308e-03    8.102278978185e-03
11930    5.965000000000e+02    9.599508216745e-03    8.135821447468e-03
11940    5.970000000000e+02    9.579815821833e-03    8.118392074721e-03
11950    5.975000000000e+02    9.572349534483e-03    8.112693250951e-03
11960    5.980000000000e+02    9.601088243774e-03    8.143611621563e-03
11970    5.985000000000e+02    9.565927547257e-03    8.107923091302e-03
11980    5.990000000000e+02    9.607592059180e-03    8.149347254403e-03
11990    5.995000000000e+02    9.577856097501e-03    8.117321909594e-03
12000    6.000000000000e+02    9.579807470374e-03    8.117742179820e-03
12010    6.005000000000e+02    9.600721900813e-03    8.138389985106e-03
12020    6.010000000000e+02    9.570428351973e-03    8.107354862659e-03
12030    6.015000000000e+02    9.616033295186e-03    8.154187568834e-03
12040    6.020000000000e+02    9.577123439160e-03    8.115029546389e-03
12050    6.025000000000e+02    9.585821382212e-03    8.124176865749e-03
12060    6.030000000000e+02    9.596245977845e-03    8.134827789036e-03
12070    6.035000000000e+02    9.571038066491e-03    8.109699436318e-03
12080    6.040000000000e+02    9.614702781452e-03    8.155365361745e-03
12090    6.045000000000e+02    9.573432954491e-03    8.114261596347e-03
12100    6.050000000000e+02    9.590572312803e-03    8.132087059494e-03
12110    6.055000000000e+02    9.591179153076e-03    8.132000697515e-03
12120    6.060000000000e+02    9.573404540960e-03    8.112226637422e-03
12130    6.065000000000e+02    9.613979966989e-03    8.151741991242e-03
12140    6.070000000000e+02    9.574779760109e-03    8.110500215480e-03
12150    6.075000000000e+02    9.600689020160e-03    8.136797754560e-03
12160    6.080000000000e+02    9.589061235279e-03    8.126382429509e-03
12170    6.085000000000e+02    9.576561025365e-03    8.115984426695e-03
12180    6.090000000000e+02    9.608265037100e-03    8.151247940987e-03
12190    6.095000000000e+02    9.569972289162e-03    8.114699372527e-03
12200    6.100000000000e+02    9.603760072986e-03    8.150862681759e-03
12210    6.105000000000e+02    9.580164364218e-03    8.128316712828e-03
12220    6.110000000000e+02    9.575776836910e-03    8.124800049700e-03
12230    6.115000000000e+02    9.600638174826e-03    8.150921111337e-03
12240    6.120000000000e+02    9.568295919732e-03    8.117767232761e-03
12250    6.125000000000e+02    9.612987063819e-03    8.162147313669e-03
12260    6.130000000000e+02    9.579264308461e-03    8.125705621751e-03
12270    6.135000000000e+02    9.584689158887e-03    8.128474817568e-03
12280    6.140000000000e+02    9.601958209853e-03    8.143927389938e-03
12290    6.145000000000e+02    9.575778135664e-03    8.116056231302e-03
12300    6.150000000000e+02    9.620746627559e-03    8.162073697349e-03
12310    6.155000000000e+02    9.581672397727e-03    8.123785493808e-03
12320    6.160000000000e+02    9.593117634902e-03    8.137663494381e-03
12330    6.165000000000e+02    9.598051981587e-03    8.145496844918e-03
12340    6.170000000000e+02    9.575960327981e-03    8.125557633321e-03
12350    6.175000000000e+02    9.616702865260e-03    8.169054313839e-03
12360    6.180000000000e+02    9.577771471359e-03    8.130340697790e-03
12370    6.185000000000e+02    9.598693892548e-03    8.151593614457e-03
12380    6.190000000000e+02    9.594993501601e-03    8.146404620675e-03
12390    6.195000000000e+02    9.582175542802e-03    8.129970304253e-03
12400    6.200000000000e+02    9.619954699252e-03    8.164514782038e-03
12410    6.205000000000e+02    9.585248809949e-03    8.124706728267e-03
12420    6.210000000000e+02    9.616017009783e-03    8.152415339282e-03
12430    6.215000000000e+02    9.601214255957e-03    8.135379069245e-03
12440    6.220000000000e+02    9.593732095947e-03    8.127784396493e-03
12450    6.225000000000e+02    9.620822552173e-03    8.158194910720e-03
12460    6.230000000000e+02    9.585105372452e-03    8.125856109473e-03
12470    6.235000000000e+02    9.620027689815e-03    8.166643186087e-03
12480    6.240000000000e+02    9.589660271807e-03    8.140822381392e-03
12490    6.245000000000e+02    9.587380131909e-03    8.142447583850e-03
12500    6.250000000000e+02    9.606057432494e-03    8.163732042703e-03
12510    6.255000000000e+02    9.576740732859e-03    8.134028868881e-03
12520    6.260000000000e+02    9.619908251502e-03    8.176361652659e-03
12530    6.265000000000e+02    9.585392374162e-03    8.137721147250e-03
12540    6.270000000000e+02    9.594419238164e-03    8.142628671521e-03
12550    6.275000000000e+02    9.606623546030e-03    8.150939623192e-03
12560    6.280000000000e+02    9.584309779539e-03    8.124993374622e-03
12570    6.285000000000e+02    9.626482535181e-03    8.166342799086e-03
12580    6.290000000000e+02    9.588059451562e-03    8.127909430186e-03
12590    6.295000000000e+02    9.602308775426e-03    8.145577417054e-03
12600    6.300000000000e+02    9.600233897519e-03    8.148120038641e-03
12610    6.305000000000e+02    9.579746639673e-03    8.132576232128e-03
12620    6.310000000000e+02    9.614547519349e-03    8.173285408702e-03
12630    6.315000000000e+02    9.575382811255e-03    8.137185031956e-03
12640    6.320000000000e+02    9.599123778749e-03    8.162695256033e-03
12650    6.325000000000e+02    9.589413277705e-03    8.151451997037e-03
12660    6.330000000000e+02    9.580186268601e-03    8.138557427628e-03
12670    6.335000000000e+02    9.613525153487e-03    8.167730931746e-03
12680    6.340000000000e+02    9.580958989183e-03    8.129110387927e-03
12690    6.345000000000e+02    9.615495544666e-03    8.160246718035e-03
12700    6.350000000000e+02    9.594457837288e-03    8.136894713971e-03
12710    6.355000000000e+02    9.590586192669e-03    8.132797393955e-03
12720    6.360000000000e+02    9.612803026702e-03    8.157537173247e-03
12730    6.365000000000e+02    9.579903502348e-03    8.127644669003e-03
12740    6.370000000000e+02    9.618510645946e-03    8.171944075912e-03
12750    6.375000000000e+02    9.581994700335e-03    8.139911987200e-03
12760    6.380000000000e+02    9.583113450756e-03    8.145476208483e-03
12770    6.385000000000e+02    9.595906668664e-03    8.161544730683e-03
12780    6.390000000000e+02    9.569382195432e-03    8.134839411468e-03
12790    6.395000000000e+02    9.611669874783e-03    8.176456458386e-03
12800    6.400000000000e+02    9.575726236740e-03    8.135911369209e-03
12810    6.405000000000e+02    9.589017198318e-03    8.144097103468e-03
12820    6.410000000000e+02    9.595529061399e-03    8.145893986693e-03
12830    6.415000000000e+02    9.576121871857e-03    8.122427797389e-03
12840    6.420000000000e+02    9.614956098704e-03    8.160764497006e-03
12850    6.425000000000e+02    9.576163449153e-03    8.122190696668e-03
12860    6.430000000000e+02    9.593328855361e-03    8.142835823492e-03
12870    6.435000000000e+02    9.585197911628e-03    8.138803396832e-03
12880    6.440000000000e+02    9.568258075750e-03    8.125766453304e-03
12890    6.445000000000e+02    9.599439768200e-03    8.161120959812e-03
12900    6.450000000000e+02    9.561699380234e-03    8.125012967866e-03
12910    6.455000000000e+02    9.588210185311e-03    8.153119020790e-03
12920    6.460000000000e+02    9.571867321180e-03    8.135730490721e-03
12930    6.465000000000e+02    9.564741849901e-03    8.126387027914e-03
12940    6.470000000000e+02    9.591733037808e-03    8.151644420650e-03
12950    6.475000000000e+02    9.559147562817e-03    8.116220283227e-03
12960    6.480000000000e+02    9.594943271871e-03    8.151290864589e-03
12970    6.485000000000e+02    9.566866565724e-03    8.122573133733e-03
12980    6.490000000000e+02    9.565334240614e-03    8.122002335767e-03
12990    6.495000000000e+02    9.582055548519e-03    8.141058410729e-03
13000    6.500000000000e+02    9.551897352519e-03    8.112571404126e-03
13010    6.505000000000e+02    9.590517931596e-03    8.154434891367e-03
13020    6.510000000000e+02    9.553780620328e-03    8.119429329781e-03
13030    6.515000000000e+02    9.559697027913e-03    8.127285226692e-03
13040    6.520000000000e+02    9.568316227155e-03    8.136971791828e-03
13050    6.525000000000e+02    9.545260573621e-03    8.112609058117e-03
13060    6.530000000000e+02    9.585079012437e-03    8.151742404152e-03
13070    6.535000000000e+02    9.548871388332e-03    8.112830872051e-03
13080    6.540000000000e+02    9.564321385039e-03    8.126202591484e-03
13090    6.545000000000e+02    9.564259143158e-03    8.124650389618e-03
13100    6.550000000000e+02    9.546852480927e-03    8.106616838631e-03
13110    6.555000000000e+02    9.581309827596e-03    8.142554501319e-03
13120    6.560000000000e+02    9.544280549328e-03    8.105642613373e-03
13130    6.565000000000e+02    9.565774370028e-03    8.129186888254e-03
13140    6.570000000000e+02    9.554193403745e-03    8.119200831061e-03
13150    6.574999999999e+02    9.542420902378e-03    8.108112338959e-03
13160    6.579999999999e+02    9.570956700448e-03    8.137809092659e-03
13170    6.584999999999e+02    9.536912517732e-03    8.103305567602e-03
13180    6.589999999999e+02    9.567672041453e-03    8.134280725244e-03
13190    6.594999999999e+02    9.547105948706e-03    8.111510581330e-03
13200    6.599999999999e+02    9.543521077712e-03    8.105676868581e-03
13210    6.604999999999e+02    9.566071109839e-03    8.127041130138e-03
13220    6.609999999999e+02    9.536375637747e-03    8.095044709989e-03
13230    6.614999999999e+02    9.575326590557e-03    8.134009895002e-03
13240    6.619999999999e+02    9.542258176363e-03    8.101234355308e-03
13250    6.624999999999e+02    9.543710834511e-03    8.104946935418e-03
13260    6.629999999999e+02    9.555857973222e-03    8.120116743157e-03
13270    6.634999999999e+02    9.528623181682e-03    8.095360915831e-03
13280    6.639999999999e+02    9.567115923716e-03    8.137559972056e-03
13290    6.644999999999e+02    9.529920306912e-03    8.101697500933e-03
13300    6.649999999999e+02    9.539588401673e-03    8.113094108012e-03
13310    6.654999999999e+02    9.544029912619e-03    8.118859216665e-03
13320    6.659999999999e+02    9.524060760730e-03    8.098756993604e-03
13330    6.664999999999e+02    9.562121913569e-03    8.137018996422e-03
13340    6.669999999999e+02    9.526396607281e-03    8.099442386083e-03
13350    6.674999999999e+02    9.546042332418e-03    8.117485646835e-03
13360    6.679999999999e+02    9.542624383195e-03    8.111576014926e-03
13370    6.684999999999e+02    9.529942884414e-03    8.096296302938e-03
13380    6.689999999999e+02    9.563770845576e-03    8.129145304338e-03
13390    6.694999999999e+02    9.529531587880e-03    8.093236102468e-03
13400    6.699999999999e+02    9.556446815091e-03    8.120385029542e-03
13410    6.704999999999e+02    9.540609258033e-03    8.105130515105e-03
13420    6.709999999999e+02    9.532193934240e-03    8.097979274680e-03
13430    6.714999999999e+02    9.557648274561e-03    8.125544674840e-03
13440    6.719999999999e+02    9.524834449331e-03    8.093341823042e-03
13450    6.724999999999e+02    9.559236372466e-03    8.129670705785e-03
13460    6.729999999999e+02    9.532173299140e-03    8.102953342132e-03
13470    6.734999999999e+02    9.531237721906e-03    8.101795886432e-03
13480    6.739999999999e+02    9.549977024751e-03    8.120349337332e-03
13490    6.744999999999e+02    9.522478258777e-03    8.090632584754e-03
13500    6.749999999999e+02    9.563183105240e-03    8.129955297591e-03
13510    6.754999999999e+02    9.530244635733e-03    8.093793306216e-03
13520    6.759999999999e+02    9.537816907731e-03    8.099267605758e-03
13530    6.764999999999e+02    9.548236779624e-03    8.108572965284e-03
13540    6.769999999999e+02    9.525011900981e-03    8.084374820100e-03
13550    6.774999999999e+02    9.563522537682e-03    8.124367970595e-03
13560    6.779999999999e+02    9.525895313683e-03    8.087095134215e-03
13570    6.784999999999e+02    9.538443375364e-03    8.102289470116e-03
13580    6.789999999999e+02    9.536814574578e-03    8.104101645586e-03
13590    6.794999999999e+02    9.517043512982e-03    8.087175177934e-03
13600    6.799999999999e+02    9.550482943016e-03    8.124612441861e-03
13610    6.804999999999e+02    9.512339681715e-03    8.088590901025e-03
13620    6.809999999999e+02    9.533719004458e-03    8.112324998365e-03
13630    6.814999999999e+02    9.523337196891e-03    8.101968378469e-03
13640    6.819999999999e+02    9.512510094858e-03    8.089562307759e-03
13650    6.824999999999e+02    9.544098799559e-03    8.119192323647e-03
13660    6.829999999999e+02    9.511730212665e-03    8.082429142632e-03
13670    6.834999999999e+02    9.545218625194e-03    8.112207790873e-03
13680    6.839999999999e+02    9.525773818348e-03    8.088831951682e-03
13690    6.844999999999e+02    9.522360281580e-03    8.083260624517e-03
13700    6.849999999999e+02    9.545319006792e-03    8.106145167403e-03
13710    6.854999999999e+02    9.513135576468e-03    8.074648475485e-03
13720    6.859999999999e+02    9.551463610262e-03    8.116968067043e-03
13730    6.864999999999e+02    9.515474688190e-03    8.084588184829e-03
13740    6.869999999999e+02    9.515628249479e-03    8.088959682937e-03
13750    6.874999999999e+02    9.527621438554e-03    8.105076440188e-03
13760    6.879999999999e+02    9.499237076489e-03    8.078706831839e-03
13770    6.884999999999e+02    9.539931076471e-03    8.120866650643e-03
13780    6.889999999999e+02    9.502092197748e-03    8.081625009254e-03
13790    6.894999999999e+02    9.513559008428e-03    8.091435989627e-03
13800    6.899999999999e+02    9.519334383708e-03    8.094733349026e-03
13810    6.904999999999e+02    9.499261368969e-03    8.071316611677e-03
13820    6.909999999999e+02    9.539404061807e-03    8.109733469610e-03
13830    6.914999999999e+02    9.501625417363e-03    8.068480274233e-03
13840    6.919999999999e+02    9.520888657140e-03    8.086290062238e-03
13850    6.924999999999e+02    9.514663277848e-03    8.079870267466e-03
13860    6.929999999999e+02    9.498171153654e-03    8.064233807090e-03
13870    6.934999999999e+02    9.530209088206e-03    8.099491401481e-03
13880    6.939999999999e+02    9.490689246659e-03    8.062118671660e-03
13890    6.944999999999e+02    9.516290254035e-03    8.091180551673e-03
13900    6.949999999999e+02    9.497957499505e-03    8.074220783783e-03
13910    6.954999999999e+02    9.489004197089e-03    8.065189053923e-03
13920    6.959999999999e+02    9.516410222814e-03    8.092431012301e-03
13930    6.964999999999e+02    9.482731718313e-03    8.056501774263e-03
13940    6.969999999999e+02    9.520665071903e-03    8.092919845694e-03
13950    6.974999999999e+02    9.493164898830e-03    8.062543229244e-03
13960    6.979999999999e+02    9.493246250599e-03    8.060807103902e-03
13970    6.984999999999e+02    9.513075190283e-03    8.079881636149e-03
13980    6.989999999999e+02    9.483477497839e-03    8.049157582718e-03
13990    6.994999999999e+02    9.525887982472e-03    8.092786662928e-03
14000    6.999999999999e+02    9.488663471150e-03    8.055964346568e-03
14010    7.004999999999e+02    9.495640401885e-03    8.064339856901e-03
14020    7.009999999999e+02    9.505037339944e-03    8.075593884314e-03
14030    7.014999999999e+02    9.480234879628e-03    8.051245079514e-03
14040    7.019999999999e+02    9.522072348459e-03    8.094184881884e-03
14050    7.024999999999e+02    9.482898609833e-03    8.054218125835e-03
14060    7.029999999999e+02    9.499475304367e-03    8.070283040070e-03
14070    7.034999999999e+02    9.499960207403e-03    8.069198897829e-03
14080    7.039999999999e+02    9.482762418449e-03    8.049574306824e-03
14090    7.044999999999e+02    9.521681831543e-03    8.087457260444e-03
14100    7.049999999999e+02    9.483722164729e-03    8.046604621995e-03
14110    7.054999999999e+02    9.509431511482e-03    8.071002015640e-03
14120    7.059999999999e+02    9.498325973192e-03    8.059224033786e-03
14130    7.064999999999e+02    9.486575051385e-03    8.047961170632e-03
14140    7.069999999999e+02    9.517609634028e-03    8.081539462182e-03
14150    7.074999999999e+02    9.480223536057e-03    8.045440030401e-03
14160    7.079999999999e+02    9.513264748764e-03    8.081329328888e-03
14170    7.084999999999e+02    9.489417870159e-03    8.058309746957e-03
14180    7.089999999999e+02    9.485257710320e-03    8.053911786192e-03
14190    7.094999999999e+02    9.509734959275e-03    8.077992820290e-03
14200    7.099999999999e+02    9.477406924704e-03    8.043953966990e-03
14210    7.104999999999e+02    9.521092466272e-03    8.087631019407e-03
14220    7.109999999999e+02    9.485361210897e-03    8.050660316258e-03
14230    7.114999999999e+02    9.488697509509e-03    8.054257101321e-03
14240    7.119999999999e+02    9.503261273703e-03    8.069855769463e-03
14250    7.124999999999e+02    9.474608022601e-03    8.041472812693e-03
14260    7.129999999999e+02    9.518399923588e-03    8.087722637356e-03
14270    7.134999999999e+02    9.477308475025e-03    8.048009972299e-03
14280    7.139999999999e+02    9.488827019236e-03    8.061356949838e-03
14290    7.144999999999e+02    9.493672220918e-03    8.067876919995e-03
14300    7.149999999999e+02    9.471864881789e-03    8.046327340708e-03
14310    7.154999999999e+02    9.514803027742e-03    8.089271528661e-03
14320    7.159999999999e+02    9.475616263642e-03    8.047499344684e-03
14330    7.164999999999e+02    9.498992578249e-03    8.068510080193e-03
14340    7.169999999999e+02    9.495554727236e-03    8.062087009421e-03
14350    7.174999999999e+02    9.482526357211e-03    8.046012952036e-03
14360    7.179999999999e+02    9.520888055394e-03    8.083354264272e-03
14370    7.184999999999e+02    9.483085816236e-03    8.043491523495e-03
14380    7.189999999999e+02    9.514307506575e-03    8.074731175839e-03
14390    7.194999999999e+02    9.496919372403e-03    8.057635802288e-03
14400    7.199999999999e+02    9.489319518940e-03    8.050543975514e-03
14410    7.204999999999e+02    9.518974403557e-03    8.081491118901e-03
14420    7.209999999999e+02    9.483498437424e-03    8.045626714193e-03
14430    7.214999999999e+02    9.524045694039e-03    8.087017065918e-03
14440    7.219999999999e+02    9.494513613583e-03    8.056200555075e-03
14450    7.224999999999e+02    9.495471896042e-03    8.055454095484e-03
14460    7.229999999999e+02    9.517300883026e-03    8.076164124759e-03
14470    7.234999999999e+02    9.487039011632e-03    8.044140713537e-03
14480    7.239999999999e+02    9.533269040225e-03    8.090547488791e-03
14490    7.244999999999e+02    9.494379037028e-03    8.051198758039e-03
14500    7.249999999999e+02    9.502062662648e-03    8.060390875471e-03
14510    7.254999999999e+02    9.512027589797e-03    8.072386820459e-03
14520    7.259999999999e+02    9.485174936953e-03    8.046550579820e-03
14530    7.264999999999e+02    9.529016413955e-03    8.093025914604e-03
14540    7.269999999999e+02    9.486734495484e-03    8.051433516812e-03
14550    7.274999999999e+02    9.503391738132e-03    8.069174598859e-03
14560    7.279999999999e+02    9.503433798202e-03    8.069377641732e-03
14570    7.284999999999e+02    9.484406319205e-03    8.049314760683e-03
14580    7.289999999999e+02    9.525694478136e-03    8.089986245068e-03
14590    7.294999999999e+02    9.485430946694e-03    8.047194080973e-03
14600    7.299999999999e+02    9.512727934712e-03    8.073946679360e-03
14610    7.304999999999e+02    9.501427759599e-03    8.062281634011e-03
14620    7.309999999999e+02    9.489634602973e-03    8.050504446146e-03
14630    7.314999999999e+02    9.523817191113e-03    8.085950901659e-03
14640    7.319999999999e+02    9.485687988366e-03    8.046915220802e-03
14650    7.324999999999e+02    9.522827949739e-03    8.083454682492e-03
14660    7.329999999999e+02    9.499397736423e-03    8.057690588430e-03
14670    7.334999999999e+02    9.496861789035e-03    8.052606790443e-03
14680    7.339999999999e+02    9.523758849639e-03    8.078124064014e-03
14690    7.344999999999e+02    9.490588601307e-03    8.042672239753e-03
14700    7.349999999999e+02    9.537546899857e-03    8.089769952676e-03
14710    7.354999999999e+02    9.499821874753e-03    8.051541793066e-03
14720    7.359999999999e+02    9.504613790343e-03    8.056283757469e-03
14730    7.364999999999e+02    9.520648471307e-03    8.072332333541e-03
14740    7.369999999999e+02    9.492577486732e-03    8.043020155128e-03
14750    7.374999999999e+02    9.540843426430e-03    8.090801525213e-03
14760    7.379999999999e+02    9.499636846097e-03    8.047075966715e-03
14770    7.384999999999e+02    9.514041979703e-03    8.060413752901e-03
14780    7.389999999999e+02    9.519205682497e-03    8.065493399954e-03
14790    7.394999999999e+02    9.496959140793e-03    8.042910562835e-03
14800    7.399999999999e+02    9.540302126164e-03    8.088200085695e-03
14810    7.404999999999e+02    9.497014894572e-03    8.045672620028e-03
14820    7.409999999999e+02    9.518787843573e-03    8.069551919107e-03
14830    7.414999999999e+02    9.511244820710e-03    8.063808641054e-03
14840    7.419999999999e+02    9.495560072267e-03    8.049166520323e-03
14850    7.424999999999e+02    9.532852169175e-03    8.087918074125e-03
14860    7.429999999999e+02    9.492831421312e-03    8.046326545809e-03
14870    7.434999999999e+02    9.525399835151e-03    8.078113155534e-03
14880    7.439999999999e+02    9.507501919302e-03    8.058125586103e-03
14890    7.444999999999e+02    9.501114138437e-03    8.049363706959e-03
14900    7.449999999999e+02    9.531536106746e-03    8.078986821602e-03
14910    7.454999999999e+02    9.495505537029e-03    8.041324302212e-03
14920    7.459999999999e+02    9.536833448409e-03    8.082962280241e-03
14930    7.464999999999e+02    9.505196363924e-03    8.050476320932e-03
14940    7.469999999999e+02    9.505507195530e-03    8.050960987021e-03
14950    7.474999999999e+02    9.525415761112e-03    8.071772023868e-03
14960    7.479999999999e+02    9.493879417429e-03    8.039598052164e-03
14970    7.484999999999e+02    9.540054343349e-03    8.086574851404e-03
14980    7.489999999999e+02    9.499472665187e-03    8.045764830968e-03
14990    7.494999999999e+02    9.507807908571e-03    8.054823174461e-03
15000    7.499999999999e+02    9.516805371857e-03    8.064922772974e-03
15010    7.504999999999e+02    9.490678508879e-03    8.039881136028e-03
15020    7.509999999999e+02    9.534731380761e-03    8.085919517725e-03
15030    7.514999999999e+02    9.492475861425e-03    8.042983643463e-03
15040    7.519999999999e+02    9.510763453045e-03    8.060784730333e-03
15050    7.524999999999e+02    9.510281511559e-03    8.058782084845e-03
15060    7.529999999999e+02    9.492864296932e-03    8.039013910093e-03
15070    7.534999999999e+02    9.533766332842e-03    8.078619562184e-03
15080    7.539999999999e+02    9.494515571975e-03    8.036893670578e-03
15090    7.544999999999e+02    9.523038447757e-03    8.063999705882e-03
15100    7.549999999999e+02    9.511677110317e-03    8.051223645452e-03
15110    7.554999999999e+02    9.501734841825e-03    8.040345717745e-03
15120    7.559999999999e+02    9.535077853462e-03    8.074490091531e-03
15130    7.564999999999e+02    9.498080068036e-03    8.037295756367e-03
15140    7.569999999999e+02    9.534326339250e-03    8.075248841124e-03
15150    7.574999999999e+02    9.509940417365e-03    8.051514101680e-03
15160    7.579999999999e+02    9.506834757340e-03    8.048730500377e-03
15170    7.584999999999e+02    9.531826903619e-03    8.074386605585e-03
15180    7.589999999999e+02    9.499613794058e-03    8.040970526054e-03
15190    7.594999999999e+02    9.545673524452e-03    8.086864710094e-03
15200    7.599999999999e+02    9.510309926095e-03    8.048732579482e-03
15210    7.604999999999e+02    9.516170874868e-03    8.052254238464e-03
15220    7.609999999999e+02    9.533042192783e-03    8.067311553532e-03
15230    7.614999999999e+02    9.506823839028e-03    8.037982956921e-03
15240    7.619999999999e+02    9.553353498191e-03    8.083580023595e-03
15250    7.624999999999e+02    9.513618730379e-03    8.042108249356e-03
15260    7.629999999999e+02    9.526039348226e-03    8.054872422690e-03
15270    7.634999999999e+02    9.530480793164e-03    8.060833778472e-03
15280    7.639999999999e+02    9.507229653753e-03    8.039624824050e-03
15290    7.644999999999e+02    9.547667262820e-03    8.084301317467e-03
15300    7.649999999999e+02    9.505253409821e-03    8.044170988796e-03
15310    7.654999999999e+02    9.524510738750e-03    8.066765682088e-03
15320    7.659999999999e+02    9.517633583773e-03    8.062086865721e-03
15330    7.664999999999e+02    9.501458075486e-03    8.046500573073e-03
15340    7.669999999999e+02    9.538075897021e-03    8.083517856903e-03
15350    7.674999999998e+02    9.499778335021e-03    8.043146155615e-03
15360    7.679999999998e+02    9.530819873329e-03    8.072363308202e-03
15370    7.684999999998e+02    9.515143248842e-03    8.053076448959e-03
15380    7.689999999998e+02    9.508138652606e-03    8.042581875088e-03
15390    7.694999999998e+02    9.538562504435e-03    8.070949977082e-03
15400    7.699999999998e+02    9.503039064697e-03    8.033234030336e-03
15410    7.704999999998e+02    9.541554751161e-03    8.072417315816e-03
15420    7.709999999998e+02    9.510752494610e-03    8.043087008446e-03
15430    7.714999999998e+02    9.507893651675e-03    8.043414784879e-03
15440    7.719999999998e+02    9.526298059482e-03    8.065848091974e-03
15450    7.724999999998e+02    9.492550235186e-03    8.034890278395e-03
15460    7.729999999998e+02    9.534742188604e-03    8.080812529442e-03
15470    7.734999999998e+02    9.495187100924e-03    8.042692190429e-03
15480    7.739999999998e+02    9.501449146684e-03    8.049772151935e-03
15490    7.744999999998e+02    9.512304739852e-03    8.060719134846e-03
15500    7.749999999998e+02    9.486755731868e-03    8.032919019570e-03
15510    7.754999999998e+02    9.530979210724e-03    8.074909917923e-03
15520    7.759999999998e+02    9.491996557131e-03    8.031371292418e-03
15530    7.764999999998e+02    9.509016146232e-03    8.044873709878e-03
15540    7.769999999998e+02    9.510509754361e-03    8.043757478845e-03
15550    7.774999999998e+02    9.491264311017e-03    8.022623465877e-03
15560    7.779999999998e+02    9.529791428035e-03    8.062314124800e-03
15570    7.784999999998e+02    9.488704824487e-03    8.022730123230e-03
15580    7.789999999998e+02    9.510902910120e-03    8.049697711613e-03
15590    7.794999999998e+02    9.498055381459e-03    8.041472799960e-03
15600    7.799999999998e+02    9.483898132705e-03    8.030277366743e-03
15610    7.804999999998e+02    9.515602308742e-03    8.064824852227e-03
15620    7.809999999998e+02    9.478850452822e-03    8.027252365537e-03
15630    7.814999999998e+02    9.513379624673e-03    8.060073994784e-03
15640    7.819999999998e+02    9.492857361320e-03    8.035537909564e-03
15650    7.824999999998e+02    9.489714439444e-03    8.027866507291e-03
15660    7.829999999998e+02    9.516100433347e-03    8.050025271586e-03
15670    7.834999999998e+02    9.484760009938e-03    8.013100665266e-03
15680    7.839999999998e+02    9.528127906107e-03    8.053479240516e-03
15690    7.844999999998e+02    9.493397917694e-03    8.016259522265e-03
15700    7.849999999998e+02    9.494807102079e-03    8.018310795705e-03
15710    7.854999999998e+02    9.507565744323e-03    8.034227768803e-03
15720    7.859999999998e+02    9.476021687588e-03    8.006660217688e-03
15730    7.864999999998e+02    9.515474414056e-03    8.052612246502e-03
15740    7.869999999998e+02    9.472988630365e-03    8.014261769858e-03
15750    7.874999999998e+02    9.481568656200e-03    8.026200261156e-03
15760    7.879999999998e+02    9.485518729546e-03    8.031565707824e-03
15770    7.884999999998e+02    9.463253200944e-03    8.008246885765e-03
15780    7.889999999998e+02    9.504229077415e-03    8.047848203205e-03
15790    7.894999999998e+02    9.464965622716e-03    8.005259152014e-03
15800    7.899999999998e+02    9.484862607895e-03    8.023985383261e-03
15810    7.904999999998e+02    9.478942658593e-03    8.017456721973e-03
15820    7.909999999998e+02    9.462846401748e-03    8.001282063560e-03
15830    7.914999999998e+02    9.497071795003e-03    8.037123458962e-03
15840    7.919999999998e+02    9.458161238454e-03    7.998419918295e-03
15850    7.924999999998e+02    9.485837483741e-03    8.027891757592e-03
15860    7.929999999998e+02    9.467345481937e-03    8.010705425477e-03
15870    7.934999999998e+02    9.457764729549e-03    8.003009224012e-03
15880    7.939999999998e+02    9.484499371410e-03    8.032256899241e-03
15890    7.944999999998e+02    9.449583594443e-03    7.997334078027e-03
15900    7.949999999998e+02    9.488116256768e-03    8.036030142648e-03
15910    7.954999999998e+02    9.459893588806e-03    8.005551054339e-03
15920    7.959999999998e+02    9.461041963120e-03    8.003708752767e-03
15930    7.964999999998e+02    9.481668563445e-03    8.021873089092e-03
15940    7.969999999998e+02    9.452263112936e-03    7.990213206540e-03
15950    7.974999999998e+02    9.495369245051e-03    8.033686527597e-03
15960    7.979999999998e+02    9.457006618105e-03    7.995453429430e-03
15970    7.984999999998e+02    9.463651780970e-03    8.003440609173e-03
15980    7.989999999998e+02    9.472328668352e-03    8.013240028049e-03
15990    7.994999999998e+02    9.447044626118e-03    7.987035056431e-03
16000    7.999999999998e+02    9.488415967653e-03    8.028418083086e-03
16010    8.004999999998e+02    9.447848082850e-03    7.986643512595e-03
16020    8.009999999998e+02    9.463127016492e-03    8.002302755813e-03
16030    8.014999999998e+02    9.461063671985e-03    8.001487816728e-03
16040    8.019999999998e+02    9.441376189616e-03    7.983260604306e-03
16050    8.024999999998e+02    9.477723439109e-03    8.022204438021e-03
16060    8.029999999998e+02    9.437530690592e-03    7.982381348484e-03
16070    8.034999999998e+02    9.461609093340e-03    8.007638650270e-03
16080    8.039999999998e+02    9.448898103646e-03    7.995631261110e-03
16090    8.044999999998e+02    9.436831124138e-03    7.984220371327e-03
16100    8.049999999998e+02    9.467551804695e-03    8.016564816899e-03
16110    8.054999999998e+02    9.430943205726e-03    7.979098044416e-03
16120    8.059999999998e+02    9.465239311115e-03    8.013165544071e-03
16130    8.064999999998e+02    9.442112598665e-03    7.987495450834e-03
16140    8.069999999998e+02    9.438987363871e-03    7.981797527464e-03
16150    8.074999999998e+02    9.463310846872e-03    8.004652631826e-03
16160    8.079999999998e+02    9.431403761726e-03    7.970607703101e-03
16170    8.084999999998e+02    9.475230540351e-03    8.014574854315e-03
16180    8.089999999998e+02    9.439128186330e-03    7.977461712471e-03
16190    8.094999999998e+02    9.442911020317e-03    7.981253430444e-03
16200    8.099999999998e+02    9.456971641943e-03    7.996191382517e-03
16210    8.104999999998e+02    9.428349549179e-03    7.968572708705e-03
16220    8.109999999998e+02    9.471578048171e-03    8.015031150535e-03
16230    8.114999999998e+02    9.429726817964e-03    7.975024190273e-03
16240    8.119999999998e+02    9.440518839630e-03    7.989122547770e-03
16250    8.124999999998e+02    9.443644920933e-03    7.995228020263e-03
16260    8.129999999998e+02    9.420753074898e-03    7.973614558978e-03
16270    8.134999999998e+02    9.462049286901e-03    8.015826244446e-03
16280    8.139999999998e+02    9.421247205403e-03    7.973023947670e-03
16290    8.144999999998e+02    9.443102033644e-03    7.993117733349e-03
16300    8.149999999998e+02    9.437628225046e-03    7.985086378540e-03
16310    8.154999999998e+02    9.423303904470e-03    7.968268572768e-03
16320    8.159999999998e+02    9.460011735955e-03    8.004522586816e-03
16330    8.164999999998e+02    9.420495586356e-03    7.963752596879e-03
16340    8.169999999998e+02    9.450108927936e-03    7.994578184480e-03
16350    8.174999999998e+02    9.430449003237e-03    7.977063719409e-03
16360    8.179999999998e+02    9.420825165941e-03    7.970828022735e-03
16370    8.184999999998e+02    9.447793699845e-03    8.003005717001e-03
16380    8.189999999998e+02    9.409801009082e-03    7.969320033226e-03
16390    8.194999999998e+02    9.448266907299e-03    8.012721301384e-03
16400    8.199999999998e+02    9.417200273352e-03    7.982980402630e-03
16410    8.204999999998e+02    9.418051961909e-03    7.982796935721e-03
16420    8.209999999998e+02    9.440205195411e-03    8.002780382412e-03
16430    8.214999999998e+02    9.411599756564e-03    7.969568908266e-03
16440    8.219999999998e+02    9.459942768554e-03    8.014022429052e-03
16450    8.224999999998e+02    9.424005169414e-03    7.972948310453e-03
16460    8.229999999998e+02    9.435146470724e-03    7.980144549038e-03
16470    8.234999999998e+02    9.447614131877e-03    7.989724021172e-03
16480    8.239999999998e+02    9.423228943147e-03    7.963733321048e-03
16490    8.244999999998e+02    9.467151846502e-03    8.010163355721e-03
16500    8.249999999998e+02    9.424751167319e-03    7.970490838488e-03
16510    8.254999999998e+02    9.440260711849e-03    7.990914161383e-03
16520    8.259999999998e+02    9.438078529049e-03    7.993739724952e-03
16530    8.264999999998e+02    9.418005929287e-03    7.976563793818e-03
16540    8.269999999998e+02    9.457042431261e-03    8.017826319701e-03
16550    8.274999999998e+02    9.416822777107e-03    7.976390187650e-03
16560    8.279999999998e+02    9.443738211976e-03    8.001702532965e-03
16570    8.284999999998e+02    9.432959887250e-03    7.988119461515e-03
16580    8.289999999998e+02    9.422601403150e-03    7.974701542480e-03
16590    8.294999999998e+02    9.456158215804e-03    8.007414887288e-03
16600    8.299999999998e+02    9.418665593737e-03    7.968377937686e-03
16610    8.304999999998e+02    9.453465619816e-03    8.004290500139e-03
16620    8.309999999998e+02    9.428427993007e-03    7.980366714946e-03
16630    8.314999999998e+02    9.423334023282e-03    7.977335380019e-03
16640    8.319999999998e+02    9.446877213395e-03    8.003826125787e-03
16650    8.324999999998e+02    9.412620710146e-03    7.971087021360e-03
16660    8.329999999998e+02    9.456606582549e-03    8.018265307328e-03
16670    8.334999999998e+02    9.419207804314e-03    7.981950148860e-03
16680    8.339999999998e+02    9.422882270373e-03    7.986981301656e-03
16690    8.344999999998e+02    9.438048280365e-03    8.003398914298e-03
16700    8.349999999998e+02    9.410196947105e-03    7.975409527717e-03
16710    8.354999999998e+02    9.456282533122e-03    8.022366367186e-03
16720    8.359999999998e+02    9.416232266451e-03    7.981332888448e-03
16730    8.364999999998e+02    9.430066655346e-03    7.994585412234e-03
16740    8.369999999998e+02    9.436569291848e-03    7.999726605703e-03
16750    8.374999999998e+02    9.416277390838e-03    7.977275588928e-03
16760    8.379999999998e+02    9.460373502529e-03    8.020671328268e-03
16770    8.384999999998e+02    9.420990835348e-03    7.979136662470e-03
16780    8.389999999998e+02    9.443909153665e-03    8.001822341612e-03
16790    8.394999999998e+02    9.439069146723e-03    7.997134808647e-03
16800    8.399999999998e+02    9.425045536895e-03    7.982937607267e-03
16810    8.404999999998e+02    9.462281189173e-03    8.021164611819e-03
16820    8.409999999998e+02    9.423806272453e-03    7.982514864125e-03
16830    8.414999999998e+02    9.454505870444e-03    8.014726341571e-03
16840    8.419999999998e+02    9.436961813383e-03    7.998158236660e-03
16850    8.424999999998e+02    9.429467620682e-03    7.991749531357e-03
16860    8.429999999998e+02    9.458383621337e-03    8.023132763810e-03
16870    8.434999999998e+02    9.423109720446e-03    7.988966932317e-03
16880    8.439999999998e+02    9.462250465896e-03    8.030443551434e-03
16890    8.444999999998e+02    9.432045891523e-03    8.001642457202e-03
16900    8.449999999998e+02    9.431957502404e-03    8.003275726878e-03
16910    8.454999999998e+02    9.452200340617e-03    8.025114116208e-03
16920    8.459999999998e+02    9.422524762082e-03    7.995140805178e-03
16930    8.464999999998e+02    9.467571289427e-03    8.041034083362e-03
16940    8.469999999998e+02    9.430607189641e-03    8.002979291632e-03
16950    8.474999999998e+02    9.439476792302e-03    8.011126102247e-03
16960    8.479999999998e+02    9.450540465373e-03    8.021788451515e-03
16970    8.484999999998e+02    9.426641588593e-03    7.996747400284e-03
16980    8.489999999998e+02    9.470080023719e-03    8.040605542192e-03
16990    8.494999999998e+02    9.430513663848e-03    8.000240109141e-03
17000    8.499999999998e+02    9.446636182550e-03    8.017477836802e-03
17010    8.504999999998e+02    9.445689015526e-03    8.018351259125e-03
17020    8.509999999998e+02    9.425837078719e-03    8.001103293282e-03
17030    8.514999999998e+02    9.462240336106e-03    8.042222379117e-03
17040    8.519999999998e+02    9.421397918064e-03    8.004482132492e-03
17050    8.524999999998e+02    9.444835421386e-03    8.031667682189e-03
17060    8.529999999998e+02    9.433339372844e-03    8.021479828130e-03
17070    8.534999999998e+02    9.422665595536e-03    8.009294132535e-03
17080    8.539999999998e+02    9.456259284746e-03    8.040213227105e-03
17090    8.544999999998e+02    9.422749561677e-03    8.001067433725e-03
17100    8.549999999998e+02    9.458835900293e-03    8.032729300794e-03
17110    8.554999999998e+02    9.438072263871e-03    8.007736939362e-03
17120    8.559999999998e+02    9.434753378120e-03    8.002280260371e-03
17130    8.564999999998e+02    9.458324425039e-03    8.026966151192e-03
17140    8.569999999998e+02    9.425017952457e-03    7.995176033546e-03
17150    8.574999999998e+02    9.464970679369e-03    8.039695756452e-03
17160    8.579999999998e+02    9.427814973240e-03    8.006667696463e-03
17170    8.584999999998e+02    9.428544172691e-03    8.011908545996e-03
17180    8.589999999998e+02    9.441337359408e-03    8.028547134927e-03
17190    8.594999999998e+02    9.413153264270e-03    8.001616265574e-03
17200    8.599999999998e+02    9.455441375707e-03    8.045225733440e-03
17210    8.604999999998e+02    9.417500009080e-03    8.005664797565e-03
17220    8.609999999998e+02    9.429060862972e-03    8.015725085897e-03
17230    8.614999999998e+02    9.434464088359e-03    8.020232072340e-03
17240    8.619999999998e+02    9.413252313686e-03    7.997927420547e-03
17250    8.624999999998e+02    9.452159082949e-03    8.037956273256e-03
17260    8.629999999998e+02    9.412597583503e-03    7.998899900485e-03
17270    8.634999999998e+02    9.430803463804e-03    8.018666487260e-03
17280    8.639999999998e+02    9.424862175938e-03    8.013249743271e-03
17290    8.644999999998e+02    9.409387986507e-03    7.997561007869e-03
17300    8.649999999998e+02    9.443108520363e-03    8.031840127842e-03
17310    8.654999999998e+02    9.406159668233e-03    7.993628721124e-03
17320    8.659999999998e+02    9.433188473746e-03    8.021237688808e-03
17330    8.664999999998e+02    9.416507837493e-03    8.005046916878e-03
17340    8.669999999998e+02    9.407722823343e-03    7.997344268006e-03
17350    8.674999999998e+02    9.434078567331e-03    8.025805470425e-03
17360    8.679999999998e+02    9.400032313436e-03    7.992522278073e-03
17370    8.684999999998e+02    9.435343026931e-03    8.029763852392e-03
17380    8.689999999998e+02    9.407589790012e-03    8.002435700291e-03
17390    8.694999999998e+02    9.406786087805e-03    8.002083596693e-03
17400    8.699999999998e+02    9.425844967011e-03    8.021956727134e-03
17410    8.704999999998e+02    9.397470068579e-03    7.992979047231e-03
17420    8.709999999998e+02    9.438613905811e-03    8.034774285989e-03
17430    8.714999999998e+02    9.404108114256e-03    7.999295898117e-03
17440    8.719999999998e+02    9.411634085772e-03    8.006140605175e-03
17450    8.724999999998e+02    9.422388588773e-03    8.016017044611e-03
17460    8.729999999998e+02    9.400371875240e-03    7.991711706381e-03
17470    8.734999999998e+02    9.441038100042e-03    8.032041160732e-03
17480    8.739999999998e+02    9.405087969288e-03    7.994809661795e-03
17490    8.744999999998e+02    9.420366842036e-03    8.010664302674e-03
17500    8.749999999998e+02    9.420465873098e-03    8.012631520614e-03
17510    8.754999999998e+02    9.403049610750e-03    7.996910406291e-03
17520    8.759999999998e+02    9.438073398118e-03    8.035058228415e-03
17530    8.764999999998e+02    9.401948671154e-03    8.000485423509e-03
17540    8.769999999998e+02    9.424650365152e-03    8.025372691009e-03
17550    8.774999999997e+02    9.414902824564e-03    8.016215995667e-03
17560    8.779999999997e+02    9.404906273666e-03    8.005440333363e-03
17570    8.784999999997e+02    9.435106033696e-03    8.035309649131e-03
17580    8.789999999997e+02    9.402830166758e-03    8.000519628695e-03
17590    8.794999999997e+02    9.434382517058e-03    8.030832700570e-03
17600    8.799999999997e+02    9.414194881016e-03    8.008793422050e-03
17610    8.804999999997e+02    9.410304389150e-03    8.004351536329e-03
17620    8.809999999997e+02    9.432117857100e-03    8.026724553929e-03
17630    8.814999999997e+02    9.402489284859e-03    7.996694630492e-03
17640    8.819999999997e+02    9.441158496689e-03    8.036834222366e-03
17650    8.824999999997e+02    9.408844275261e-03    8.005161384062e-03
17660    8.829999999997e+02    9.411328294746e-03    8.009226842660e-03
17670    8.834999999997e+02    9.424167363188e-03    8.024200517866e-03
17680    8.839999999997e+02    9.398576288774e-03    8.000266729141e-03
17690    8.844999999997e+02    9.437502384459e-03    8.042010411373e-03
17700    8.849999999997e+02    9.401534306441e-03    8.006562972696e-03
17710    8.854999999997e+02    9.411953368575e-03    8.017842698791e-03
17720    8.859999999997e+02    9.416725882089e-03    8.022461159271e-03
17730    8.864999999997e+02    9.397898090447e-03    8.002095476513e-03
17740    8.869999999997e+02    9.435328019180e-03    8.039355544497e-03
17750    8.874999999997e+02    9.400093207923e-03    8.003126641597e-03
17760    8.879999999997e+02    9.418548097892e-03    8.022654677006e-03
17770    8.884999999997e+02    9.413129788617e-03    8.018978807740e-03
17780    8.889999999997e+02    9.399592483307e-03    8.006914921680e-03
17790    8.894999999997e+02    9.431202400643e-03    8.041006867643e-03
17800    8.899999999997e+02    9.397418067419e-03    8.007553116840e-03
17810    8.904999999997e+02    9.424279871879e-03    8.035347857913e-03
17820    8.909999999997e+02    9.409672274581e-03    8.020568029679e-03
17830    8.914999999997e+02    9.403684019040e-03    8.013653947273e-03
17840    8.919999999997e+02    9.429920619925e-03    8.039320811804e-03
17850    8.924999999997e+02    9.400279114669e-03    8.006895823200e-03
17860    8.929999999997e+02    9.435825865661e-03    8.040422459089e-03
17870    8.934999999997e+02    9.411143585806e-03    8.012311629500e-03
17880    8.939999999997e+02    9.411949721341e-03    8.010609616576e-03
17890    8.944999999997e+02    9.429775349733e-03    8.028165802898e-03
17900    8.949999999997e+02    9.402335607792e-03    8.000998483112e-03
17910    8.954999999997e+02    9.439326861841e-03    8.041622784731e-03
17920    8.959999999997e+02    9.403782973633e-03    8.009623091311e-03
17930    8.964999999997e+02    9.407939532982e-03    8.018437722967e-03
17940    8.969999999997e+02    9.414435278555e-03    8.029439621168e-03
17950    8.974999999997e+02    9.390317604728e-03    8.007981351511e-03
17960    8.979999999997e+02    9.426686839638e-03    8.046726898101e-03
17970    8.984999999997e+02    9.390854268009e-03    8.009736788154e-03
17980    8.989999999997e+02    9.405136507005e-03    8.022667390833e-03
17990    8.994999999997e+02    9.405367695057e-03    8.020757512895e-03
18000    8.999999999997e+02    9.388929375988e-03    8.001775278899e-03
18010    9.004999999997e+02    9.422966481430e-03    8.034989740736e-03
18020    9.009999999997e+02    9.387677233953e-03    7.998264000889e-03
18030    9.014999999997e+02    9.409039630058e-03    8.020182225664e-03
18040    9.019999999997e+02    9.398305353549e-03    8.009859610866e-03
18050    9.024999999997e+02    9.386704528038e-03    7.999214351912e-03
18060    9.029999999997e+02    9.413996538951e-03    8.029045443436e-03
18070    9.034999999997e+02    9.379717511102e-03    7.996416476090e-03
18080    9.039999999997e+02    9.408007579306e-03    8.028319783079e-03
18090    9.044999999997e+02    9.385448398680e-03    8.008746877749e-03
18100    9.049999999997e+02    9.379620968911e-03    8.006078633116e-03
18110    9.054999999997e+02    9.399553444326e-03    8.029173486648e-03
18120    9.059999999997e+02    9.369332031078e-03    7.999727406968e-03
18130    9.064999999997e+02    9.407488883430e-03    8.038726164159e-03
18140    9.069999999997e+02    9.376594598920e-03    8.005710909856e-03
18150    9.074999999997e+02    9.381349584195e-03    8.007001378246e-03
18160    9.079999999997e+02    9.396974960706e-03    8.018766558962e-03
18170    9.084999999997e+02    9.375143856255e-03    7.991238753675e-03
18180    9.089999999997e+02    9.416888243191e-03    8.028886835746e-03
18190    9.094999999997e+02    9.383832702431e-03    7.991342342393e-03
18200    9.099999999997e+02    9.395177968438e-03    8.001193753444e-03
18210    9.104999999997e+02    9.398806013730e-03    8.005806462279e-03
18220    9.109999999997e+02    9.377458690614e-03    7.987161100573e-03
18230    9.114999999997e+02    9.410482926700e-03    8.026161049202e-03
18240    9.119999999997e+02    9.371416749113e-03    7.991869033503e-03
18250    9.124999999997e+02    9.385931254067e-03    8.011974177862e-03
18260    9.129999999997e+02    9.377851411532e-03    8.008068314666e-03
18270    9.134999999997e+02    9.362543396653e-03    7.994432433406e-03
18280    9.139999999997e+02    9.392980877456e-03    8.025684575841e-03
18290    9.144999999997e+02    9.359590877757e-03    7.989627581992e-03
18300    9.149999999997e+02    9.386655550190e-03    8.014072265723e-03
18310    9.154999999997e+02    9.372969099585e-03    7.995885041964e-03
18320    9.159999999997e+02    9.367447772201e-03    7.986210828676e-03
18330    9.164999999997e+02    9.393304588871e-03    8.009953990040e-03
18340    9.169999999997e+02    9.362766143235e-03    7.977316914548e-03
18350    9.174999999997e+02    9.396027458271e-03    8.011601807084e-03
18360    9.179999999997e+02    9.368235408783e-03    7.985649752300e-03
18370    9.184999999997e+02    9.365302635549e-03    7.986923988028e-03
18380    9.189999999997e+02    9.379504004843e-03    8.006475514776e-03
18390    9.194999999997e+02    9.349408717368e-03    7.980758872691e-03
18400    9.199999999997e+02    9.384816151460e-03    8.021927554182e-03
18410    9.204999999997e+02    9.348980407795e-03    7.988844025931e-03
18420    9.209999999997e+02    9.354894687698e-03    7.996312807336e-03
18430    9.214999999997e+02    9.363779904036e-03    8.005158221749e-03
18440    9.219999999997e+02    9.343128477549e-03    7.981658892277e-03
18450    9.224999999997e+02    9.382584871116e-03    8.018254939998e-03
18460    9.229999999997e+02    9.348853307892e-03    7.980023428900e-03
18470    9.234999999997e+02    9.365036963297e-03    7.993042921044e-03
18480    9.239999999997e+02    9.365420774622e-03    7.991402790140e-03
18490    9.244999999997e+02    9.349517099803e-03    7.974286658282e-03
18500    9.249999999997e+02    9.383088861720e-03    8.008957613129e-03
18510    9.254999999997e+02    9.347632541156e-03    7.973288645189e-03
18520    9.259999999997e+02    9.369567115546e-03    7.996345834727e-03
18530    9.264999999997e+02    9.358835236771e-03    7.986053494278e-03
18540    9.269999999997e+02    9.349109734601e-03    7.975738830282e-03
18550    9.274999999997e+02    9.377983341499e-03    8.004715496099e-03
18560    9.279999999997e+02    9.346315574399e-03    7.972025771778e-03
18570    9.284999999997e+02    9.377447690365e-03    8.003946836652e-03
18580    9.289999999997e+02    9.357009949187e-03    7.983784187672e-03
18590    9.294999999997e+02    9.353883210985e-03    7.981480111084e-03
18600    9.299999999997e+02    9.375437789366e-03    8.005104841686e-03
18610    9.304999999997e+02    9.346895786787e-03    7.977129163919e-03
18620    9.309999999997e+02    9.386250712494e-03    8.017906174246e-03
18630    9.314999999997e+02    9.355763716025e-03    7.986327841536e-03
18640    9.319999999997e+02    9.360883291438e-03    7.989961909516e-03
18650    9.324999999997e+02    9.376250995089e-03    8.003344847566e-03
18660    9.329999999997e+02    9.353903958510e-03    7.977014570315e-03
18670    9.334999999997e+02    9.395600507915e-03    8.016408683943e-03
18680    9.339999999997e+02    9.362103104630e-03    7.979593560776e-03
18690    9.344999999997e+02    9.374553429215e-03    7.990088190127e-03
18700    9.349999999997e+02    9.380643329497e-03    7.995076231055e-03
18710    9.354999999997e+02    9.362212580117e-03    7.976069904544e-03
18720    9.359999999997e+02    9.399440740907e-03    8.015707753657e-03
18730    9.364999999997e+02    9.362881600895e-03    7.980929532096e-03
18740    9.369999999997e+02    9.380190135034e-03    8.002446421415e-03
18750    9.374999999997e+02    9.373891646694e-03    8.000728106708e-03
18760    9.379999999997e+02    9.359375155895e-03    7.989789297426e-03
18770    9.384999999997e+02    9.391409828367e-03    8.025289366742e-03
18780    9.389999999997e+02    9.357565066662e-03    7.991128905815e-03
18790    9.394999999997e+02    9.385844387993e-03    8.017982164347e-03
18800    9.399999999997e+02    9.373405683348e-03    8.000725651073e-03
18810    9.404999999997e+02    9.369691541989e-03    7.990689380676e-03
18820    9.409999999997e+02    9.399461491512e-03    8.015002295906e-03
18830    9.414999999997e+02    9.371134816274e-03    7.980498420693e-03
18840    9.419999999997e+02    9.408264277962e-03    8.014981451197e-03
18850    9.424999999997e+02    9.382949170935e-03    7.988629624379e-03
18860    9.429999999997e+02    9.381779772345e-03    7.989859230292e-03
18870    9.434999999997e+02    9.398356834692e-03    8.011700569114e-03
18880    9.439999999997e+02    9.368251970110e-03    7.986829024048e-03
18890    9.444999999997e+02    9.405686432094e-03    8.030866701120e-03
18900    9.449999999997e+02    9.370772343835e-03    7.999293707144e-03
18910    9.454999999997e+02    9.377720822086e-03    8.007520271349e-03
18920    9.459999999997e+02    9.389289294733e-03    8.017684975130e-03
18930    9.464999999997e+02    9.368998636875e-03    7.992713302883e-03
18940    9.469999999997e+02    9.411126105002e-03    8.030409274397e-03
18950    9.474999999997e+02    9.378428570819e-03    7.991177938493e-03
18960    9.479999999997e+02    9.395502278307e-03    8.003764753994e-03
18970    9.484999999997e+02    9.398020612979e-03    8.003495311641e-03
18980    9.489999999997e+02    9.381821597949e-03    7.985371601535e-03
18990    9.494999999997e+02    9.417176083128e-03    8.021829175959e-03
19000    9.499999999997e+02    9.380834377284e-03    7.986645790879e-03
19010    9.504999999997e+02    9.401910908086e-03    8.011126070414e-03
19020    9.509999999997e+02    9.390833309201e-03    8.003440828361e-03
19030    9.514999999997e+02    9.378306706646e-03    7.994579068509e-03
19040    9.519999999997e+02    9.406956507855e-03    8.027533002860e-03
19050    9.524999999997e+02    9.373270554713e-03    7.995253563422e-03
19060    9.529999999997e+02    9.404710953414e-03    8.027809856685e-03
19070    9.534999999997e+02    9.386040190440e-03    8.007145633201e-03
19080    9.539999999997e+02    9.384373097740e-03    8.001764209439e-03
19090    9.544999999997e+02    9.410164624885e-03    8.023590265111e-03
19100    9.549999999997e+02    9.383704540195e-03    7.991608105840e-03
19110    9.554999999997e+02    9.426467169413e-03    8.030785712435e-03
19120    9.559999999997e+02    9.397011551873e-03    7.997784526196e-03
19130    9.564999999997e+02    9.401446121007e-03    8.001221593076e-03
19140    9.569999999997e+02    9.416173758237e-03    8.017586774258e-03
19150    9.574999999997e+02    9.390151351145e-03    7.993951518074e-03
19160    9.579999999997e+02    9.429730670799e-03    8.038634498917e-03
19170    9.584999999997e+02    9.392902279174e-03    8.005339240299e-03
19180    9.589999999997e+02    9.403580583721e-03    8.019166913982e-03
19190    9.594999999997e+02    9.409569209842e-03    8.026606065869e-03
19200    9.599999999997e+02    9.391001444926e-03    8.006688246496e-03
19210    9.604999999997e+02    9.431456860281e-03    8.045309782574e-03
19220    9.609999999997e+02    9.397665943687e-03    8.006552084225e-03
19230    9.614999999997e+02    9.419705767356e-03    8.024022233258e-03
19240    9.619999999997e+02    9.417863560724e-03    8.017599621780e-03
19250    9.624999999997e+02    9.406135867629e-03    8.001431800039e-03
19260    9.629999999997e+02    9.440945712855e-03    8.034761534873e-03
19270    9.634999999997e+02    9.405938558676e-03    7.998143171790e-03
19280    9.639999999997e+02    9.432567115969e-03    8.026140049878e-03
19290    9.644999999997e+02    9.416120324052e-03    8.011044307750e-03
19300    9.649999999997e+02    9.407961409905e-03    8.004311193872e-03
19310    9.654999999997e+02    9.434358279880e-03    8.032592329982e-03
19320    9.659999999997e+02    9.401766104008e-03    7.999791055227e-03
19330    9.664999999997e+02    9.437755998457e-03    8.037049778068e-03
19340    9.669999999997e+02    9.411186827268e-03    8.009772555852e-03
19350    9.674999999997e+02    9.411273494350e-03    8.009165876501e-03
19360    9.679999999997e+02    9.430588932705e-03    8.028647499486e-03
19370    9.684999999997e+02    9.402888302336e-03    7.999615118933e-03
19380    9.689999999997e+02    9.444576236068e-03    8.041428572142e-03
19390    9.694999999997e+02    9.410340549274e-03    8.005694488929e-03
19400    9.699999999997e+02    9.418120519780e-03    8.013476466658e-03
19410    9.704999999997e+02    9.428160787761e-03    8.024259751437e-03
19420    9.709999999997e+02    9.404869344177e-03    8.000874826394e-03
19430    9.714999999997e+02    9.445278110369e-03    8.042498166105e-03
19440    9.719999999997e+02    9.408233417330e-03    8.004032367353e-03
19450    9.724999999997e+02    9.424699878586e-03    8.019004098060e-03
19460    9.729999999997e+02    9.426209955368e-03    8.017805625968e-03
19470    9.734999999997e+02    9.410343715965e-03    7.998343137842e-03
19480    9.739999999997e+02    9.447990008036e-03    8.034356287681e-03
19490    9.744999999997e+02    9.411345576232e-03    7.994988991413e-03
19500    9.749999999997e+02    9.435202309438e-03    8.018317075766e-03
19510    9.754999999997e+02    9.424210882156e-03    8.007189608179e-03
19520    9.759999999997e+02    9.413085487347e-03    7.995981856766e-03
19530    9.764999999997e+02    9.443453453576e-03    8.027342889363e-03
19540    9.769999999997e+02    9.408484549601e-03    7.991799833690e-03
19550    9.774999999997e+02    9.441057057906e-03    8.025426927816e-03
19560    9.779999999997e+02    9.418993397791e-03    8.002991788999e-03
19570    9.784999999997e+02    9.415653527436e-03    7.999428511539e-03
19580    9.789999999997e+02    9.439576120331e-03    8.023738314478e-03
19590    9.794999999997e+02    9.410044947855e-03    7.992442335308e-03
19600    9.799999999997e+02    9.453359912894e-03    8.035213822041e-03
19610    9.804999999997e+02    9.421052024728e-03    8.000964322491e-03
19620    9.809999999997e+02    9.426604343537e-03    8.005093784050e-03
19630    9.814999999997e+02    9.442493388604e-03    8.019772998523e-03
19640    9.819999999997e+02    9.418095826630e-03    7.992909877430e-03
19650    9.824999999997e+02    9.462339239765e-03    8.036008308409e-03
19660    9.829999999997e+02    9.426256320940e-03    7.996708567589e-03
19670    9.834999999997e+02    9.439742010751e-03    8.007922747311e-03
19680    9.839999999997e+02    9.445641758557e-03    8.012271819098e-03
19690    9.844999999997e+02    9.425717263280e-03    7.990852342118e-03
19700    9.849999999997e+02    9.465128515778e-03    8.031398610001e-03
19710    9.854999999997e+02    9.426442944131e-03    7.992655599082e-03
19720    9.859999999997e+02    9.446147149490e-03    8.013513919650e-03
19730    9.864999999997e+02    9.440454484027e-03    8.007787735551e-03
19740    9.869999999997e+02    9.426643551760e-03    7.992409655344e-03
19750    9.874999999996e+02    9.461621297955e-03    8.026413541302e-03
19760    9.879999999996e+02    9.425968332649e-03    7.986926299054e-03
19770    9.884999999996e+02    9.455532789816e-03    8.013891670998e-03
19780    9.889999999996e+02    9.439441851847e-03    7.994806490387e-03
19790    9.894999999996e+02    9.432356851368e-03    7.984877655872e-03
19800    9.899999999996e+02    9.459771093989e-03    8.010910010853e-03
19810    9.904999999996e+02    9.425506442695e-03    7.975300365615e-03
19820    9.909999999996e+02    9.461864847907e-03    8.013637140721e-03
19830    9.914999999996e+02    9.431203025021e-03    7.984648791535e-03
19840    9.919999999996e+02    9.428692819781e-03    7.985484610799e-03
19850    9.924999999996e+02    9.445971053776e-03    8.006840729649e-03
19860    9.929999999996e+02    9.415008095950e-03    7.977615406162e-03
19870    9.934999999996e+02    9.457540450308e-03    8.021746019949e-03
19880    9.939999999996e+02    9.421412942737e-03    7.983611048076e-03
19890    9.944999999996e+02    9.431026107614e-03    7.989858119799e-03
19900    9.949999999996e+02    9.444149961534e-03    7.998012943972e-03
19910    9.954999999996e+02    9.423089737390e-03    7.970120223945e-03
19920    9.959999999996e+02    9.468740490397e-03    8.010321874281e-03
19930    9.964999999996e+02    9.432222243390e-03    7.967323495905e-03
19940    9.969999999996e+02    9.450353650177e-03    7.981830909557e-03
19950    9.974999999996e+02    9.451249357414e-03    7.980930447957e-03
19960    9.979999999996e+02    9.432377978982e-03    7.962237787069e-03
19970    9.984999999996e+02    9.469375807717e-03    8.002910152754e-03
19980    9.989999999996e+02    9.427753407525e-03    7.965108311510e-03
19990    9.994999999996e+02    9.450208759457e-03    7.993720982995e-03
20000    9.999999999996e+02    9.437153777739e-03    7.985519663634e-03
20010    1.000500000000e+03    9.424917185956e-03    7.975221493325e-03
20020    1.001000000000e+03    9.458950108882e-03    8.009280172701e-03
20030    1.001500000000e+03    9.425349017545e-03    7.970034076607e-03
20040    1.002000000000e+03    9.464570105977e-03    8.002155705071e-03
20050    1.002500000000e+03    9.446964178740e-03    7.975483642440e-03
20060    1.003000000000e+03    9.447914310866e-03    7.968047041686e-03
20070    1.003500000000e+03    9.477171531647e-03    7.991827923433e-03
20080    1.004000000000e+03    9.446675648000e-03    7.957138303937e-03
20090    1.004500000000e+03    9.491594452528e-03    8.003408911463e-03
20100    1.005000000000e+03    9.455382510158e-03    7.969156949912e-03
20110    1.005500000000e+03    9.457655016558e-03    7.975670200722e-03
20120    1.006000000000e+03    9.471540906709e-03    7.995676122846e-03
20130    1.006500000000e+03    9.441319832629e-03    7.970012489750e-03
20140    1.007000000000e+03    9.485855298222e-03    8.019459173738e-03
20150    1.007500000000e+03    9.445464406337e-03    7.980001102624e-03
20160    1.008000000000e+03    9.459358737913e-03    7.993159728358e-03
20170    1.008500000000e+03    9.468001915819e-03    7.997996917766e-03
20180    1.009000000000e+03    9.449905928927e-03    7.972386335496e-03
20190    1.009500000000e+03    9.497887989687e-03    8.013118379495e-03
20200    1.010000000000e+03    9.461264461382e-03    7.967417092914e-03
20210    1.010500000000e+03    9.486916456770e-03    7.986564129169e-03
20220    1.011000000000e+03    9.484045423201e-03    7.979123120094e-03
20230    1.011500000000e+03    9.469391894060e-03    7.963094362822e-03
20240    1.012000000000e+03    9.506050730999e-03    8.002913046766e-03
20250    1.012500000000e+03    9.463813278977e-03    7.964316867401e-03
20260    1.013000000000e+03    9.491900739233e-03    7.999237916010e-03
20270    1.013500000000e+03    9.471375213451e-03    7.984133778336e-03
20280    1.014000000000e+03    9.461692372624e-03    7.978303791788e-03
20290    1.014500000000e+03    9.491275330491e-03    8.010638778615e-03
20300    1.015000000000e+03    9.455724763497e-03    7.973722022143e-03
20310    1.015500000000e+03    9.498548273998e-03    8.014906376957e-03
20320    1.016000000000e+03    9.470469976909e-03    7.982142672518e-03
20330    1.016500000000e+03    9.474276575910e-03    7.980878826856e-03
20340    1.017000000000e+03    9.498858046119e-03    8.000404342965e-03
20350    1.017500000000e+03    9.470961244351e-03    7.966375454998e-03
20360    1.018000000000e+03    9.520400015435e-03    8.012527419851e-03
20370    1.018500000000e+03    9.482536544151e-03    7.971211455697e-03
20380    1.019000000000e+03    9.492603667418e-03    7.980558368217e-03
20390    1.019500000000e+03    9.503116621715e-03    7.992116091373e-03
20400    1.020000000000e+03    9.477494653725e-03    7.967376641318e-03
20410    1.020500000000e+03    9.522358164316e-03    8.015362061997e-03
20420    1.021000000000e+03    9.479980796505e-03    7.973997780937e-03
20430    1.021500000000e+03    9.498604030232e-03    7.993900871952e-03
20440    1.022000000000e+03    9.498658056251e-03    7.994008117748e-03
20450    1.022500000000e+03    9.482074634018e-03    7.975494324455e-03
20460    1.023000000000e+03    9.524841546892e-03    8.016634556952e-03
20470    1.023500000000e+03    9.486290079069e-03    7.974129522154e-03
20480    1.024000000000e+03    9.516814164751e-03    8.001596043869e-03
20490    1.024500000000e+03    9.506498004175e-03    7.987501662683e-03
20500    1.025000000000e+03    9.498072277520e-03    7.975535892001e-03
20510    1.025500000000e+03    9.533036122746e-03    8.009102699361e-03
20520    1.026000000000e+03    9.495787597465e-03    7.970231485160e-03
20530    1.026500000000e+03    9.533376683363e-03    8.008906223949e-03
20540    1.027000000000e+03    9.507405836235e-03    7.983415160197e-03
20550    1.027500000000e+03    9.504472148613e-03    7.981283478330e-03
20560    1.028000000000e+03    9.529410135930e-03    8.006945983652e-03
20570    1.028500000000e+03    9.497050727995e-03    7.972290076395e-03
20580    1.029000000000e+03    9.545936672671e-03    8.019209994927e-03
20590    1.029500000000e+03    9.508561664390e-03    7.977812630998e-03
20600    1.030000000000e+03    9.515776751881e-03    7.982130267010e-03
20610    1.030500000000e+03    9.531577303699e-03    7.996201877177e-03
20620    1.031000000000e+03    9.504196579964e-03    7.967194393132e-03
20630    1.031500000000e+03    9.551517623142e-03    8.016077919820e-03
20640    1.032000000000e+03    9.507523797850e-03    7.972985368724e-03
20650    1.032500000000e+03    9.520300177920e-03    7.988832245246e-03
20660    1.033000000000e+03    9.522444915198e-03    7.994301677172e-03
20670    1.033500000000e+03    9.499430975042e-03    7.973435429449e-03
20680    1.034000000000e+03    9.542405882059e-03    8.018930769140e-03
20690    1.034500000000e+03    9.499686455827e-03    7.974802541867e-03
20700    1.035000000000e+03    9.524307456016e-03    7.997444004104e-03
20710    1.035500000000e+03    9.519028351615e-03    7.987577982021e-03
20720    1.036000000000e+03    9.507513735020e-03    7.969646942001e-03
20730    1.036500000000e+03    9.548398269544e-03    8.005711461919e-03
20740    1.037000000000e+03    9.510373260711e-03    7.962351426613e-03
20750    1.037500000000e+03    9.544769536685e-03    7.995180284524e-03
20760    1.038000000000e+03    9.525615279423e-03    7.975993595210e-03
20770    1.038500000000e+03    9.517806447338e-03    7.970908432071e-03
20780    1.039000000000e+03    9.546473050925e-03    8.004323976820e-03
20790    1.039500000000e+03    9.508153083685e-03    7.969458070875e-03
20800    1.040000000000e+03    9.549357158021e-03    8.015275160687e-03
20810    1.040500000000e+03    9.516533801905e-03    7.983930847331e-03
20820    1.041000000000e+03    9.517757888848e-03    7.985528000063e-03
20830    1.041500000000e+03    9.540094354020e-03    8.006650753487e-03
20840    1.042000000000e+03    9.510576505321e-03    7.972271787366e-03
20850    1.042500000000e+03    9.561459593205e-03    8.018223298677e-03
20860    1.043000000000e+03    9.523912633887e-03    7.973360369760e-03
20870    1.043500000000e+03    9.536297824665e-03    7.979986505234e-03
20880    1.044000000000e+03    9.548774610607e-03    7.989300424015e-03
20890    1.044500000000e+03    9.522580808954e-03    7.962506302647e-03
20900    1.045000000000e+03    9.567680968781e-03    8.011385533791e-03
20910    1.045500000000e+03    9.521785133840e-03    7.969588830747e-03
20920    1.046000000000e+03    9.536886487719e-03    7.991176160431e-03
20930    1.046500000000e+03    9.533724147513e-03    7.993961357897e-03
20940    1.047000000000e+03    9.511929977577e-03    7.975712953339e-03
20950    1.047500000000e+03    9.552588800013e-03    8.019679250538e-03
20960    1.048000000000e+03    9.509736146350e-03    7.976113607583e-03
20970    1.048500000000e+03    9.538017712303e-03    8.003026748156e-03
20980    1.049000000000e+03    9.527579309448e-03    7.988873211616e-03
20990    1.049500000000e+03    9.517234567730e-03    7.974095302416e-03
21000    1.050000000000e+03    9.554520468812e-03    8.008058674022e-03
21010    1.050500000000e+03    9.516425005715e-03    7.965763682478e-03
21020    1.051000000000e+03    9.554124045632e-03    8.002785667486e-03
21030    1.051500000000e+03    9.529519028117e-03    7.978389046002e-03
21040    1.052000000000e+03    9.524296165967e-03    7.975273126249e-03
21050    1.052500000000e+03    9.549804685369e-03    8.004764503312e-03
21060    1.053000000000e+03    9.513376351292e-03    7.970775571266e-03
21070    1.053500000000e+03    9.559416301019e-03    8.020204926652e-03
21080    1.054000000000e+03    9.522297584833e-03    7.982621591509e-03
21090    1.054500000000e+03    9.527870810965e-03    7.986164067916e-03
21100    1.055000000000e+03    9.547331818048e-03    8.002589986063e-03
21110    1.055500000000e+03    9.521124333804e-03    7.970275381922e-03
21120    1.056000000000e+03    9.572636898206e-03    8.016619625778e-03
21130    1.056500000000e+03    9.534279651462e-03    7.972106840498e-03
21140    1.057000000000e+03    9.549992407533e-03    7.984219491846e-03
21150    1.057500000000e+03    9.557857359340e-03    7.990774054633e-03
21160    1.058000000000e+03    9.535104333760e-03    7.968653280841e-03
21170    1.058500000000e+03    9.578399177792e-03    8.016984887945e-03
21180    1.059000000000e+03    9.534256965751e-03    7.977064607985e-03
21190    1.059500000000e+03    9.554419773129e-03    8.002403844330e-03
21200    1.060000000000e+03    9.547810138894e-03    7.999489698705e-03
21210    1.060500000000e+03    9.531635608166e-03    7.984644691533e-03
21220    1.061000000000e+03    9.570461896865e-03    8.023828357182e-03
21230    1.061500000000e+03    9.531675059424e-03    7.981693011061e-03
21240    1.062000000000e+03    9.564833619438e-03    8.011912636903e-03
21250    1.062500000000e+03    9.549118492380e-03    7.991974356628e-03
21260    1.063000000000e+03    9.542465081115e-03    7.982385835021e-03
21270    1.063500000000e+03    9.573014325729e-03    8.013007254704e-03
21280    1.064000000000e+03    9.535870212524e-03    7.976656625942e-03
21290    1.064500000000e+03    9.574592477860e-03    8.019973005503e-03
21300    1.065000000000e+03    9.541415144941e-03    7.991368239345e-03
21310    1.065500000000e+03    9.538767921390e-03    7.993899649591e-03
21320    1.066000000000e+03    9.557173769728e-03    8.016840662094e-03
21330    1.066500000000e+03    9.524369640570e-03    7.985777176145e-03
21340    1.067000000000e+03    9.569287790115e-03    8.032653732698e-03
21350    1.067500000000e+03    9.530232731579e-03    7.992392649612e-03
21360    1.068000000000e+03    9.539176018988e-03    8.000219590940e-03
21370    1.068500000000e+03    9.550108626838e-03    8.010241134798e-03
21380    1.069000000000e+03    9.525719725653e-03    7.983839652297e-03
21390    1.069500000000e+03    9.570541711043e-03    8.027831717300e-03
21400    1.070000000000e+03    9.530465922658e-03    7.985329242729e-03
21410    1.070500000000e+03    9.548597500877e-03    8.002181445590e-03
21420    1.071000000000e+03    9.548697301913e-03    8.000847543371e-03
21430    1.071500000000e+03    9.531007965943e-03    7.981726071193e-03
21440    1.072000000000e+03    9.570231682086e-03    8.021697254662e-03
21450    1.072500000000e+03    9.530895772122e-03    7.981092209775e-03
21460    1.073000000000e+03    9.557599028534e-03    8.007482178073e-03
21470    1.073500000000e+03    9.546150412732e-03    7.995245406164e-03
21480    1.074000000000e+03    9.536175865729e-03    7.984283320184e-03
21490    1.074500000000e+03    9.568687075933e-03    8.017199918868e-03
21500    1.075000000000e+03    9.532591014403e-03    7.980730674717e-03
21510    1.075500000000e+03    9.567732978545e-03    8.017338293030e-03
21520    1.076000000000e+03    9.543581185399e-03    7.993362496563e-03
21530    1.076500000000e+03    9.540654194080e-03    7.989948615432e-03
21540    1.077000000000e+03    9.564547990762e-03    8.013426915568e-03
21550    1.077500000000e+03    9.533188247701e-03    7.979924022948e-03
21560    1.078000000000e+03    9.577722213133e-03    8.023708337532e-03
21570    1.078500000000e+03    9.541481038204e-03    7.985742613528e-03
21580    1.079000000000e+03    9.545922852085e-03    7.989862774593e-03
21590    1.079500000000e+03    9.559597006770e-03    8.004025885384e-03
21600    1.080000000000e+03    9.532100092807e-03    7.976723227330e-03
21610    1.080500000000e+03    9.574985288021e-03    8.022830707887e-03
21620    1.081000000000e+03    9.533770622931e-03    7.983972182956e-03
21630    1.081500000000e+03    9.544690784237e-03    7.998874191799e-03
21640    1.082000000000e+03    9.547191752917e-03    8.005747099560e-03
21650    1.082500000000e+03    9.524985014138e-03    7.986776286089e-03
21660    1.083000000000e+03    9.564576698919e-03    8.029560950490e-03
21670    1.083500000000e+03    9.524571543304e-03    7.989782722689e-03
21680    1.084000000000e+03    9.545656852270e-03    8.011325849111e-03
21690    1.084500000000e+03    9.540397386131e-03    8.004489719497e-03
21700    1.085000000000e+03    9.527476535580e-03    7.988493612174e-03
21710    1.085500000000e+03    9.563904693827e-03    8.022770648495e-03
21720    1.086000000000e+03    9.527412791137e-03    7.982376043401e-03
21730    1.086500000000e+03    9.556981037212e-03    8.010508660846e-03
21740    1.087000000000e+03    9.538754452243e-03    7.991899188710e-03
21750    1.087500000000e+03    9.528964729093e-03    7.984066791323e-03
21760    1.088000000000e+03    9.553724274740e-03    8.013507251235e-03
21770    1.088500000000e+03    9.515792957541e-03    7.979577229889e-03
21780    1.089000000000e+03    9.550049139701e-03    8.019618951039e-03
21790    1.089500000000e+03    9.518062397549e-03    7.991034180122e-03
21800    1.090000000000e+03    9.515657799146e-03    7.990217409315e-03
21810    1.090500000000e+03    9.534704567192e-03    8.008708600755e-03
21820    1.091000000000e+03    9.505435016388e-03    7.975119044204e-03
21830    1.091500000000e+03    9.549693728659e-03    8.014817184630e-03
21840    1.092000000000e+03    9.514528548166e-03    7.973226332979e-03
21850    1.092500000000e+03    9.523089294801e-03    7.976827851053e-03
21860    1.093000000000e+03    9.534504444498e-03    7.984425089489e-03
21870    1.093500000000e+03    9.509953274251e-03    7.956047126754e-03
21880    1.094000000000e+03    9.550851049745e-03    7.997246500963e-03
21890    1.094500000000e+03    9.509581355849e-03    7.957813638313e-03
21900    1.095000000000e+03    9.521299309381e-03    7.975174104104e-03
21910    1.095500000000e+03    9.517293016215e-03    7.979704139871e-03
21920    1.096000000000e+03    9.493534968073e-03    7.965132742356e-03
21930    1.096500000000e+03    9.527316471894e-03    8.008412019990e-03
21940    1.097000000000e+03    9.486262527151e-03    7.972161720318e-03
21950    1.097500000000e+03    9.509396935423e-03    7.997817443538e-03
21960    1.098000000000e+03    9.501085663929e-03    7.987729714841e-03
21970    1.098500000000e+03    9.492202951093e-03    7.973289880283e-03
21980    1.099000000000e+03    9.528938894628e-03    8.003606001694e-03
21990    1.099500000000e+03    9.497935383355e-03    7.962955252879e-03
22000    1.100000000000e+03    9.534952122932e-03    7.991997178578e-03
22010    1.100500000000e+03    9.517459559142e-03    7.967106821525e-03
22020    1.101000000000e+03    9.514068042343e-03    7.959444698827e-03
22030    1.101500000000e+03    9.538556853912e-03    7.984600896634e-03
22040    1.102000000000e+03    9.503644924693e-03    7.952785644193e-03
22050    1.102500000000e+03    9.540894202717e-03    7.997671539670e-03
22060    1.103000000000e+03    9.502999596546e-03    7.967282505888e-03
22070    1.103500000000e+03    9.500241342833e-03    7.972217275892e-03
22080    1.104000000000e+03    9.512317212017e-03    7.991162915459e-03
22090    1.104500000000e+03    9.481492895853e-03    7.963710079821e-03
22100    1.105000000000e+03    9.522666124504e-03    8.007369239749e-03
22110    1.105500000000e+03    9.484918649987e-03    7.968101506776e-03
22120    1.106000000000e+03    9.496017084494e-03    7.976723590218e-03
22130    1.106500000000e+03    9.504078692829e-03    7.980829623193e-03
22140    1.107000000000e+03    9.483125259561e-03    7.954474600410e-03
22150    1.107500000000e+03    9.524921253656e-03    7.992723225470e-03
22160    1.108000000000e+03    9.486941837537e-03    7.950900901960e-03
22170    1.108500000000e+03    9.505804134473e-03    7.968546819939e-03
22180    1.109000000000e+03    9.501169928872e-03    7.964661695951e-03
22190    1.109500000000e+03    9.483410954843e-03    7.949484477649e-03
22200    1.110000000000e+03    9.516800130744e-03    7.988111467057e-03
22210    1.110500000000e+03    9.476539549545e-03    7.952232032949e-03
22220    1.111000000000e+03    9.501807836777e-03    7.983460069227e-03
22230    1.111500000000e+03    9.484575273492e-03    7.971039201038e-03
22240    1.112000000000e+03    9.474445294223e-03    7.964712799549e-03
22250    1.112500000000e+03    9.502672904228e-03    7.996854064913e-03
22260    1.113000000000e+03    9.468003751727e-03    7.963578353156e-03
22270    1.113500000000e+03    9.505677179861e-03    8.002895859136e-03
22280    1.114000000000e+03    9.479394339087e-03    7.974845190802e-03
22290    1.114500000000e+03    9.480193827435e-03    7.972322870046e-03
22300    1.115000000000e+03    9.503318427751e-03    7.991371689968e-03
22310    1.115500000000e+03    9.476293989085e-03    7.957590994010e-03
22320    1.116000000000e+03    9.521761476971e-03    7.997989006981e-03
22330    1.116500000000e+03    9.487808511728e-03    7.958781409798e-03
22340    1.117000000000e+03    9.495892670941e-03    7.963708562784e-03
22350    1.117500000000e+03    9.506833479937e-03    7.973540323292e-03
22360    1.118000000000e+03    9.481084524240e-03    7.947603797220e-03
22370    1.118500000000e+03    9.520868297330e-03    7.990766738658e-03
22380    1.119000000000e+03    9.479272476819e-03    7.952696385473e-03
22390    1.119500000000e+03    9.491017398732e-03    7.970722273967e-03
22400    1.120000000000e+03    9.487330983693e-03    7.974287130310e-03
22410    1.120500000000e+03    9.464976405940e-03    7.957586505654e-03
22420    1.121000000000e+03    9.499273073229e-03    7.997851516848e-03
22430    1.121500000000e+03    9.458262369654e-03    7.959567716171e-03
22440    1.122000000000e+03    9.481120950478e-03    7.983957113538e-03
22450    1.122500000000e+03    9.470278915691e-03    7.971650449690e-03
22460    1.123000000000e+03    9.459801964677e-03    7.957467579217e-03
22470    1.123500000000e+03    9.493106901800e-03    7.986580385477e-03
22480    1.124000000000e+03    9.459135799583e-03    7.945972797643e-03
22490    1.124500000000e+03    9.494550533561e-03    7.976409648109e-03
22500    1.125000000000e+03    9.473020822748e-03    7.950031679684e-03
22510    1.125500000000e+03    9.469370926722e-03    7.944098912958e-03
22520    1.126000000000e+03    9.492304736813e-03    7.968098014317e-03
22530    1.126500000000e+03    9.458279009939e-03    7.936514265566e-03
22540    1.127000000000e+03    9.498892035155e-03    7.983012484146e-03
22550    1.127500000000e+03    9.459987618659e-03    7.949330723022e-03
22560    1.128000000000e+03    9.460896801826e-03    7.956014786032e-03
22570    1.128500000000e+03    9.472936646501e-03    7.973086881975e-03
22580    1.129000000000e+03    9.444429696260e-03    7.946911364343e-03
22590    1.129500000000e+03    9.488491256060e-03    7.992562075742e-03
22600    1.130000000000e+03    9.449063015308e-03    7.951133471579e-03
22610    1.130500000000e+03    9.463104344238e-03    7.962339152982e-03
22620    1.131000000000e+03    9.468835332064e-03    7.964048009853e-03
22630    1.131500000000e+03    9.449564686139e-03    7.939757021632e-03
22640    1.132000000000e+03    9.492510064108e-03    7.979004201843e-03
22650    1.132500000000e+03    9.453893650461e-03    7.935790991723e-03
22660    1.133000000000e+03    9.477129470037e-03    7.956552667565e-03
22670    1.133500000000e+03    9.471454018499e-03    7.949661156090e-03
22680    1.134000000000e+03    9.457855691559e-03    7.935446887132e-03
22690    1.134500000000e+03    9.492959687694e-03    7.973010659953e-03
22700    1.135000000000e+03    9.453570193820e-03    7.936134374177e-03
22710    1.135500000000e+03    9.482320466621e-03    7.970243866112e-03
22720    1.136000000000e+03    9.461912994354e-03    7.955353011312e-03
22730    1.136500000000e+03    9.453340779085e-03    7.951871422847e-03
22740    1.137000000000e+03    9.480378936394e-03    7.983662690094e-03
22750    1.137500000000e+03    9.445666652824e-03    7.949675658892e-03
22760    1.138000000000e+03    9.485938679288e-03    7.990612333742e-03
22770    1.138500000000e+03    9.456843562092e-03    7.959247046529e-03
22780    1.139000000000e+03    9.459667849830e-03    7.958974689245e-03
22790    1.139500000000e+03    9.482043354288e-03    7.977731216670e-03
22800    1.140000000000e+03    9.455525727159e-03    7.945352193929e-03
22810    1.140500000000e+03    9.503914436367e-03    7.989377980266e-03
22820    1.141000000000e+03    9.468698540557e-03    7.948230258989e-03
22830    1.141500000000e+03    9.479882832367e-03    7.955809446685e-03
22840    1.142000000000e+03    9.490885571784e-03    7.965876097842e-03
22850    1.142500000000e+03    9.465608982027e-03    7.942119461404e-03
22860    1.143000000000e+03    9.506849128696e-03    7.989375792022e-03
22870    1.143500000000e+03    9.462397566891e-03    7.951294558552e-03
22880    1.144000000000e+03    9.475722534327e-03    7.972972956850e-03
22890    1.144500000000e+03    9.471520280266e-03    7.975576880199e-03
22900    1.145000000000e+03    9.450530873181e-03    7.958803634210e-03
22910    1.145500000000e+03    9.488712038431e-03    7.999365300748e-03
22920    1.146000000000e+03    9.448625662166e-03    7.957058393913e-03
22930    1.146500000000e+03    9.476409719724e-03    7.981683889739e-03
22940    1.147000000000e+03    9.466630639403e-03    7.966780541210e-03
22950    1.147500000000e+03    9.457725995961e-03    7.952482394103e-03
22960    1.148000000000e+03    9.492586380663e-03    7.983911725205e-03
22970    1.148500000000e+03    9.455561007784e-03    7.944246005536e-03
22980    1.149000000000e+03    9.490764783243e-03    7.980548180967e-03
22990    1.149500000000e+03    9.464791285387e-03    7.956980286508e-03
23000    1.150000000000e+03    9.458722251748e-03    7.955298862726e-03
23010    1.150500000000e+03    9.481318916815e-03    7.983618943399e-03
23020    1.151000000000e+03    9.445582688698e-03    7.951902442983e-03
23030    1.151500000000e+03    9.489657921793e-03    7.999882490367e-03
23040    1.152000000000e+03    9.452245730208e-03    7.963515415213e-03
23050    1.152499999999e+03    9.457187553209e-03    7.968387277288e-03
23060    1.152999999999e+03    9.474400605771e-03    7.984815842974e-03
23070    1.153499999999e+03    9.448227913915e-03    7.955918646076e-03
23080    1.153999999999e+03    9.496905655222e-03    8.003001180441e-03
23090    1.154499999999e+03    9.458559287460e-03    7.960974292473e-03
23100    1.154999999999e+03    9.473952805333e-03    7.973845670676e-03
23110    1.155499999999e+03    9.481622881733e-03    7.979722231539e-03
23120    1.155999999999e+03    9.461717627838e-03    7.957057679050e-03
23130    1.156499999999e+03    9.506447945366e-03    8.001004896869e-03
23140    1.156999999999e+03    9.466584834475e-03    7.959598785419e-03
23150    1.157499999999e+03    9.488946684126e-03    7.982519112375e-03
23160    1.157999999999e+03    9.483489315488e-03    7.978233908943e-03
23170    1.158499999999e+03    9.468282026292e-03    7.964092327711e-03
23180    1.158999999999e+03    9.505138580797e-03    8.003512216419e-03
23190    1.159499999999e+03    9.466020757910e-03    7.964128657477e-03
23200    1.159999999999e+03    9.496625879785e-03    7.995434552868e-03
23210    1.160499999999e+03    9.479481113082e-03    7.977911916896e-03
23220    1.160999999999e+03    9.472031890912e-03    7.969556528224e-03
23230    1.161499999999e+03    9.501679263053e-03    7.999296434718e-03
23240    1.161999999999e+03    9.465806497053e-03    7.962542474161e-03
23250    1.162499999999e+03    9.504530851903e-03    8.002951881281e-03
23260    1.162999999999e+03    9.473086589165e-03    7.972705398060e-03
23270    1.163499999999e+03    9.471087558641e-03    7.973110972671e-03
23280    1.163999999999e+03    9.489832834437e-03    7.994768672688e-03
23290    1.164499999999e+03    9.457382509714e-03    7.963694218233e-03
23300    1.164999999999e+03    9.501148822123e-03    8.010036292944e-03
23310    1.165499999999e+03    9.461883111985e-03    7.970825419761e-03
23320    1.165999999999e+03    9.469476020350e-03    7.978995736266e-03
23330    1.166499999999e+03    9.479630930401e-03    7.989797547452e-03
23340    1.166999999999e+03    9.454109045170e-03    7.964033786266e-03
23350    1.167499999999e+03    9.497936381840e-03    8.008843181415e-03
23360    1.167999999999e+03    9.456795708845e-03    7.967406527314e-03
23370    1.168499999999e+03    9.473134725521e-03    7.985295857907e-03
23380    1.168999999999e+03    9.471990728345e-03    7.985717976226e-03
23390    1.169499999999e+03    9.452152883692e-03    7.966969722474e-03
23400    1.169999999999e+03    9.490653257990e-03    8.007413460291e-03
23410    1.170499999999e+03    9.450076549675e-03    7.966448229126e-03
23420    1.170999999999e+03    9.476228707115e-03    7.992362205187e-03
23430    1.171499999999e+03    9.465069373603e-03    7.979433874425e-03
23440    1.171999999999e+03    9.454329200822e-03    7.966907778609e-03
23450    1.172499999999e+03    9.487760770154e-03    7.999773109077e-03
23460    1.172999999999e+03    9.451315125561e-03    7.961059975059e-03
23470    1.173499999999e+03    9.487009764496e-03    7.996116638424e-03
23480    1.173999999999e+03    9.463781208191e-03    7.971658566930e-03
23490    1.174499999999e+03    9.460436129671e-03    7.967387252393e-03
23500    1.174999999999e+03    9.485104346605e-03    7.992383163582e-03
23510    1.175499999999e+03    9.452723502005e-03    7.959238153489e-03
23520    1.175999999999e+03    9.496929941631e-03    8.004587324649e-03
23530    1.176499999999e+03    9.460336244670e-03    7.968708059707e-03
23540    1.176999999999e+03    9.463558408433e-03    7.973943026627e-03
23550    1.177499999999e+03    9.477413259988e-03    7.991078397026e-03
23560    1.177999999999e+03    9.448885110226e-03    7.964922451720e-03
23570    1.178499999999e+03    9.492677167180e-03    8.012279878130e-03
23580    1.178999999999e+03    9.452565984363e-03    7.972947239978e-03
23590    1.179499999999e+03    9.465430372089e-03    7.985867066054e-03
23600    1.179999999999e+03    9.471689319225e-03    7.990434208295e-03
23610    1.180499999999e+03    9.452496757316e-03    7.967250259753e-03
23620    1.180999999999e+03    9.496628551998e-03    8.007660784642e-03
23630    1.181499999999e+03    9.459746501505e-03    7.964596517013e-03
23640    1.181999999999e+03    9.483508386382e-03    7.983635950950e-03
23650    1.182499999999e+03    9.479810376027e-03    7.976497679010e-03
23660    1.182999999999e+03    9.465624019546e-03    7.961172010255e-03
23670    1.183499999999e+03    9.500012842038e-03    7.998508288438e-03
23680    1.183999999999e+03    9.459344532109e-03    7.962215194311e-03
23690    1.184499999999e+03    9.485153562669e-03    7.996012098374e-03
23700    1.184999999999e+03    9.463880979203e-03    7.982157777406e-03
23710    1.185499999999e+03    9.452636597128e-03    7.977760898939e-03
23720    1.185999999999e+03    9.478090380470e-03    8.009096078240e-03
23730    1.186499999999e+03    9.442020626848e-03    7.974473098329e-03
23740    1.186999999999e+03    9.480826565437e-03    8.012802820303e-03
23750    1.187499999999e+03    9.453502604271e-03    7.980544292877e-03
23760    1.187999999999e+03    9.456419754849e-03    7.976566076650e-03
23770    1.188499999999e+03    9.479364031855e-03    7.992922758604e-03
23780    1.188999999999e+03    9.452253197559e-03    7.958778758621e-03
23790    1.189499999999e+03    9.497571297621e-03    8.000800910850e-03
23800    1.189999999999e+03    9.460419948374e-03    7.961986279952e-03
23810    1.190499999999e+03    9.466620947867e-03    7.971344050929e-03
23820    1.190999999999e+03    9.473341973714e-03    7.984835770912e-03
23830    1.191499999999e+03    9.444150969720e-03    7.964039756189e-03
23840    1.191999999999e+03    9.481313568561e-03    8.012443610824e-03
23850    1.192499999999e+03    9.437163031398e-03    7.977185337950e-03
23860    1.192999999999e+03    9.450165787234e-03    7.997576868547e-03
23870    1.193499999999e+03    9.448680530963e-03    7.999595356523e-03
23880    1.193999999999e+03    9.431170922752e-03    7.980726578353e-03
23890    1.194499999999e+03    9.471849343494e-03    8.017671698326e-03
23900    1.194999999999e+03    9.437469768015e-03    7.975066790095e-03
23910    1.195499999999e+03    9.467618079703e-03    7.996097463547e-03
23920    1.195999999999e+03    9.461974783931e-03    7.981031749296e-03
23930    1.196499999999e+03    9.455323974740e-03    7.966339433551e-03
23940    1.196999999999e+03    9.489913615442e-03    7.996874548553e-03
23950    1.197499999999e+03    9.454958546612e-03    7.960776955770e-03
23960    1.197999999999e+03    9.487271800162e-03    7.997512051588e-03
23970    1.198499999999e+03    9.462040194797e-03    7.979057044395e-03
23980    1.198999999999e+03    9.454572723467e-03    7.980296273672e-03
23990    1.199499999999e+03    9.474527172493e-03    8.009728811885e-03
24000    1.199999999999e+03    9.440155105247e-03    7.981534607097e-03
24010    1.200499999999e+03    9.480869495996e-03    8.027196412513e-03
24020    1.200999999999e+03    9.446496114135e-03    7.993339007953e-03
24030    1.201499999999e+03    9.452103294753e-03    7.996532625839e-03
24040    1.201999999999e+03    9.469732940057e-03    8.009409729311e-03
24050    1.202499999999e+03    9.447173744704e-03    7.979478955349e-03
24060    1.202999999999e+03    9.493713424425e-03    8.019741654607e-03
24070    1.203499999999e+03    9.458652764330e-03    7.977607783687e-03
24080    1.203999999999e+03    9.472377598462e-03    7.987415018761e-03
24090    1.204499999999e+03    9.477261191518e-03    7.991548867722e-03
24100    1.204999999999e+03    9.455534389849e-03    7.971540093422e-03
24110    1.205499999999e+03    9.492278930449e-03    8.013790880796e-03
24120    1.205999999999e+03    9.450746375118e-03    7.977499422850e-03
24130    1.206499999999e+03    9.467525024813e-03    8.001038615475e-03
24140    1.206999999999e+03    9.459145500449e-03    7.997859376701e-03
24150    1.207499999999e+03    9.443563857277e-03    7.985310305230e-03
24160    1.207999999999e+03    9.476412560888e-03    8.021109148103e-03
24170    1.208499999999e+03    9.440042611543e-03    7.984920082890e-03
24180    1.208999999999e+03    9.468696077470e-03    8.014004311917e-03
24190    1.209499999999e+03    9.452744291147e-03    7.996886474757e-03
24200    1.209999999999e+03    9.446974946072e-03    7.989355449354e-03
24210    1.210499999999e+03    9.474881009161e-03    8.015694378628e-03
24220    1.210999999999e+03    9.443347871312e-03    7.981195121829e-03
24230    1.211499999999e+03    9.481220817245e-03    8.017625837965e-03
24240    1.211999999999e+03    9.453908830765e-03    7.987677614437e-03
24250    1.212499999999e+03    9.454763019509e-03    7.986902908669e-03
24260    1.212999999999e+03    9.473597986012e-03    8.004919694940e-03
24270    1.213499999999e+03    9.446058281604e-03    7.975252322467e-03
24280    1.213999999999e+03    9.487994170487e-03    8.016617470275e-03
24290    1.214499999999e+03    9.452118390495e-03    7.979688294654e-03
24300    1.214999999999e+03    9.459249443984e-03    7.987795448571e-03
24310    1.215499999999e+03    9.466872534851e-03    7.998157499060e-03
24320    1.215999999999e+03    9.441697326116e-03    7.976749500813e-03
24330    1.216499999999e+03    9.478950378658e-03    8.020027659768e-03
24340    1.216999999999e+03    9.438471519548e-03    7.983975918251e-03
24350    1.217499999999e+03    9.451913986698e-03    8.001391873222e-03
24360    1.217999999999e+03    9.449777751599e-03    8.001550152585e-03
24370    1.218499999999e+03    9.432405481109e-03    7.984284680788e-03
24380    1.218999999999e+03    9.468808846489e-03    8.020103754461e-03
24390    1.219499999999e+03    9.433327673629e-03    7.981133589055e-03
24400    1.219999999999e+03    9.458896862968e-03    8.003463783098e-03
24410    1.220499999999e+03    9.450078297375e-03    7.990384789082e-03
24420    1.220999999999e+03    9.441590644158e-03    7.977412436958e-03
24430    1.221499999999e+03    9.472923537793e-03    8.006722936443e-03
24440    1.221999999999e+03    9.439339893119e-03    7.971574800649e-03
24450    1.222499999999e+03    9.470854376605e-03    8.004705962776e-03
24460    1.222999999999e+03    9.447795301561e-03    7.984150116499e-03
24470    1.223499999999e+03    9.442175090341e-03    7.982702160007e-03
24480    1.223999999999e+03    9.462694182751e-03    8.008446176063e-03
24490    1.224499999999e+03    9.430244246615e-03    7.979635740412e-03
24500    1.224999999999e+03    9.469173263106e-03    8.022659113522e-03
24510    1.225499999999e+03    9.435493877484e-03    7.990079321644e-03
24520    1.225999999999e+03    9.439134308171e-03    7.993315508429e-03
24530    1.226499999999e+03    9.454848174623e-03    8.007266206732e-03
24540    1.226999999999e+03    9.430934157310e-03    7.979245504430e-03
24550    1.227499999999e+03    9.474255116489e-03    8.019268071621e-03
24560    1.227999999999e+03    9.439430490138e-03    7.979447334037e-03
24570    1.228499999999e+03    9.451645758539e-03    7.988222975655e-03
24580    1.228999999999e+03    9.457491831588e-03    7.992337252290e-03
24590    1.229499999999e+03    9.436665734671e-03    7.970917701641e-03
24600    1.229999999999e+03    9.474208783582e-03    8.011160075512e-03
24610    1.230499999999e+03    9.435363397975e-03    7.974763607308e-03
24620    1.230999999999e+03    9.452611680575e-03    7.995410122021e-03
24630    1.231499999999e+03    9.447010797237e-03    7.992245675268e-03
24640    1.231999999999e+03    9.431650079379e-03    7.978419404026e-03
24650    1.232499999999e+03    9.464936046951e-03    8.014137024475e-03
24660    1.232999999999e+03    9.428855078029e-03    7.978812216606e-03
24670    1.233499999999e+03    9.455719905826e-03    8.007713149709e-03
24680    1.233999999999e+03    9.440803581488e-03    7.993892992999e-03
24690    1.234499999999e+03    9.432965282058e-03    7.986641239768e-03
24700    1.234999999999e+03    9.460807671499e-03    8.015835706829e-03
24710    1.235499999999e+03    9.428274858864e-03    7.983257023625e-03
24720    1.235999999999e+03    9.463939014577e-03    8.020094915992e-03
24730    1.236499999999e+03    9.438295935713e-03    7.994460085683e-03
24740    1.236999999999e+03    9.437771704627e-03    7.994114605026e-03
24750    1.237499999999e+03    9.458178795306e-03    8.014709261261e-03
24760    1.237999999999e+03    9.430156863123e-03    7.985165538230e-03
24770    1.238499999999e+03    9.471124698340e-03    8.025936808735e-03
24780    1.238999999999e+03    9.437621694411e-03    7.990679533577e-03
24790    1.239499999999e+03    9.444195461351e-03    7.996071039997e-03
24800    1.239999999999e+03    9.454874891563e-03    8.006651947653e-03
24810    1.240499999999e+03    9.430460940150e-03    7.982225821252e-03
24820    1.240999999999e+03    9.469016961258e-03    8.023400902857e-03
24830    1.241499999999e+03    9.431014459358e-03    7.987018592758e-03
24840    1.241999999999e+03    9.443522571615e-03    8.002619034414e-03
24850    1.242499999999e+03    9.442782823366e-03    8.005264556232e-03
24860    1.242999999999e+03    9.423052100688e-03    7.988127847966e-03
24870    1.243499999999e+03    9.457423296066e-03    8.026187440919e-03
24880    1.243999999999e+03    9.419930796155e-03    7.990925731065e-03
24890    1.244499999999e+03    9.441590119876e-03    8.014664294933e-03
24900    1.244999999999e+03    9.432331410776e-03    8.004898500985e-03
24910    1.245499999999e+03    9.421609682902e-03    7.991500599928e-03
24920    1.245999999999e+03    9.452903619470e-03    8.020477852369e-03
24930    1.246499999999e+03    9.420371243400e-03    7.983994933056e-03
24940    1.246999999999e+03    9.452416392915e-03    8.013995916372e-03
24950    1.247499999999e+03    9.432931867376e-03    7.992781089342e-03
24960    1.247999999999e+03    9.429175368911e-03    7.987930429408e-03
24970    1.248499999999e+03    9.452316023258e-03    8.011616275326e-03
24980    1.248999999999e+03    9.422125506725e-03    7.981622497937e-03
24990    1.249499999999e+03    9.461080636127e-03    8.023074045923e-03
25000    1.249999999999e+03    9.428348925388e-03    7.992607005690e-03
25010    1.250499999999e+03    9.430194047639e-03    7.997690172488e-03
25020    1.250999999999e+03    9.443337204803e-03    8.014353693397e-03
25030    1.251499999999e+03    9.416853595476e-03    7.989264695425e-03
25040    1.251999999999e+03    9.456362576277e-03    8.030616038923e-03
25050    1.252499999999e+03    9.420450636530e-03    7.993243646524e-03
25060    1.252999999999e+03    9.431647425894e-03    8.001857107047e-03
25070    1.253499999999e+03    9.437973795212e-03    8.004271970094e-03
25080    1.253999999999e+03    9.420104212889e-03    7.980844949088e-03
25090    1.254499999999e+03    9.459714751922e-03    8.016428731935e-03
25100    1.254999999999e+03    9.425319282200e-03    7.976892232364e-03
25110    1.255499999999e+03    9.444995434853e-03    7.994122391210e-03
25120    1.255999999999e+03    9.440148809569e-03    7.988567295797e-03
25130    1.256499999999e+03    9.425267220613e-03    7.974638255291e-03
25140    1.256999999999e+03    9.455452975019e-03    8.009302637220e-03
25150    1.257499999999e+03    9.417790049219e-03    7.976557219081e-03
25160    1.257999999999e+03    9.440857779757e-03    8.006851372556e-03
25170    1.258499999999e+03    9.421798456631e-03    7.993372751116e-03
25180    1.258999999999e+03    9.411732339065e-03    7.987429269633e-03
25190    1.259499999999e+03    9.435924591236e-03    8.014492983420e-03
25200    1.259999999999e+03    9.403933593769e-03    7.981290587850e-03
25210    1.260499999999e+03    9.440219599037e-03    8.015647699722e-03
25220    1.260999999999e+03    9.415896250397e-03    7.986419743247e-03
25230    1.261499999999e+03    9.419077014095e-03    7.983254749888e-03
25240    1.261999999999e+03    9.441232014721e-03    7.998677378055e-03
25250    1.262499999999e+03    9.417040357406e-03    7.967465964612e-03
25260    1.262999999999e+03    9.459502633430e-03    8.006799142095e-03
25270    1.263499999999e+03    9.425481217652e-03    7.971616553732e-03
25280    1.263999999999e+03    9.431521935711e-03    7.980653594132e-03
25290    1.264499999999e+03    9.438834274969e-03    7.993605142474e-03
25300    1.264999999999e+03    9.413143020464e-03    7.974159726473e-03
25310    1.265499999999e+03    9.449787922954e-03    8.018290800464e-03
25320    1.265999999999e+03    9.410424327143e-03    7.983462137418e-03
25330    1.266499999999e+03    9.424178712441e-03    8.000495326087e-03
25340    1.266999999999e+03    9.424442036525e-03    8.000393991097e-03
25350    1.267499999999e+03    9.409448263358e-03    7.981061239661e-03
25360    1.267999999999e+03    9.449062889554e-03    8.014850449399e-03
25370    1.268499999999e+03    9.417020378185e-03    7.973709251928e-03
25380    1.268999999999e+03    9.444909758618e-03    7.993800249096e-03
25390    1.269499999999e+03    9.437693469048e-03    7.980498842699e-03
25400    1.269999999999e+03    9.428392626886e-03    7.968490484927e-03
25410    1.270499999999e+03    9.458278674548e-03    8.000336099940e-03
25420    1.270999999999e+03    9.421877172191e-03    7.968259456902e-03
25430    1.271499999999e+03    9.450905997244e-03    8.005646946913e-03
25440    1.271999999999e+03    9.425938015566e-03    7.988510715222e-03
25450    1.272499999999e+03    9.419311074684e-03    7.988715577085e-03
25460    1.272999999999e+03    9.440828398168e-03    8.015478246307e-03
25470    1.273499999999e+03    9.410128257142e-03    7.985238805304e-03
25480    1.273999999999e+03    9.453280873107e-03    8.026643847188e-03
25490    1.274499999999e+03    9.423702565106e-03    7.991120512088e-03
25500    1.274999999999e+03    9.432172763402e-03    7.992177906090e-03
25510    1.275499999999e+03    9.452016172730e-03    8.004494215129e-03
25520    1.275999999999e+03    9.430488271163e-03    7.975057991644e-03
25530    1.276499999999e+03    9.476140366144e-03    8.016990550459e-03
25540    1.276999999999e+03    9.440074995191e-03    7.978841954355e-03
25550    1.277499999999e+03    9.450844689178e-03    7.992440127964e-03
25560    1.277999999999e+03    9.453708917379e-03    8.001957972738e-03
25570    1.278499999999e+03    9.429625912870e-03    7.985317800376e-03
25580    1.278999999999e+03    9.466137018615e-03    8.030263943510e-03
25590    1.279499999999e+03    9.425438676738e-03    7.993822906428e-03
25600    1.279999999999e+03    9.444257826124e-03    8.015307648748e-03
25610    1.280499999999e+03    9.439629505595e-03    8.009505379050e-03
25620    1.280999999999e+03    9.427055621816e-03    7.992342772923e-03
25630    1.281499999999e+03    9.465343752532e-03    8.024880474295e-03
25640    1.281999999999e+03    9.432608597560e-03    7.982634347172e-03
25650    1.282499999999e+03    9.465689243482e-03    8.007000493308e-03
25660    1.282999999999e+03    9.452717071130e-03    7.986313913534e-03
25670    1.283499999999e+03    9.446620141630e-03    7.975821432410e-03
25680    1.283999999999e+03    9.474134242746e-03    8.004006521332e-03
25690    1.284499999999e+03    9.437389701126e-03    7.971033225658e-03
25700    1.284999999999e+03    9.471136092585e-03    8.013926281819e-03
25710    1.285499999999e+03    9.437462717923e-03    7.989881801223e-03
25720    1.285999999999e+03    9.432389255099e-03    7.994124573997e-03
25730    1.286499999999e+03    9.448476555710e-03    8.018164550776e-03
25740    1.286999999999e+03    9.416646757846e-03    7.989539073606e-03
25750    1.287499999999e+03    9.460214313561e-03    8.033613393309e-03
25760    1.287999999999e+03    9.425482747151e-03    7.993640957466e-03
25770    1.288499999999e+03    9.437456874483e-03    7.998261735338e-03
25780    1.288999999999e+03    9.452938437149e-03    8.004489419363e-03
25790    1.289499999999e+03    9.433967400923e-03    7.974573973115e-03
25800    1.289999999999e+03    9.481249912875e-03    8.013990965992e-03
25810    1.290499999999e+03    9.444571251616e-03    7.970499849762e-03
25820    1.290999999999e+03    9.462305211775e-03    7.986268726199e-03
25830    1.291499999999e+03    9.461297684307e-03    7.987231593688e-03
25840    1.291999999999e+03    9.440759786464e-03    7.971765636285e-03
25850    1.292499999999e+03    9.475854770696e-03    8.015411928682e-03
25860    1.292999999999e+03    9.432788636571e-03    7.979618876561e-03
25870    1.293499999999e+03    9.454885582524e-03    8.009691622647e-03
25880    1.293999999999e+03    9.441000762436e-03    8.000579393411e-03
25890    1.294499999999e+03    9.429502804011e-03    7.989823418029e-03
25900    1.294999999999e+03    9.463388673569e-03    8.021797651963e-03
25910    1.295499999999e+03    9.430359611572e-03    7.981507382283e-03
25920    1.295999999999e+03    9.470519107419e-03    8.012747909561e-03
25930    1.296499999999e+03    9.452269756685e-03    7.983514833541e-03
25940    1.296999999999e+03    9.453309987479e-03    7.975089263709e-03
25950    1.297499999999e+03    9.480321679363e-03    7.996772754268e-03
25960    1.297999999999e+03    9.447928452008e-03    7.961930187776e-03
25970    1.298499999999e+03    9.490644725858e-03    8.008865988813e-03
25980    1.298999999999e+03    9.449749172956e-03    7.974943217960e-03
25990    1.299499999999e+03    9.448851289653e-03    7.983872719706e-03
26000    1.299999999999e+03    9.458560589783e-03    8.003726313291e-03
26010    1.300499999999e+03    9.426205710903e-03    7.978626483236e-03
26020    1.300999999999e+03    9.469199848845e-03    8.027033170947e-03
26030    1.301499999999e+03    9.427405753907e-03    7.984548820787e-03
26040    1.301999999999e+03    9.441633081223e-03    7.995944070899e-03
26050    1.302499999999e+03    9.449253430318e-03    7.997808952496e-03
26060    1.302999999999e+03    9.431133637082e-03    7.971286110660e-03
26070    1.303499999999e+03    9.477617925876e-03    8.011201701265e-03
26080    1.303999999999e+03    9.438535359106e-03    7.965134522237e-03
26090    1.304499999999e+03    9.462027357163e-03    7.985211192135e-03
26100    1.304999999999e+03    9.455537179680e-03    7.978132806784e-03
26110    1.305499999999e+03    9.439300383419e-03    7.964034373799e-03
26120    1.305999999999e+03    9.475086442276e-03    8.004617630831e-03
26130    1.306499999999e+03    9.433526746132e-03    7.966073080752e-03
26140    1.306999999999e+03    9.463755801417e-03    8.001067936675e-03
26150    1.307499999999e+03    9.444440462337e-03    7.984429343196e-03
26160    1.307999999999e+03    9.436852578410e-03    7.977547472365e-03
26170    1.308499999999e+03    9.467701343445e-03    8.008877042812e-03
26180    1.308999999999e+03    9.432935740654e-03    7.971679419825e-03
26190    1.309499999999e+03    9.476619983065e-03    8.013398173716e-03
26200    1.309999999999e+03    9.447721734203e-03    7.980414517078e-03
26210    1.310499999999e+03    9.450341132763e-03    7.979375814102e-03
26220    1.310999999999e+03    9.473009525239e-03    7.999349277270e-03
26230    1.311499999999e+03    9.442207429293e-03    7.964528726916e-03
26240    1.311999999999e+03    9.489545143423e-03    8.010657022169e-03
26250    1.312499999999e+03    9.449169285795e-03    7.968611012984e-03
26260    1.312999999999e+03    9.457541058942e-03    7.977118038070e-03
26270    1.313499999999e+03    9.467422803659e-03    7.988038380972e-03
26280    1.313999999999e+03    9.440059213896e-03    7.961315527609e-03
26290    1.314499999999e+03    9.484705233555e-03    8.008491540750e-03
26300    1.314999999999e+03    9.440094675865e-03    7.964520896167e-03
26310    1.315499999999e+03    9.456402573549e-03    7.983147242157e-03
26320    1.315999999999e+03    9.454345752149e-03    7.983800595866e-03
26330    1.316499999999e+03    9.432983081605e-03    7.964748866470e-03
26340    1.316999999999e+03    9.472778444364e-03    8.007750478100e-03
26350    1.317499999999e+03    9.428793442768e-03    7.964415316565e-03
26360    1.317999999999e+03    9.454737757131e-03    7.992110713531e-03
26370    1.318499999999e+03    9.441056993785e-03    7.978481926330e-03
26380    1.318999999999e+03    9.428579243346e-03    7.964942617946e-03
26390    1.319499999999e+03    9.463651078116e-03    7.998973882422e-03
26400    1.319999999999e+03    9.425353355713e-03    7.956959911098e-03
26410    1.320499999999e+03    9.464447065636e-03    7.993749049092e-03
26420    1.320999999999e+03    9.440975886882e-03    7.966814134306e-03
26430    1.321499999999e+03    9.438767891636e-03    7.962166106154e-03
26440    1.321999999999e+03    9.465745791679e-03    7.989023084519e-03
26450    1.322499999999e+03    9.431638801408e-03    7.954233594319e-03
26460    1.322999999999e+03    9.479522114253e-03    8.004285221432e-03
26470    1.323499999999e+03    9.441003281983e-03    7.967335527610e-03
26480    1.323999999999e+03    9.445923481473e-03    7.974753212693e-03
26490    1.324499999999e+03    9.461523316445e-03    7.992970094165e-03
26500    1.324999999999e+03    9.432448161073e-03    7.963999159983e-03
26510    1.325499999999e+03    9.481089770926e-03    8.012963016881e-03
26520    1.325999999999e+03    9.439614967361e-03    7.967976273903e-03
26530    1.326499999999e+03    9.455933507286e-03    7.980192676769e-03
26540    1.326999999999e+03    9.463604549110e-03    7.982848198480e-03
26550    1.327499999999e+03    9.444485466722e-03    7.957634070408e-03
26560    1.327999999999e+03    9.491659563692e-03    8.000951981558e-03
26570    1.328499999999e+03    9.450597059441e-03    7.955363650581e-03
26580    1.328999999999e+03    9.474632287827e-03    7.978891888342e-03
26590    1.329499999999e+03    9.467160699768e-03    7.973330824825e-03
26600    1.329999999999e+03    9.450952221586e-03    7.960345809806e-03
26610    1.330499999999e+03    9.487193760043e-03    8.002215365195e-03
26620    1.330999999999e+03    9.444435366596e-03    7.963909307364e-03
26630    1.331499999999e+03    9.475005845843e-03    8.000127818377e-03
26640    1.331999999999e+03    9.453516985025e-03    7.981840040884e-03
26650    1.332499999999e+03    9.444833725997e-03    7.975707487276e-03
26660    1.332999999999e+03    9.473943463199e-03    8.006905683033e-03
26670    1.333499999999e+03    9.437587050983e-03    7.968945338689e-03
26680    1.333999999999e+03    9.481678465380e-03    8.010960592401e-03
26690    1.334499999999e+03    9.451761136529e-03    7.975711861945e-03
26700    1.334999999999e+03    9.455958421775e-03    7.974283426847e-03
26710    1.335499999999e+03    9.479272784621e-03    7.992378809831e-03
26720    1.335999999999e+03    9.450271228208e-03    7.958232431520e-03
26730    1.336499999999e+03    9.499512245833e-03    8.006306916286e-03
26740    1.336999999999e+03    9.458954267783e-03    7.965546766172e-03
26750    1.337499999999e+03    9.468286222565e-03    7.977842589753e-03
26760    1.337999999999e+03    9.476506406161e-03    7.991224730176e-03
26770    1.338499999999e+03    9.449037959166e-03    7.968923538101e-03
26780    1.338999999999e+03    9.492170320055e-03    8.018747141250e-03
26790    1.339499999999e+03    9.446864275320e-03    7.977376224517e-03
26800    1.339999999999e+03    9.464416580250e-03    7.998235200830e-03
26810    1.340499999999e+03    9.462811992585e-03    7.997340187103e-03
26820    1.340999999999e+03    9.445883319991e-03    7.977815024788e-03
26830    1.341499999999e+03    9.488758205096e-03    8.017497390938e-03
26840    1.341999999999e+03    9.450401147535e-03    7.972118045473e-03
26850    1.342499999999e+03    9.481569096704e-03    7.997260307093e-03
26860    1.342999999999e+03    9.471159267824e-03    7.981063095031e-03
26870    1.343499999999e+03    9.462922838458e-03    7.968343862558e-03
26880    1.343999999999e+03    9.497535128790e-03    8.001821546713e-03
26890    1.344499999999e+03    9.459697459892e-03    7.963659181769e-03
26900    1.344999999999e+03    9.496136953705e-03    8.003200008716e-03
26910    1.345499999999e+03    9.468978608949e-03    7.978871782143e-03
26920    1.345999999999e+03    9.463644737883e-03    7.978007790371e-03
26930    1.346499999999e+03    9.485831122057e-03    8.005513157514e-03
26940    1.346999999999e+03    9.450271199339e-03    7.973151949955e-03
26950    1.347499999999e+03    9.495297207522e-03    8.021871919482e-03
26960    1.347999999999e+03    9.456959225074e-03    7.983518318724e-03
26970    1.348499999999e+03    9.462680962469e-03    7.988047829713e-03
26980    1.348999999999e+03    9.479109026635e-03    8.001684581359e-03
26990    1.349499999999e+03    9.452887603012e-03    7.970874575221e-03
27000    1.349999999999e+03    9.501436069049e-03    8.016302828764e-03
27010    1.350499999999e+03    9.461531869787e-03    7.972039982633e-03
27020    1.350999999999e+03    9.476602983795e-03    7.984960884642e-03
27030    1.351499999999e+03    9.482386052498e-03    7.989475878276e-03
27040    1.351999999999e+03    9.461041417774e-03    7.967364588694e-03
27050    1.352499999999e+03    9.503437199899e-03    8.011701410396e-03
27060    1.352999999999e+03    9.460108906917e-03    7.970096567988e-03
27070    1.353499999999e+03    9.479691940631e-03    7.994514817256e-03
27080    1.353999999999e+03    9.470063063830e-03    7.990678762326e-03
27090    1.354499999999e+03    9.452063017834e-03    7.978254215232e-03
27100    1.354999999999e+03    9.486164068311e-03    8.018329132028e-03
27110    1.355499999999e+03    9.445035625736e-03    7.979181057635e-03
27120    1.355999999999e+03    9.475235020854e-03    8.010214291971e-03
27130    1.356499999999e+03    9.457521055292e-03    7.990727207471e-03
27140    1.356999999999e+03    9.451436862873e-03    7.981141470736e-03
27150    1.357499999999e+03    9.482706810017e-03    8.008696486286e-03
27160    1.357999999999e+03    9.450187864756e-03    7.970509159350e-03
27170    1.358499999999e+03    9.492500351126e-03    8.008915790924e-03
27180    1.358999999999e+03    9.464548339505e-03    7.976724506989e-03
27190    1.359499999999e+03    9.465304805182e-03    7.976105061061e-03
27200    1.359999999999e+03    9.484485831685e-03    7.997589579645e-03
27210    1.360499999999e+03    9.451862473509e-03    7.968959908794e-03
27220    1.360999999999e+03    9.492649671606e-03    8.017401923098e-03
27230    1.361499999999e+03    9.451515813737e-03    7.983094207702e-03
27240    1.361999999999e+03    9.456252974332e-03    7.994330762813e-03
27250    1.362499999999e+03    9.464724166675e-03    8.007050400010e-03
27260    1.362999999999e+03    9.439447369499e-03    7.981657879100e-03
27270    1.363499999999e+03    9.482729351238e-03    8.023527429032e-03
27280    1.363999999999e+03    9.445632175006e-03    7.980829309417e-03
27290    1.364499999999e+03    9.464341135708e-03    7.993713634278e-03
27300    1.364999999999e+03    9.468002124542e-03    7.991030654921e-03
27310    1.365499999999e+03    9.452381749862e-03    7.969309631335e-03
27320    1.365999999999e+03    9.492095318800e-03    8.005829796275e-03
27330    1.366499999999e+03    9.454185620828e-03    7.965560932462e-03
27340    1.366999999999e+03    9.476962205702e-03    7.990725380296e-03
27350    1.367499999999e+03    9.463988507941e-03    7.982202862877e-03
27360    1.367999999999e+03    9.448385621512e-03    7.972992822033e-03
27370    1.368499999999e+03    9.475876245975e-03    8.008981428247e-03
27380    1.368999999999e+03    9.436510048619e-03    7.975293646268e-03
27390    1.369499999999e+03    9.465862463213e-03    8.009875730750e-03
27400    1.369999999999e+03    9.442391177934e-03    7.988227207534e-03
27410    1.370499999999e+03    9.437232589490e-03    7.982376518157e-03
27420    1.370999999999e+03    9.462002247153e-03    8.004986789274e-03
27430    1.371499999999e+03    9.432137605714e-03    7.970545862008e-03
27440    1.371999999999e+03    9.475354628301e-03    8.010432074116e-03
27450    1.372499999999e+03    9.444279849181e-03    7.974834203196e-03
27460    1.372999999999e+03    9.448654117429e-03    7.976219412740e-03
27470    1.373499999999e+03    9.464579509061e-03    7.991372454853e-03
27480    1.373999999999e+03    9.437328184053e-03    7.964393075781e-03
27490    1.374499999999e+03    9.477583599476e-03    8.008984285880e-03
27500    1.374999999999e+03    9.437625154047e-03    7.974767818268e-03
27510    1.375499999999e+03    9.444508819214e-03    7.989463152626e-03
27520    1.375999999999e+03    9.446750912828e-03    7.999308239960e-03
27530    1.376499999999e+03    9.422659998419e-03    7.980296442838e-03
27540    1.376999999999e+03    9.460129901640e-03    8.021248593650e-03
27550    1.377499999999e+03    9.422528977010e-03    7.982455445017e-03
27560    1.377999999999e+03    9.442498573416e-03    7.999657249457e-03
27570    1.378499999999e+03    9.440944752214e-03    7.993472781891e-03
27580    1.378999999999e+03    9.429050526269e-03    7.975782941685e-03
27590    1.379499999999e+03    9.466104623873e-03    8.008329605218e-03
27600    1.379999999999e+03    9.432788059661e-03    7.970324703820e-03
27610    1.380499999999e+03    9.460633210969e-03    7.997147680726e-03
27620    1.380999999999e+03    9.445736903679e-03    7.983277923813e-03
27630    1.381499999999e+03    9.435901241940e-03    7.977369927175e-03
27640    1.381999999999e+03    9.460946151573e-03    8.009192593818e-03
27650    1.382499999999e+03    9.426095629192e-03    7.979424094628e-03
27660    1.382999999999e+03    9.459095860212e-03    8.017564101465e-03
27670    1.383499999999e+03    9.432540408224e-03    7.993088022886e-03
27680    1.383999999999e+03    9.431414622232e-03    7.992012316208e-03
27690    1.384499999999e+03    9.451874396817e-03    8.011128032194e-03
27700    1.384999999999e+03    9.425507425825e-03    7.980994927493e-03
27710    1.385499999999e+03    9.467096166640e-03    8.019896235055e-03
27720    1.385999999999e+03    9.435760101793e-03    7.984784827386e-03
27730    1.386499999999e+03    9.442797205754e-03    7.990159660039e-03
27740    1.386999999999e+03    9.453135335226e-03    8.001171460819e-03
27750    1.387499999999e+03    9.428749838247e-03    7.978009377439e-03
27760    1.387999999999e+03    9.465330802931e-03    8.018673608603e-03
27770    1.388499999999e+03    9.427532451485e-03    7.984569699147e-03
27780    1.388999999999e+03    9.438842180458e-03    8.000510872989e-03
27790    1.389499999999e+03    9.437882555368e-03    8.003242278392e-03
27800    1.389999999999e+03    9.418704993490e-03    7.985796873072e-03
27810    1.390499999999e+03    9.452348032102e-03    8.020984460018e-03
27820    1.390999999999e+03    9.417013905069e-03    7.984144540387e-03
27830    1.391499999999e+03    9.438855393811e-03    8.004665006411e-03
27840    1.391999999999e+03    9.430197253496e-03    7.994550860531e-03
27850    1.392499999999e+03    9.419296466790e-03    7.982571437424e-03
27860    1.392999999999e+03    9.448713021244e-03    8.012448239242e-03
27870    1.393499999999e+03    9.415636105767e-03    7.979455652276e-03
27880    1.393999999999e+03    9.444521516598e-03    8.011089024876e-03
27890    1.394499999999e+03    9.423242753732e-03    7.993094223821e-03
27900    1.394999999999e+03    9.416519185016e-03    7.990992851774e-03
27910    1.395499999999e+03    9.436741198989e-03    8.016780720936e-03
27920    1.395999999999e+03    9.405917478777e-03    7.989452326910e-03
27930    1.396499999999e+03    9.443769350705e-03    8.029773835005e-03
27940    1.396999999999e+03    9.413615743803e-03    7.998192637388e-03
27950    1.397499999999e+03    9.417629335649e-03    7.999142532753e-03
27960    1.397999999999e+03    9.433835883695e-03    8.011319762772e-03
27970    1.398499999999e+03    9.410955766723e-03    7.983656968463e-03
27980    1.398999999999e+03    9.452184548849e-03    8.021908950468e-03
27990    1.399499999999e+03    9.419054199755e-03    7.985120354533e-03
28000    1.399999999999e+03    9.429867863965e-03    7.994784029506e-03
28010    1.400499999999e+03    9.434601979051e-03    8.000471309060e-03
28020    1.400999999999e+03    9.413220351048e-03    7.981417261362e-03
28030    1.401499999999e+03    9.447035739823e-03    8.020944628697e-03
28040    1.401999999999e+03    9.408374897491e-03    7.987781160409e-03
28050    1.402499999999e+03    9.423012155830e-03    8.008937586055e-03
28060    1.402999999999e+03    9.415785059778e-03    8.006534217202e-03
28070    1.403499999999e+03    9.400567556472e-03    7.993425846507e-03
28080    1.403999999999e+03    9.431652691525e-03    8.025716176235e-03
28090    1.404499999999e+03    9.397774456361e-03    7.989678669219e-03
28100    1.404999999999e+03    9.424012068272e-03    8.014042628929e-03
28110    1.405499999999e+03    9.409491743614e-03    7.997194113159e-03
28120    1.405999999999e+03    9.402716298329e-03    7.988939911229e-03
28130    1.406499999999e+03    9.428055958780e-03    8.014388837182e-03
28140    1.406999999999e+03    9.397060996152e-03    7.982369656929e-03
28150    1.407499999999e+03    9.430823983545e-03    8.016930581107e-03
28160    1.407999999999e+03    9.404260667106e-03    7.990480197805e-03
28170    1.408499999999e+03    9.403052998822e-03    7.990472592610e-03
28180    1.408999999999e+03    9.419148137766e-03    8.009949327061e-03
28190    1.409499999999e+03    9.390558000633e-03    7.984882914570e-03
28200    1.409999999999e+03    9.427621355679e-03    8.026967420847e-03
28210    1.410499999999e+03    9.392835183526e-03    7.995068637683e-03
28220    1.410999999999e+03    9.399522733013e-03    8.003645288227e-03
28230    1.411499999999e+03    9.408798802537e-03    8.013054572075e-03
28240    1.411999999999e+03    9.387780327559e-03    7.990729064659e-03
28250    1.412499999999e+03    9.426767943422e-03    8.029345176510e-03
28260    1.412999999999e+03    9.392141665011e-03    7.992836294761e-03
28270    1.413499999999e+03    9.408378101178e-03    8.007723150513e-03
28280    1.413999999999e+03    9.409084708989e-03    8.006812608073e-03
28290    1.414499999999e+03    9.393903285651e-03    7.989715071744e-03
28300    1.414999999999e+03    9.428390515316e-03    8.023819124901e-03
28310    1.415499999999e+03    9.393081940575e-03    7.987882308043e-03
28320    1.415999999999e+03    9.414802589282e-03    8.011803864974e-03
28330    1.416499999999e+03    9.402225039488e-03    8.002357491023e-03
28340    1.416999999999e+03    9.390562814476e-03    7.994026096640e-03
28350    1.417499999999e+03    9.416951841034e-03    8.024428932004e-03
28360    1.417999999999e+03    9.382922495362e-03    7.992225595444e-03
28370    1.418499999999e+03    9.412520121827e-03    8.023862927985e-03
28380    1.418999999999e+03    9.390273474233e-03    8.001920742572e-03
28390    1.419499999999e+03    9.387015255403e-03    7.998761273484e-03
28400    1.419999999999e+03    9.407794371538e-03    8.020092190236e-03
28410    1.420499999999e+03    9.379459220407e-03    7.990639847776e-03
28420    1.420999999999e+03    9.418801550902e-03    8.030328732275e-03
28430    1.421499999999e+03    9.386627838041e-03    7.997481793609e-03
28440    1.421999999999e+03    9.390612873725e-03    8.001707413314e-03
28450    1.422499999999e+03    9.402789812403e-03    8.015389867978e-03
28460    1.422999999999e+03    9.378598601168e-03    7.992200983608e-03
28470    1.423499999999e+03    9.417633805674e-03    8.033915129090e-03
28480    1.423999999999e+03    9.381907660241e-03    7.999199493497e-03
28490    1.424499999999e+03    9.393757094746e-03    8.011992893444e-03
28500    1.424999999999e+03    9.397982835247e-03    8.016099537599e-03
28510    1.425499999999e+03    9.380513682015e-03    7.997364899893e-03
28520    1.425999999999e+03    9.417807592032e-03    8.034576410864e-03
28530    1.426499999999e+03    9.383012690946e-03    7.998484262316e-03
28540    1.426999999999e+03    9.402547753810e-03    8.018855784030e-03
28550    1.427499999999e+03    9.396293681989e-03    8.014027561330e-03
28560    1.427999999999e+03    9.383350532063e-03    8.002684843632e-03
28570    1.428499999999e+03    9.413783578729e-03    8.035560500502e-03
28580    1.428999999999e+03    9.379166951245e-03    8.002164826394e-03
28590    1.429499999999e+03    9.405016371500e-03    8.030727300138e-03
28600    1.429999999999e+03    9.387652177082e-03    8.015251870347e-03
28610    1.430499999999e+03    9.380793938638e-03    8.009722743736e-03
28620    1.430999999999e+03    9.405041550941e-03    8.034862657041e-03
28630    1.431499999999e+03    9.374728077961e-03    8.003259842553e-03
28640    1.431999999999e+03    9.409874898979e-03    8.037778095058e-03
28650    1.432499999999e+03    9.383089177240e-03    8.009409509214e-03
28660    1.432999999999e+03    9.383315048230e-03    8.009629232220e-03
28670    1.433499999999e+03    9.399065528833e-03    8.027341955312e-03
28680    1.433999999999e+03    9.371011160455e-03    8.001944190255e-03
28690    1.434499999999e+03    9.407852041501e-03    8.044146222346e-03
28700    1.434999999999e+03    9.371365919863e-03    8.012514794245e-03
28710    1.435499999999e+03    9.376438985808e-03    8.022954400076e-03
28720    1.435999999999e+03    9.383079607354e-03    8.034028087422e-03
28730    1.436499999999e+03    9.360939563002e-03    8.013725499040e-03
28740    1.436999999999e+03    9.399021489712e-03    8.052619035880e-03
28750    1.437499999999e+03    9.365357645155e-03    8.015518374123e-03
28760    1.437999999999e+03    9.382842608283e-03    8.028760355046e-03
28770    1.438499999999e+03    9.385054642815e-03    8.026082088691e-03
28780    1.438999999999e+03    9.371677165054e-03    8.007804603039e-03
28790    1.439499999999e+03    9.406809722549e-03    8.041243557273e-03
28800    1.439999999999e+03    9.372569337183e-03    8.006454314454e-03
28810    1.440499999999e+03    9.393497583703e-03    8.031030928578e-03
28820    1.440999999999e+03    9.380880949124e-03    8.023495989619e-03
28830    1.441499999999e+03    9.368348216197e-03    8.016445301109e-03
28840    1.441999999999e+03    9.394041954292e-03    8.048163384956e-03
28850    1.442499999999e+03    9.360712206472e-03    8.017263467991e-03
28860    1.442999999999e+03    9.390240257454e-03    8.047979689763e-03
28870    1.443499999999e+03    9.370578346108e-03    8.026938952753e-03
28880    1.443999999999e+03    9.368190441348e-03    8.021984356674e-03
28890    1.444499999999e+03    9.390825781803e-03    8.041877171308e-03
28900    1.444999999999e+03    9.364148465352e-03    8.010579684196e-03
28910    1.445499999999e+03    9.403399295705e-03    8.047159888520e-03
28920    1.445999999999e+03    9.373388125093e-03    8.014657707463e-03
28930    1.446499999999e+03    9.375872903454e-03    8.017595144338e-03
28940    1.446999999999e+03    9.387346852455e-03    8.032804998038e-03
28950    1.447499999999e+03    9.359876770346e-03    8.010768284294e-03
28960    1.447999999999e+03    9.394586763602e-03    8.053894759541e-03
28970    1.448499999999e+03    9.356784045752e-03    8.022445743336e-03
28980    1.448999999999e+03    9.364111803216e-03    8.035014053348e-03
28990    1.449499999999e+03    9.367946229893e-03    8.041513908211e-03
29000    1.449999999999e+03    9.348618168255e-03    8.021377849218e-03
29010    1.450499999999e+03    9.385921580397e-03    8.056479900915e-03
29020    1.450999999999e+03    9.352698820069e-03    8.018349007216e-03
29030    1.451499999999e+03    9.371484817486e-03    8.033239815632e-03
29040    1.451999999999e+03    9.368528159544e-03    8.026556576624e-03
29050    1.452499999999e+03    9.354730262316e-03    8.010135470613e-03
29060    1.452999999999e+03    9.385858332859e-03    8.041767589020e-03
29070    1.453499999999e+03    9.350413874838e-03    8.007620604076e-03
29080    1.453999999999e+03    9.372721861886e-03    8.034199027861e-03
29090    1.454499999999e+03    9.356022362647e-03    8.021991645364e-03
29100    1.454999999999e+03    9.345343449907e-03    8.015363544473e-03
29110    1.455499999999e+03    9.369702022485e-03    8.042927785027e-03
29120    1.455999999999e+03    9.338612574901e-03    8.011098591851e-03
29130    1.456499999999e+03    9.372783717890e-03    8.043260722843e-03
29140    1.456999999999e+03    9.350707637008e-03    8.016797492019e-03
29150    1.457499999999e+03    9.351674659264e-03    8.013044180188e-03
29160    1.457999999999e+03    9.372496486121e-03    8.030580593186e-03
29170    1.458499999999e+03    9.346619855152e-03    8.001759217223e-03
29180    1.458999999999e+03    9.384551799581e-03    8.040457179050e-03
29190    1.459499999999e+03    9.351982389093e-03    8.009952787688e-03
29200    1.459999999999e+03    9.355847347081e-03    8.018124826776e-03
29210    1.460499999999e+03    9.364562711534e-03    8.032272549826e-03
29220    1.460999999999e+03    9.340419397193e-03    8.011915973839e-03
29230    1.461499999999e+03    9.377044380256e-03    8.051838024585e-03
29240    1.461999999999e+03    9.343677893270e-03    8.017465347621e-03
29250    1.462499999999e+03    9.358724048063e-03    8.029452013034e-03
29260    1.462999999999e+03    9.363585896488e-03    8.029066039853e-03
29270    1.463499999999e+03    9.350208471813e-03    8.008406642148e-03
29280    1.463999999999e+03    9.387882362052e-03    8.040342852837e-03
29290    1.464499999999e+03    9.356501247229e-03    8.003505621673e-03
29300    1.464999999999e+03    9.378354529563e-03    8.023654660064e-03
29310    1.465499999999e+03    9.369862289867e-03    8.015907368645e-03
29320    1.465999999999e+03    9.356423581697e-03    8.005840109035e-03
29330    1.466499999999e+03    9.382336745099e-03    8.038409594519e-03
29340    1.466999999999e+03    9.346248263388e-03    8.008833275198e-03
29350    1.467499999999e+03    9.370969319439e-03    8.041810477152e-03
29360    1.467999999999e+03    9.348679922529e-03    8.025696904951e-03
29370    1.468499999999e+03    9.340884658452e-03    8.022100773815e-03
29380    1.468999999999e+03    9.362188529057e-03    8.045081794990e-03
29390    1.469499999999e+03    9.333490836708e-03    8.012894583771e-03
29400    1.469999999999e+03    9.373234707039e-03    8.047258595980e-03
29410    1.470499999999e+03    9.346744848600e-03    8.012054529900e-03
29420    1.470999999999e+03    9.352135415016e-03    8.009146951736e-03
29430    1.471499999999e+03    9.369589460474e-03    8.020079235393e-03
29440    1.471999999999e+03    9.345607102143e-03    7.991696728823e-03
29450    1.472499999999e+03    9.384020462119e-03    8.030975507609e-03
29460    1.472999999999e+03    9.346820788663e-03    7.997292155778e-03
29470    1.473499999999e+03    9.352008399721e-03    8.011034974515e-03
29480    1.473999999999e+03    9.352198538393e-03    8.022336197428e-03
29490    1.474499999999e+03    9.326389396393e-03    8.007180304048e-03
29500    1.474999999999e+03    9.359222135062e-03    8.049949128690e-03
29510    1.475499999999e+03    9.321358132561e-03    8.016496408345e-03
29520    1.475999999999e+03    9.340004450737e-03    8.034901914471e-03
29530    1.476499999999e+03    9.339441808889e-03    8.028349001506e-03
29540    1.476999999999e+03    9.331337527989e-03    8.009422196665e-03
29550    1.477499999999e+03    9.371507447471e-03    8.037356157729e-03
29560    1.477999999999e+03    9.344283138327e-03    7.996728876606e-03
29570    1.478499999999e+03    9.376853586896e-03    8.019464696190e-03
29580    1.478999999999e+03    9.365393347197e-03    8.001861971934e-03
29590    1.479499999999e+03    9.358857704949e-03    7.994226787559e-03
29600    1.479999999999e+03    9.383791922442e-03    8.023554762985e-03
29610    1.480499999999e+03    9.348828164638e-03    7.995056042091e-03
29620    1.480999999999e+03    9.380205429972e-03    8.035946309974e-03
29630    1.481499999999e+03    9.349558299498e-03    8.013857245714e-03
29640    1.481999999999e+03    9.346060562666e-03    8.017255976483e-03
29650    1.482499999999e+03    9.362657967352e-03    8.038101300372e-03
29660    1.482999999999e+03    9.334816177877e-03    8.009352076442e-03
29670    1.483499999999e+03    9.377068439156e-03    8.048546194004e-03
29680    1.483999999999e+03    9.345387877925e-03    8.009359427888e-03
29690    1.484499999999e+03    9.356311104045e-03    8.012574662644e-03
29700    1.484999999999e+03    9.368553733740e-03    8.018245324820e-03
29710    1.485499999999e+03    9.347342319962e-03    7.991913574187e-03
29720    1.485999999999e+03    9.386857661647e-03    8.030953837078e-03
29730    1.486499999999e+03    9.347563061807e-03    7.992483879207e-03
29740    1.486999999999e+03    9.360197039202e-03    8.009954939553e-03
29750    1.487499999999e+03    9.355996196126e-03    8.011544516194e-03
29760    1.487999999999e+03    9.335828119328e-03    7.996699742762e-03
29770    1.488499999999e+03    9.369132151697e-03    8.035774178097e-03
29780    1.488999999999e+03    9.330488910385e-03    7.999237056538e-03
29790    1.489499999999e+03    9.354481109091e-03    8.024445208321e-03
29800    1.489999999999e+03    9.343702302876e-03    8.012228484404e-03
29810    1.490499999999e+03    9.335338233096e-03    8.001028486433e-03
29820    1.490999999999e+03    9.367371835054e-03    8.030862790292e-03
29830    1.491499999999e+03    9.334732118112e-03    7.994775902262e-03
29840    1.491999999999e+03    9.370228039399e-03    8.028525982809e-03
29850    1.492499999999e+03    9.348336154149e-03    8.004345561858e-03
29860    1.492999999999e+03    9.346671078584e-03    8.001548691936e-03
29870    1.493499999999e+03    9.369870378376e-03    8.024183696762e-03
29880    1.493999999999e+03    9.340150500209e-03    7.992456474312e-03
29890    1.494499999999e+03    9.384387738367e-03    8.035769476010e-03
29900    1.494999999999e+03    9.349728260197e-03    7.998969063920e-03
29910    1.495499999999e+03    9.356096259979e-03    8.003953080333e-03
29920    1.495999999999e+03    9.369805295389e-03    8.017047674912e-03
29930    1.496499999999e+03    9.344321434002e-03    7.990742808033e-03
29940    1.496999999999e+03    9.387867460710e-03    8.035422686589e-03
29950    1.497499999999e+03    9.347590171375e-03    7.995519073120e-03
29960    1.497999999999e+03    9.360641499837e-03    8.010128027308e-03
29970    1.498499999999e+03    9.362945886097e-03    8.014336741326e-03
29980    1.498999999999e+03    9.342899223853e-03    7.995616804692e-03
29990    1.499499999999e+03    9.382939747327e-03    8.037385901844e-03
30000    1.499999999999e+03    9.343486929455e-03    7.996773241757e-03
30010    1.500499999999e+03    9.366252923245e-03    8.019162848541e-03
30020    1.500999999999e+03    9.359523784458e-03    8.010965421818e-03
30030    1.501499999999e+03    9.348401238962e-03    7.996956824172e-03
30040    1.501999999999e+03    9.384524802447e-03    8.031394816499e-03
30050    1.502499999999e+03    9.349038212853e-03    7.992921022378e-03
30060    1.502999999999e+03    9.381398093600e-03    8.024395361645e-03
30070    1.503499999999e+03    9.363114649966e-03    8.005559038793e-03
30080    1.503999999999e+03    9.357655487127e-03    8.001171038813e-03
30090    1.504499999999e+03    9.384203617050e-03    8.030863446038e-03
30100    1.504999999999e+03    9.350294992965e-03    7.999380818546e-03
30110    1.505499999999e+03    9.389725485043e-03    8.042721863603e-03
30120    1.505999999999e+03    9.359112175519e-03    8.013180517082e-03
30130    1.506499999999e+03    9.362303676567e-03    8.016093963306e-03
30140    1.506999999999e+03    9.382693808897e-03    8.034010686060e-03
30150    1.507499999999e+03    9.357083936262e-03    8.003005084902e-03
30160    1.507999999999e+03    9.404536203962e-03    8.046366754570e-03
30170    1.508499999999e+03    9.368727647742e-03    8.005177589439e-03
30180    1.508999999999e+03    9.381049644380e-03    8.013692745408e-03
30190    1.509499999999e+03    9.390902929130e-03    8.021041904613e-03
30200    1.509999999999e+03    9.368868721404e-03    7.996818021638e-03
30210    1.510499999999e+03    9.411746032888e-03    8.039935840316e-03
30220    1.510999999999e+03    9.370702928528e-03    7.998983673133e-03
30230    1.511499999999e+03    9.387670257646e-03    8.018544969673e-03
30240    1.511999999999e+03    9.383758176519e-03    8.018267983061e-03
30250    1.512499999999e+03    9.365271535234e-03    8.003805984117e-03
30260    1.512999999999e+03    9.401011279304e-03    8.044890726524e-03
30270    1.513499999999e+03    9.360038700328e-03    8.007043013095e-03
30280    1.513999999999e+03    9.385739528190e-03    8.035746746827e-03
30290    1.514499999999e+03    9.372513074348e-03    8.023143710489e-03
30300    1.514999999999e+03    9.363790680182e-03    8.013103467420e-03
30310    1.515499999999e+03    9.396792108118e-03    8.044450587477e-03
30320    1.515999999999e+03    9.363446878943e-03    8.006652452423e-03
30330    1.516499999999e+03    9.401667573885e-03    8.040889130825e-03
30340    1.516999999999e+03    9.380090753335e-03    8.014234968869e-03
30350    1.517499999999e+03    9.380108096156e-03    8.010048051801e-03
30360    1.517999999999e+03    9.404797568503e-03    8.032614116019e-03
30370    1.518499999999e+03    9.373615491273e-03    8.000350050679e-03
30380    1.518999999999e+03    9.416777030327e-03    8.046535930589e-03
30390    1.519499999999e+03    9.378853270951e-03    8.012047629563e-03
30400    1.519999999999e+03    9.381421750233e-03    8.019680811231e-03
30410    1.520499999999e+03    9.393392376482e-03    8.036950612222e-03
30420    1.520999999999e+03    9.365440064552e-03    8.011577601792e-03
30430    1.521499999999e+03    9.408905877788e-03    8.057386825385e-03
30440    1.521999999999e+03    9.370296349657e-03    8.017246062082e-03
30450    1.522499999999e+03    9.385133387244e-03    8.029097382860e-03
30460    1.522999999999e+03    9.392790085641e-03    8.031937208216e-03
30470    1.523499999999e+03    9.376150352368e-03    8.007789593648e-03
30480    1.523999999999e+03    9.420880210737e-03    8.045818090977e-03
30490    1.524499999999e+03    9.385320645706e-03    8.002840581867e-03
30500    1.524999999999e+03    9.408547921172e-03    8.021760605516e-03
30510    1.525499999999e+03    9.404083755606e-03    8.015720295589e-03
30520    1.525999999999e+03    9.389729897610e-03    8.002617872080e-03
30530    1.526499999999e+03    9.423077336260e-03    8.041481664804e-03
30540    1.526999999999e+03    9.383890646032e-03    8.007577454919e-03
30550    1.527499999999e+03    9.410526853489e-03    8.040839819841e-03
30560    1.527999999999e+03    9.392512258360e-03    8.027247187783e-03
30570    1.528499999999e+03    9.384797384610e-03    8.021479405215e-03
30580    1.528999999999e+03    9.413489167414e-03    8.050956341322e-03
30590    1.529499999999e+03    9.381683576574e-03    8.016825524464e-03
30600    1.529999999999e+03    9.421190778936e-03    8.054045762947e-03
30610    1.530499999999e+03    9.396248083877e-03    8.024315745388e-03
30620    1.530999999999e+03    9.398741995968e-03    8.021487334190e-03
30630    1.531499999999e+03    9.421321544888e-03    8.038851543461e-03
30640    1.531999999999e+03    9.394422328785e-03    8.006608165488e-03
30650    1.532499999999e+03    9.437607223398e-03    8.047700759562e-03
30660    1.532999999999e+03    9.402801438191e-03    8.011578328478e-03
30670    1.533499999999e+03    9.409202914781e-03    8.019454779060e-03
30680    1.533999999999e+03    9.419109544120e-03    8.032201492824e-03
30690    1.534499999999e+03    9.393806153632e-03    8.008953489480e-03
30700    1.534999999999e+03    9.433266701723e-03    8.051899783823e-03
30710    1.535499999999e+03    9.394787844569e-03    8.015526409508e-03
30720    1.535999999999e+03    9.408096643845e-03    8.032503169488e-03
30730    1.536499999999e+03    9.408341389383e-03    8.036321176405e-03
30740    1.536999999999e+03    9.389246320437e-03    8.019602764762e-03
30750    1.537499999999e+03    9.425953128295e-03    8.058616735070e-03
30760    1.537999999999e+03    9.390116240236e-03    8.021234153603e-03
30770    1.538499999999e+03    9.414602515128e-03    8.042902480156e-03
30780    1.538999999999e+03    9.408822104352e-03    8.031696936087e-03
30790    1.539499999999e+03    9.401018075586e-03    8.016560951546e-03
30800    1.539999999999e+03    9.436836255070e-03    8.045368425883e-03
30810    1.540499999999e+03    9.406703300174e-03    8.007657878807e-03
30820    1.540999999999e+03    9.440545299890e-03    8.037595270252e-03
30830    1.541499999999e+03    9.422610789827e-03    8.017431101507e-03
30840    1.541999999999e+03    9.417593933954e-03    8.013047293389e-03
30850    1.542499999999e+03    9.440534807213e-03    8.040402666666e-03
30860    1.542999999999e+03    9.407992211357e-03    8.012787940061e-03
30870    1.543499999999e+03    9.445119876336e-03    8.056535091782e-03
30880    1.543999999999e+03    9.412424914414e-03    8.028804405512e-03
30890    1.544499999999e+03    9.413551754051e-03    8.033203908781e-03
30900    1.544999999999e+03    9.430010072294e-03    8.049978393501e-03
30910    1.545499999999e+03    9.406121241772e-03    8.021989759982e-03
30920    1.545999999999e+03    9.450345045247e-03    8.060796464633e-03
30930    1.546499999999e+03    9.419938329573e-03    8.022046007682e-03
30940    1.546999999999e+03    9.434215273534e-03    8.028860147533e-03
30950    1.547499999999e+03    9.445019310213e-03    8.033554582653e-03
30960    1.547999999999e+03    9.427179294645e-03    8.010812579414e-03
30970    1.548499999999e+03    9.467002202818e-03    8.049860482970e-03
30980    1.548999999999e+03    9.431385114295e-03    8.014599799935e-03
30990    1.549499999999e+03    9.448239664755e-03    8.034980036427e-03
31000    1.549999999999e+03    9.443872050308e-03    8.035470291361e-03
31010    1.550499999999e+03    9.427505969148e-03    8.024092448068e-03
31020    1.550999999999e+03    9.460042945579e-03    8.061727211498e-03
31030    1.551499999999e+03    9.425126457679e-03    8.028174206629e-03
31040    1.551999999999e+03    9.451162357617e-03    8.055037951635e-03
31050    1.552499999999e+03    9.438669254899e-03    8.041234982556e-03
31060    1.552999999999e+03    9.431755484815e-03    8.032047916458e-03
31070    1.553499999999e+03    9.460813367624e-03    8.059141900958e-03
31080    1.553999999999e+03    9.431074759749e-03    8.025683217966e-03
31090    1.554499999999e+03    9.467051487668e-03    8.059657266131e-03
31100    1.554999999999e+03    9.444315979045e-03    8.033257341594e-03
31110    1.555499999999e+03    9.444541423915e-03    8.030179825255e-03
31120    1.555999999999e+03    9.465601690686e-03    8.049268679315e-03
31130    1.556499999999e+03    9.439021857577e-03    8.020398063309e-03
31140    1.556999999999e+03    9.478784029980e-03    8.060592009315e-03
31150    1.557499999999e+03    9.446209123847e-03    8.028807305891e-03
31160    1.557999999999e+03    9.450778387555e-03    8.037336094276e-03
31170    1.558499999999e+03    9.459226825757e-03    8.051795973188e-03
31180    1.558999999999e+03    9.433309672367e-03    8.031611623665e-03
31190    1.559499999999e+03    9.469426348041e-03    8.074181589109e-03
31200    1.559999999999e+03    9.433099016155e-03    8.040913041441e-03
31210    1.560499999999e+03    9.447250212597e-03    8.056092896368e-03
31220    1.560999999999e+03    9.450660091867e-03    8.056960399699e-03
31230    1.561499999999e+03    9.436944153559e-03    8.037308663916e-03
31240    1.561999999999e+03    9.476958215685e-03    8.070030818089e-03
31250    1.562499999999e+03    9.447858287499e-03    8.030504682210e-03
31260    1.562999999999e+03    9.475655445535e-03    8.049146626945e-03
31270    1.563499999999e+03    9.471389222273e-03    8.037557020543e-03
31280    1.563999999999e+03    9.463669660502e-03    8.025444769373e-03
31290    1.564499999999e+03    9.494145149861e-03    8.056639700044e-03
31300    1.564999999999e+03    9.459996434550e-03    8.026378219256e-03
31310    1.565499999999e+03    9.487265322956e-03    8.062107373007e-03
31320    1.565999999999e+03    9.462944948608e-03    8.046917115280e-03
31330    1.566499999999e+03    9.455059690811e-03    8.047770857047e-03
31340    1.566999999999e+03    9.474636107699e-03    8.074179734649e-03
31350    1.567499999999e+03    9.444749713309e-03    8.045728781326e-03
31360    1.567999999999e+03    9.485481002748e-03    8.084983010122e-03
31370    1.568499999999e+03    9.457127019638e-03    8.049967270381e-03
31380    1.568999999999e+03    9.465157675010e-03    8.049267235947e-03
31390    1.569499999999e+03    9.483947167960e-03    8.059395415330e-03
31400    1.569999999999e+03    9.464095675838e-03    8.030637935008e-03
31410    1.570499999999e+03    9.508223173750e-03    8.068828910837e-03
31420    1.570999999999e+03    9.475343101183e-03    8.031354520426e-03
31430    1.571499999999e+03    9.487300185362e-03    8.043556306802e-03
31440    1.571999999999e+03    9.490421690152e-03    8.050873309003e-03
31450    1.572499999999e+03    9.467888837959e-03    8.035802704399e-03
31460    1.572999999999e+03    9.500321558774e-03    8.079695618108e-03
31470    1.573499999999e+03    9.459381095338e-03    8.048573105043e-03
31480    1.573999999999e+03    9.474496497775e-03    8.072645157881e-03
31490    1.574499999999e+03    9.466395469716e-03    8.069692787103e-03
31500    1.574999999999e+03    9.452942118026e-03    8.056829166890e-03
31510    1.575499999999e+03    9.486682100084e-03    8.087813886050e-03
31520    1.575999999999e+03    9.456111498771e-03    8.048463406340e-03
31530    1.576499999999e+03    9.488633205983e-03    8.071234392446e-03
31540    1.576999999999e+03    9.478038622847e-03    8.049075886447e-03
31550    1.577499999999e+03    9.477157111739e-03    8.037542727834e-03
31560    1.577999999999e+03    9.506477509952e-03    8.059837650762e-03
31570    1.578499999999e+03    9.477573838569e-03    8.026191498175e-03
31580    1.578999999999e+03    9.513620042174e-03    8.063072072218e-03
31590    1.579499999999e+03    9.484134255274e-03    8.037085553042e-03
31600    1.579999999999e+03    9.481489794926e-03    8.041638118812e-03
31610    1.580499999999e+03    9.494311311993e-03    8.064101233686e-03
31620    1.580999999999e+03    9.462803455472e-03    8.041440281886e-03
31630    1.581499999999e+03    9.499362478783e-03    8.087520021036e-03
31640    1.581999999999e+03    9.461711412236e-03    8.054827583692e-03
31650    1.582499999999e+03    9.469574673321e-03    8.064615567491e-03
31660    1.582999999999e+03    9.479648211502e-03    8.072484934019e-03
31670    1.583499999999e+03    9.461590415511e-03    8.047550950323e-03
31680    1.583999999999e+03    9.506104345160e-03    8.083945733233e-03
31690    1.584499999999e+03    9.474575450509e-03    8.041664168559e-03
31700    1.584999999999e+03    9.495857680943e-03    8.054117378379e-03
31710    1.585499999999e+03    9.498509256187e-03    8.049743750234e-03
31720    1.585999999999e+03    9.484693583921e-03    8.031840826334e-03
31730    1.586499999999e+03    9.520100663969e-03    8.067982277680e-03
31740    1.586999999999e+03    9.481890400226e-03    8.032217598156e-03
31750    1.587499999999e+03    9.502557313597e-03    8.059688884714e-03
31760    1.587999999999e+03    9.486398180465e-03    8.051234003688e-03
31770    1.588499999999e+03    9.472176542445e-03    8.044587781114e-03
31780    1.588999999999e+03    9.497452616031e-03    8.077425632109e-03
31790    1.589499999999e+03    9.460990203038e-03    8.044282632000e-03
31800    1.589999999999e+03    9.492901827603e-03    8.077272016635e-03
31810    1.590499999999e+03    9.471626607357e-03    8.052321555624e-03
31820    1.590999999999e+03    9.471938966883e-03    8.045515362028e-03
31830    1.591499999999e+03    9.498138078883e-03    8.063268604928e-03
31840    1.591999999999e+03    9.472380260573e-03    8.027667356146e-03
31850    1.592499999999e+03    9.517283983342e-03    8.066278215665e-03
31860    1.592999999999e+03    9.485261945560e-03    8.029526628889e-03
31870    1.593499999999e+03    9.489813326676e-03    8.034113790927e-03
31880    1.593999999999e+03    9.501903762490e-03    8.050640429246e-03
31890    1.594499999999e+03    9.473679089699e-03    8.028229829506e-03
31900    1.594999999999e+03    9.512352510989e-03    8.075781628577e-03
31910    1.595499999999e+03    9.471620737093e-03    8.041655915804e-03
31920    1.595999999999e+03    9.481692570261e-03    8.057445616942e-03
31930    1.596499999999e+03    9.485404744723e-03    8.064187492892e-03
31940    1.596999999999e+03    9.466467978495e-03    8.043903854741e-03
31950    1.597499999999e+03    9.508322158341e-03    8.082443247076e-03
31960    1.597999999999e+03    9.474074647306e-03    8.040215049732e-03
31970    1.598499999999e+03    9.498491872565e-03    8.056372817009e-03
31980    1.598999999999e+03    9.496740019360e-03    8.046317076150e-03
31990    1.599499999999e+03    9.485839688828e-03    8.028041447687e-03
32000    1.599999999999e+03    9.521953461957e-03    8.060645615842e-03
