#---- General info test case studied
#     Restart previous computation::                      i_restart::     0
#      Choice of the computed case::                         i_case::     3
#--- Geometry of the horizontal domain
#Length of the studied zone in x-d::                           xlen::    4.0000000000000000E+01
#Length of the studied zone in y-d::                           ylen::    4.0000000000000000E+01
#--- Relaxation zones
#            absorption/generation::                          i_rlx::     0
#                       zones type::                          i_abs::     1
#             First absorbing zone::                        L_abs_1::    0.0000000000000000E+00
#                  Generation zone::                         L_gene::    0.0000000000000000E+00
#            Second absorbing zone::                        L_abs_2::    0.0000000000000000E+00
#--- Time stuff
#       Duration of the simulation::                         T_stop::    1.6047500000000000E+03
#      Sampling frequency (output)::                          f_out::    8.1632653061224492E-01
#           Tolerance of RK scheme::                          toler::    9.9999999999999995E-08
#        Dommermuth initialisation::                              n::     4
#        Dommermuth initialisation::                             Ta::    1.2250000000000000E+02
#--- Physical parameters
#                          Gravity::                           grav::    9.8100000000000005E+00
#                 Mean water depth::                          depth::    1.0000000000000000E+03
#--- Current parameters
#                     Current type::                         i_curr::     0
#        Constant current velocity::                            u_0::    1.0000000000000000E+00
#       First current varying zone::                       L_curr_1::    1.0000000000000000E+01
#      Second current varying zone::                       L_curr_2::    1.0000000000000000E+01
#--- Bathymetry parameters
#             Choice of the method::                       i_method::     0
#                bottom definition::                       i_bottom::     0
#                Total water depth::                      depth_tot::    1.0000000000000000E+03
#Minimum water depth (real number ::                      depth_min::    3.0000000000000000E+01
# Name of the input bathymetry fil::                     bathy_file:: /bathy_new_cut.dat                                                                                  
#             Zone 1 - y-direction::                          L_1_y::    0.0000000000000000E+00
#             Zone 2 - y-direction::                          L_2_y::    0.0000000000000000E+00
#            reflection conditions::                          i_sym::     0
#--- Irregular waves (i_case=3x)
#                 Peak period in s::                        Tp_real::    1.2250000000000000E+01
#     Significant wave height in m::                        Hs_real::    6.0000000000000000E+00
#                 JONSWAP Spectrum::                          gamma::    1.0000000000000000E+00
#   use of TMA spectrum 1=yes,0=no::                          i_TMA::     0
#          Directionality function::                     i_dir_JSWP::     0
#          Directionality (Dysthe)::                           beta::    6.9999999999999996E-01
#         Random phases generation::                  random_phases::     1
#  Name of the input spectrum file::                  spectrum_file:: SPEC_20181006-01_SKOREA.2D                                                                          
#--- Soliton''s parameters (case 4x)
#              Carrier wave number::                             k0::    5.3221400000000001E+00
#    Steepness of the carrier wave::                           eps0::    2.0000000000000000E-02
#   Initial location soliton (dim)::                             x0::    6.0000000000000000E+01
#--- Output files
#                  Tecplot version::                        tecplot::     1
#        Output: 1-dim. 0-non dim.::                      i_out_dim::     1
#       3d free surface quantities::                           i_3d::     1
#                         3d modes::                         i_a_3d::     1
#     2d free surface, center line::                           i_2d::     0
#            Wave probes in domain::                         i_prob::     0
#         Swense output 1=yes,0=no::                           i_sw::     1
#--- Numerical parameters
#      Modes number in x-direction::                             n1::   256
#      Modes number in y-direction::                             n2::   256
#HOS nonlinearity order (free-surf::                              M::     3
#  HOS nonlinearity order (bottom)::                            M_l::     1
#        Dealiasing in x-direction::                             p1::     3
#        Dealiasing in y-direction::                             p2::     3
#          Output points in x-dir.::                         n1_out::   256
#          Output points in y-dir.::                         n2_out::     1
TITLE=" 3D volume and energy "
VARIABLES="t", "volume", "potential", "kinetic", "total", "dE/E_o","E_spec_dens"
 0.00000E+00 -1.28650E-10  1.10363E+01  1.10363E+01  2.20725E+01  0.00000E+00  2.20725E+01
 1.22500E+00 -1.28650E-10  1.10362E+01  1.10363E+01  2.20725E+01  1.10992E-11  2.20725E+01
 2.45000E+00 -1.28650E-10  1.10362E+01  1.10363E+01  2.20725E+01  1.79022E-10  2.20725E+01
 3.67500E+00 -1.28650E-10  1.10362E+01  1.10363E+01  2.20725E+01  9.40650E-10  2.20725E+01
 4.90000E+00 -1.28650E-10  1.10362E+01  1.10363E+01  2.20725E+01  3.14410E-09  2.20725E+01
 6.12500E+00 -1.28650E-10  1.10362E+01  1.10363E+01  2.20725E+01  8.19051E-09  2.20725E+01
 7.35000E+00 -1.28650E-10  1.10362E+01  1.10363E+01  2.20725E+01  1.81293E-08  2.20725E+01
 8.57500E+00 -1.28651E-10  1.10362E+01  1.10363E+01  2.20725E+01  3.56468E-08  2.20725E+01
 9.80000E+00 -1.28652E-10  1.10362E+01  1.10363E+01  2.20725E+01  6.39332E-08  2.20725E+01
 1.10250E+01 -1.28652E-10  1.10362E+01  1.10363E+01  2.20725E+01  1.06461E-07  2.20725E+01
 1.22500E+01 -1.28653E-10  1.10363E+01  1.10363E+01  2.20725E+01  1.66736E-07  2.20725E+01
 1.34750E+01 -1.28662E-10  1.10363E+01  1.10363E+01  2.20725E+01  2.48082E-07  2.20725E+01
 1.47000E+01 -1.28674E-10  1.10363E+01  1.10363E+01  2.20725E+01  3.53512E-07  2.20725E+01
 1.59250E+01 -1.28653E-10  1.10363E+01  1.10363E+01  2.20725E+01  4.85714E-07  2.20725E+01
 1.71500E+01 -1.28655E-10  1.10363E+01  1.10363E+01  2.20725E+01  6.47134E-07  2.20725E+01
 1.83750E+01 -1.28642E-10  1.10363E+01  1.10363E+01  2.20725E+01  8.40155E-07  2.20725E+01
 1.96000E+01 -1.28602E-10  1.10363E+01  1.10363E+01  2.20725E+01  1.06729E-06  2.20725E+01
 2.08250E+01 -1.28648E-10  1.10363E+01  1.10363E+01  2.20725E+01  1.33133E-06  2.20725E+01
 2.20500E+01 -1.28713E-10  1.10363E+01  1.10363E+01  2.20725E+01  1.63550E-06  2.20725E+01
 2.32750E+01 -1.28726E-10  1.10363E+01  1.10363E+01  2.20725E+01  1.98349E-06  2.20725E+01
 2.45000E+01 -1.28783E-10  1.10363E+01  1.10363E+01  2.20726E+01  2.37968E-06  2.20725E+01
 2.57250E+01 -1.28838E-10  1.10362E+01  1.10363E+01  2.20726E+01  2.82961E-06  2.20725E+01
 2.69500E+01 -1.28802E-10  1.10362E+01  1.10363E+01  2.20726E+01  3.34087E-06  2.20725E+01
 2.81750E+01 -1.28871E-10  1.10362E+01  1.10363E+01  2.20726E+01  3.92445E-06  2.20725E+01
 2.94000E+01 -1.28898E-10  1.10362E+01  1.10364E+01  2.20726E+01  4.59626E-06  2.20725E+01
 3.06250E+01 -1.28788E-10  1.10362E+01  1.10364E+01  2.20726E+01  5.37830E-06  2.20725E+01
 3.18500E+01 -1.28770E-10  1.10362E+01  1.10364E+01  2.20726E+01  6.29874E-06  2.20725E+01
 3.30750E+01 -1.28305E-10  1.10362E+01  1.10364E+01  2.20727E+01  7.39021E-06  2.20725E+01
 3.43000E+01 -1.28100E-10  1.10362E+01  1.10365E+01  2.20727E+01  8.68605E-06  2.20725E+01
 3.55250E+01 -1.28381E-10  1.10362E+01  1.10365E+01  2.20727E+01  1.02148E-05  2.20725E+01
 3.67500E+01 -1.28935E-10  1.10362E+01  1.10365E+01  2.20728E+01  1.19939E-05  2.20725E+01
 3.79750E+01 -1.28850E-10  1.10363E+01  1.10366E+01  2.20728E+01  1.40244E-05  2.20725E+01
 3.92000E+01 -1.29032E-10  1.10363E+01  1.10366E+01  2.20729E+01  1.62875E-05  2.20725E+01
 4.04250E+01 -1.29424E-10  1.10363E+01  1.10366E+01  2.20729E+01  1.87457E-05  2.20725E+01
 4.16500E+01 -1.28739E-10  1.10363E+01  1.10367E+01  2.20730E+01  2.13470E-05  2.20725E+01
 4.28750E+01 -1.28890E-10  1.10363E+01  1.10368E+01  2.20730E+01  2.40338E-05  2.20725E+01
 4.41000E+01 -1.29604E-10  1.10363E+01  1.10368E+01  2.20731E+01  2.67537E-05  2.20725E+01
 4.53250E+01 -1.29088E-10  1.10363E+01  1.10369E+01  2.20732E+01  2.94716E-05  2.20725E+01
 4.65500E+01 -1.29676E-10  1.10363E+01  1.10369E+01  2.20732E+01  3.21810E-05  2.20725E+01
 4.77750E+01 -1.30551E-10  1.10363E+01  1.10370E+01  2.20733E+01  3.49130E-05  2.20725E+01
 4.90000E+01 -1.30895E-10  1.10362E+01  1.10371E+01  2.20733E+01  3.77401E-05  2.20725E+01
 5.02250E+01 -1.31091E-10  1.10362E+01  1.10372E+01  2.20734E+01  4.07735E-05  2.20725E+01
 5.14500E+01 -1.34397E-10  1.10362E+01  1.10373E+01  2.20735E+01  4.41526E-05  2.20725E+01
 5.26750E+01 -1.35186E-10  1.10362E+01  1.10374E+01  2.20736E+01  4.80272E-05  2.20725E+01
 5.39000E+01 -1.33613E-10  1.10362E+01  1.10375E+01  2.20737E+01  5.25333E-05  2.20725E+01
 5.51250E+01 -1.37166E-10  1.10362E+01  1.10376E+01  2.20738E+01  5.77682E-05  2.20725E+01
 5.63500E+01 -1.34665E-10  1.10362E+01  1.10377E+01  2.20739E+01  6.37698E-05  2.20725E+01
 5.75750E+01 -1.36705E-10  1.10362E+01  1.10378E+01  2.20741E+01  7.05066E-05  2.20725E+01
 5.88000E+01 -1.37677E-10  1.10362E+01  1.10380E+01  2.20742E+01  7.78800E-05  2.20725E+01
 6.00250E+01 -1.37896E-10  1.10363E+01  1.10381E+01  2.20744E+01  8.57412E-05  2.20725E+01
 6.12500E+01 -1.37132E-10  1.10363E+01  1.10383E+01  2.20746E+01  9.39161E-05  2.20725E+01
 6.24750E+01 -1.36317E-10  1.10363E+01  1.10385E+01  2.20748E+01  1.02236E-04  2.20725E+01
 6.37000E+01 -1.36886E-10  1.10363E+01  1.10386E+01  2.20749E+01  1.10568E-04  2.20725E+01
 6.49250E+01 -1.31362E-10  1.10363E+01  1.10388E+01  2.20751E+01  1.18833E-04  2.20725E+01
 6.61500E+01 -1.28269E-10  1.10363E+01  1.10390E+01  2.20753E+01  1.27027E-04  2.20725E+01
 6.73750E+01 -1.24126E-10  1.10363E+01  1.10392E+01  2.20755E+01  1.35221E-04  2.20725E+01
 6.86000E+01 -1.19558E-10  1.10363E+01  1.10394E+01  2.20757E+01  1.43558E-04  2.20725E+01
 6.98250E+01 -1.22970E-10  1.10363E+01  1.10396E+01  2.20759E+01  1.52233E-04  2.20725E+01
 7.10500E+01 -1.24278E-10  1.10362E+01  1.10398E+01  2.20761E+01  1.61468E-04  2.20725E+01
 7.22750E+01 -1.23832E-10  1.10362E+01  1.10401E+01  2.20763E+01  1.71468E-04  2.20725E+01
 7.35000E+01 -1.33076E-10  1.10362E+01  1.10403E+01  2.20765E+01  1.82391E-04  2.20725E+01
 7.47250E+01 -1.40300E-10  1.10362E+01  1.10406E+01  2.20768E+01  1.94311E-04  2.20725E+01
 7.59500E+01 -1.40860E-10  1.10362E+01  1.10409E+01  2.20771E+01  2.07206E-04  2.20725E+01
 7.71750E+01 -1.41360E-10  1.10362E+01  1.10412E+01  2.20774E+01  2.20968E-04  2.20725E+01
 7.84000E+01 -1.48484E-10  1.10362E+01  1.10415E+01  2.20777E+01  2.35427E-04  2.20725E+01
 7.96250E+01 -1.37996E-10  1.10363E+01  1.10418E+01  2.20780E+01  2.50390E-04  2.20725E+01
 8.08500E+01 -1.32660E-10  1.10363E+01  1.10421E+01  2.20784E+01  2.65679E-04  2.20725E+01
 8.20750E+01 -1.33414E-10  1.10363E+01  1.10424E+01  2.20787E+01  2.81163E-04  2.20725E+01
 8.33000E+01 -1.49955E-10  1.10363E+01  1.10427E+01  2.20791E+01  2.96780E-04  2.20725E+01
 8.45250E+01 -1.58112E-10  1.10363E+01  1.10431E+01  2.20794E+01  3.12542E-04  2.20725E+01
 8.57500E+01 -1.72011E-10  1.10363E+01  1.10434E+01  2.20798E+01  3.28532E-04  2.20725E+01
 8.69750E+01 -1.67603E-10  1.10363E+01  1.10438E+01  2.20801E+01  3.44893E-04  2.20725E+01
 8.82000E+01 -1.73691E-10  1.10363E+01  1.10442E+01  2.20805E+01  3.61807E-04  2.20725E+01
 8.94250E+01 -1.60741E-10  1.10362E+01  1.10446E+01  2.20809E+01  3.79462E-04  2.20725E+01
 9.06500E+01 -1.57797E-10  1.10362E+01  1.10451E+01  2.20813E+01  3.98013E-04  2.20725E+01
 9.18750E+01 -1.59067E-10  1.10362E+01  1.10455E+01  2.20817E+01  4.17548E-04  2.20725E+01
 9.31000E+01 -1.63535E-10  1.10362E+01  1.10459E+01  2.20822E+01  4.38057E-04  2.20725E+01
 9.43250E+01 -1.52703E-10  1.10363E+01  1.10464E+01  2.20826E+01  4.59425E-04  2.20725E+01
 9.55500E+01 -1.51129E-10  1.10363E+01  1.10468E+01  2.20831E+01  4.81447E-04  2.20725E+01
 9.67750E+01 -1.62409E-10  1.10363E+01  1.10473E+01  2.20836E+01  5.03872E-04  2.20725E+01
 9.80000E+01 -1.58331E-10  1.10363E+01  1.10478E+01  2.20841E+01  5.26451E-04  2.20725E+01
 9.92250E+01 -1.62567E-10  1.10363E+01  1.10483E+01  2.20846E+01  5.48983E-04  2.20725E+01
 1.00450E+02 -1.79544E-10  1.10363E+01  1.10488E+01  2.20851E+01  5.71351E-04  2.20725E+01
 1.01675E+02 -1.90076E-10  1.10363E+01  1.10493E+01  2.20856E+01  5.93531E-04  2.20725E+01
 1.02900E+02 -1.72975E-10  1.10363E+01  1.10498E+01  2.20861E+01  6.15586E-04  2.20725E+01
 1.04125E+02 -1.92152E-10  1.10363E+01  1.10503E+01  2.20866E+01  6.37653E-04  2.20725E+01
 1.05350E+02 -1.95776E-10  1.10362E+01  1.10508E+01  2.20871E+01  6.59918E-04  2.20725E+01
 1.06575E+02 -1.74930E-10  1.10362E+01  1.10514E+01  2.20876E+01  6.82596E-04  2.20725E+01
 1.07800E+02 -1.35263E-10  1.10361E+01  1.10519E+01  2.20881E+01  7.05905E-04  2.20725E+01
 1.09025E+02 -1.31042E-10  1.10361E+01  1.10525E+01  2.20886E+01  7.30037E-04  2.20725E+01
 1.10250E+02 -1.20534E-10  1.10361E+01  1.10531E+01  2.20892E+01  7.55120E-04  2.20725E+01
 1.11475E+02 -1.63865E-10  1.10361E+01  1.10536E+01  2.20897E+01  7.81182E-04  2.20725E+01
 1.12700E+02 -2.08796E-10  1.10362E+01  1.10541E+01  2.20903E+01  8.08129E-04  2.20725E+01
 1.13925E+02 -2.30820E-10  1.10363E+01  1.10547E+01  2.20909E+01  8.35734E-04  2.20725E+01
 1.15150E+02 -1.82567E-10  1.10363E+01  1.10552E+01  2.20916E+01  8.63672E-04  2.20725E+01
 1.16375E+02 -1.95250E-10  1.10364E+01  1.10558E+01  2.20922E+01  8.91569E-04  2.20725E+01
 1.17600E+02 -2.03303E-10  1.10364E+01  1.10564E+01  2.20928E+01  9.19069E-04  2.20725E+01
 1.18825E+02 -2.07181E-10  1.10364E+01  1.10569E+01  2.20934E+01  9.45886E-04  2.20725E+01
 1.20050E+02 -2.25091E-10  1.10364E+01  1.10575E+01  2.20940E+01  9.71840E-04  2.20725E+01
 1.21275E+02 -1.87233E-10  1.10364E+01  1.10581E+01  2.20945E+01  9.96858E-04  2.20725E+01
 1.22500E+02 -1.62874E-10  1.10364E+01  1.10587E+01  2.20950E+01  1.02097E-03  2.20725E+01
 1.23725E+02 -1.70557E-10  1.10363E+01  1.10592E+01  2.20955E+01  1.04428E-03  2.20725E+01
 1.24950E+02 -1.63097E-10  1.10362E+01  1.10598E+01  2.20961E+01  1.06698E-03  2.20725E+01
 1.26175E+02 -1.69899E-10  1.10362E+01  1.10604E+01  2.20965E+01  1.08928E-03  2.20725E+01
 1.27400E+02 -2.34321E-10  1.10361E+01  1.10609E+01  2.20970E+01  1.11145E-03  2.20725E+01
 1.28625E+02 -2.23826E-10  1.10361E+01  1.10614E+01  2.20975E+01  1.13375E-03  2.20725E+01
 1.29850E+02 -2.90383E-10  1.10361E+01  1.10619E+01  2.20980E+01  1.15641E-03  2.20725E+01
 1.31075E+02 -2.75996E-10  1.10362E+01  1.10623E+01  2.20985E+01  1.17955E-03  2.20725E+01
 1.32300E+02 -2.77244E-10  1.10363E+01  1.10628E+01  2.20991E+01  1.20318E-03  2.20725E+01
 1.33525E+02 -3.16069E-10  1.10363E+01  1.10632E+01  2.20996E+01  1.22714E-03  2.20725E+01
 1.34750E+02 -3.13893E-10  1.10364E+01  1.10637E+01  2.21001E+01  1.25116E-03  2.20725E+01
 1.35975E+02 -3.19259E-10  1.10365E+01  1.10642E+01  2.21006E+01  1.27487E-03  2.20725E+01
 1.37200E+02 -3.20202E-10  1.10365E+01  1.10647E+01  2.21011E+01  1.29794E-03  2.20725E+01
 1.38425E+02 -3.19748E-10  1.10365E+01  1.10651E+01  2.21016E+01  1.32008E-03  2.20725E+01
 1.39650E+02 -3.24674E-10  1.10365E+01  1.10656E+01  2.21021E+01  1.34108E-03  2.20725E+01
 1.40875E+02 -3.18424E-10  1.10365E+01  1.10660E+01  2.21025E+01  1.36084E-03  2.20725E+01
 1.42100E+02 -2.99806E-10  1.10365E+01  1.10665E+01  2.21029E+01  1.37930E-03  2.20725E+01
 1.43325E+02 -2.87632E-10  1.10365E+01  1.10668E+01  2.21033E+01  1.39643E-03  2.20725E+01
 1.44550E+02 -3.23500E-10  1.10365E+01  1.10672E+01  2.21037E+01  1.41231E-03  2.20725E+01
 1.45775E+02 -2.81805E-10  1.10364E+01  1.10676E+01  2.21040E+01  1.42706E-03  2.20725E+01
 1.47000E+02 -2.63065E-10  1.10364E+01  1.10679E+01  2.21043E+01  1.44090E-03  2.20725E+01
 1.48225E+02 -2.51931E-10  1.10364E+01  1.10682E+01  2.21046E+01  1.45411E-03  2.20725E+01
 1.49450E+02 -2.17716E-10  1.10364E+01  1.10685E+01  2.21049E+01  1.46699E-03  2.20725E+01
 1.50675E+02 -2.74420E-10  1.10364E+01  1.10687E+01  2.21052E+01  1.47977E-03  2.20725E+01
 1.51900E+02 -2.99273E-10  1.10364E+01  1.10690E+01  2.21054E+01  1.49254E-03  2.20725E+01
 1.53125E+02 -1.99644E-10  1.10364E+01  1.10693E+01  2.21057E+01  1.50529E-03  2.20725E+01
 1.54350E+02 -2.03727E-10  1.10365E+01  1.10695E+01  2.21060E+01  1.51785E-03  2.20725E+01
 1.55575E+02 -1.74694E-10  1.10365E+01  1.10698E+01  2.21063E+01  1.53004E-03  2.20725E+01
 1.56800E+02 -1.47704E-10  1.10365E+01  1.10700E+01  2.21065E+01  1.54169E-03  2.20725E+01
 1.58025E+02 -7.70852E-11  1.10366E+01  1.10702E+01  2.21068E+01  1.55271E-03  2.20725E+01
 1.59250E+02  1.39266E-11  1.10366E+01  1.10704E+01  2.21070E+01  1.56310E-03  2.20725E+01
 1.60475E+02  4.73709E-11  1.10366E+01  1.10706E+01  2.21072E+01  1.57286E-03  2.20725E+01
 1.61700E+02  5.59899E-11  1.10366E+01  1.10708E+01  2.21074E+01  1.58198E-03  2.20725E+01
 1.62925E+02 -1.06228E-11  1.10367E+01  1.10709E+01  2.21076E+01  1.59041E-03  2.20725E+01
 1.64150E+02  3.63914E-12  1.10367E+01  1.10711E+01  2.21078E+01  1.59811E-03  2.20725E+01
 1.65375E+02 -1.60535E-11  1.10367E+01  1.10713E+01  2.21079E+01  1.60506E-03  2.20725E+01
 1.66600E+02 -1.72924E-11  1.10366E+01  1.10714E+01  2.21081E+01  1.61134E-03  2.20725E+01
 1.67825E+02 -7.31853E-11  1.10366E+01  1.10716E+01  2.21082E+01  1.61708E-03  2.20725E+01
 1.69050E+02 -2.84929E-11  1.10366E+01  1.10717E+01  2.21083E+01  1.62239E-03  2.20725E+01
 1.70275E+02 -4.17042E-11  1.10366E+01  1.10719E+01  2.21084E+01  1.62734E-03  2.20725E+01
 1.71500E+02 -8.42951E-11  1.10366E+01  1.10720E+01  2.21085E+01  1.63192E-03  2.20725E+01
 1.72725E+02 -3.51533E-11  1.10366E+01  1.10720E+01  2.21086E+01  1.63601E-03  2.20725E+01
 1.73950E+02 -1.68663E-11  1.10366E+01  1.10721E+01  2.21087E+01  1.63950E-03  2.20725E+01
 1.75175E+02 -6.51394E-11  1.10366E+01  1.10721E+01  2.21088E+01  1.64232E-03  2.20725E+01
 1.76400E+02 -6.58370E-11  1.10367E+01  1.10721E+01  2.21088E+01  1.64450E-03  2.20725E+01
 1.77625E+02 -1.20225E-10  1.10367E+01  1.10721E+01  2.21088E+01  1.64622E-03  2.20725E+01
 1.78850E+02 -8.33373E-11  1.10368E+01  1.10721E+01  2.21089E+01  1.64776E-03  2.20725E+01
 1.80075E+02 -2.17811E-10  1.10368E+01  1.10721E+01  2.21089E+01  1.64936E-03  2.20725E+01
 1.81300E+02 -2.71694E-10  1.10368E+01  1.10722E+01  2.21089E+01  1.65120E-03  2.20725E+01
 1.82525E+02 -3.35244E-10  1.10367E+01  1.10723E+01  2.21090E+01  1.65334E-03  2.20725E+01
 1.83750E+02 -3.74645E-10  1.10367E+01  1.10724E+01  2.21090E+01  1.65574E-03  2.20725E+01
 1.84975E+02 -3.83989E-10  1.10366E+01  1.10725E+01  2.21091E+01  1.65832E-03  2.20725E+01
 1.86200E+02 -3.84030E-10  1.10366E+01  1.10726E+01  2.21092E+01  1.66103E-03  2.20725E+01
 1.87425E+02 -3.97671E-10  1.10366E+01  1.10727E+01  2.21092E+01  1.66377E-03  2.20725E+01
 1.88650E+02 -3.62569E-10  1.10366E+01  1.10727E+01  2.21093E+01  1.66644E-03  2.20725E+01
 1.89875E+02 -3.01772E-10  1.10366E+01  1.10727E+01  2.21093E+01  1.66891E-03  2.20725E+01
 1.91100E+02 -2.46071E-10  1.10367E+01  1.10727E+01  2.21094E+01  1.67095E-03  2.20725E+01
 1.92325E+02 -2.27754E-10  1.10367E+01  1.10727E+01  2.21094E+01  1.67236E-03  2.20725E+01
 1.93550E+02 -1.96569E-10  1.10368E+01  1.10726E+01  2.21094E+01  1.67302E-03  2.20725E+01
 1.94775E+02 -1.36312E-10  1.10369E+01  1.10725E+01  2.21094E+01  1.67289E-03  2.20725E+01
 1.96000E+02 -1.69185E-10  1.10369E+01  1.10725E+01  2.21094E+01  1.67212E-03  2.20725E+01
 1.97225E+02 -1.74201E-10  1.10370E+01  1.10724E+01  2.21094E+01  1.67095E-03  2.20725E+01
 1.98450E+02 -2.33538E-10  1.10370E+01  1.10724E+01  2.21094E+01  1.66972E-03  2.20725E+01
 1.99675E+02 -3.03815E-10  1.10369E+01  1.10724E+01  2.21093E+01  1.66872E-03  2.20725E+01
 2.00900E+02 -3.15144E-10  1.10368E+01  1.10725E+01  2.21093E+01  1.66816E-03  2.20725E+01
 2.02125E+02 -3.12810E-10  1.10368E+01  1.10726E+01  2.21093E+01  1.66812E-03  2.20725E+01
 2.03350E+02 -3.57519E-10  1.10367E+01  1.10726E+01  2.21093E+01  1.66857E-03  2.20725E+01
 2.04575E+02 -3.09595E-10  1.10366E+01  1.10727E+01  2.21093E+01  1.66944E-03  2.20725E+01
 2.05800E+02 -2.15829E-10  1.10366E+01  1.10728E+01  2.21094E+01  1.67066E-03  2.20725E+01
 2.07025E+02 -1.44280E-10  1.10366E+01  1.10728E+01  2.21094E+01  1.67215E-03  2.20725E+01
 2.08250E+02 -1.29212E-10  1.10366E+01  1.10728E+01  2.21094E+01  1.67380E-03  2.20725E+01
 2.09475E+02 -1.32091E-10  1.10367E+01  1.10728E+01  2.21095E+01  1.67547E-03  2.20725E+01
 2.10700E+02 -9.12325E-11  1.10368E+01  1.10727E+01  2.21095E+01  1.67695E-03  2.20725E+01
 2.11925E+02 -1.30972E-10  1.10369E+01  1.10727E+01  2.21095E+01  1.67803E-03  2.20725E+01
 2.13150E+02 -1.31499E-10  1.10369E+01  1.10726E+01  2.21096E+01  1.67858E-03  2.20725E+01
 2.14375E+02 -1.03907E-10  1.10370E+01  1.10725E+01  2.21095E+01  1.67854E-03  2.20725E+01
 2.15600E+02 -5.43900E-11  1.10370E+01  1.10725E+01  2.21095E+01  1.67802E-03  2.20725E+01
 2.16825E+02 -1.06442E-10  1.10370E+01  1.10725E+01  2.21095E+01  1.67719E-03  2.20725E+01
 2.18050E+02 -9.44079E-11  1.10370E+01  1.10725E+01  2.21095E+01  1.67627E-03  2.20725E+01
 2.19275E+02 -1.67530E-10  1.10369E+01  1.10725E+01  2.21095E+01  1.67544E-03  2.20725E+01
 2.20500E+02 -1.60611E-10  1.10369E+01  1.10726E+01  2.21095E+01  1.67485E-03  2.20725E+01
 2.21725E+02 -2.03005E-10  1.10368E+01  1.10727E+01  2.21095E+01  1.67452E-03  2.20725E+01
 2.22950E+02 -2.42314E-10  1.10367E+01  1.10727E+01  2.21095E+01  1.67444E-03  2.20725E+01
 2.24175E+02 -2.63698E-10  1.10367E+01  1.10728E+01  2.21095E+01  1.67457E-03  2.20725E+01
 2.25400E+02 -3.15367E-10  1.10367E+01  1.10728E+01  2.21095E+01  1.67492E-03  2.20725E+01
 2.26625E+02 -2.73956E-10  1.10367E+01  1.10728E+01  2.21095E+01  1.67548E-03  2.20725E+01
 2.27850E+02 -3.40544E-10  1.10367E+01  1.10728E+01  2.21095E+01  1.67628E-03  2.20725E+01
 2.29075E+02 -2.55304E-10  1.10368E+01  1.10728E+01  2.21095E+01  1.67725E-03  2.20725E+01
 2.30300E+02 -2.97895E-10  1.10368E+01  1.10727E+01  2.21095E+01  1.67827E-03  2.20725E+01
 2.31525E+02 -2.69913E-10  1.10369E+01  1.10727E+01  2.21096E+01  1.67919E-03  2.20725E+01
 2.32750E+02 -2.78193E-10  1.10369E+01  1.10727E+01  2.21096E+01  1.67987E-03  2.20725E+01
 2.33975E+02 -3.38466E-10  1.10369E+01  1.10726E+01  2.21096E+01  1.68024E-03  2.20725E+01
 2.35200E+02 -3.02658E-10  1.10369E+01  1.10726E+01  2.21096E+01  1.68033E-03  2.20725E+01
 2.36425E+02 -1.98286E-10  1.10369E+01  1.10727E+01  2.21096E+01  1.68021E-03  2.20725E+01
 2.37650E+02 -2.41583E-10  1.10369E+01  1.10727E+01  2.21096E+01  1.68001E-03  2.20725E+01
 2.38875E+02 -2.29416E-10  1.10369E+01  1.10727E+01  2.21096E+01  1.67981E-03  2.20725E+01
 2.40100E+02 -2.12971E-10  1.10369E+01  1.10727E+01  2.21096E+01  1.67966E-03  2.20725E+01
 2.41325E+02 -2.21478E-10  1.10368E+01  1.10727E+01  2.21096E+01  1.67957E-03  2.20725E+01
 2.42550E+02 -2.28352E-10  1.10368E+01  1.10728E+01  2.21096E+01  1.67949E-03  2.20725E+01
 2.43775E+02 -1.84030E-10  1.10368E+01  1.10728E+01  2.21096E+01  1.67943E-03  2.20725E+01
 2.45000E+02 -1.55829E-10  1.10368E+01  1.10728E+01  2.21096E+01  1.67939E-03  2.20725E+01
 2.46225E+02 -1.98672E-10  1.10368E+01  1.10728E+01  2.21096E+01  1.67945E-03  2.20725E+01
 2.47450E+02 -2.63067E-10  1.10368E+01  1.10728E+01  2.21096E+01  1.67965E-03  2.20725E+01
 2.48675E+02 -2.95559E-10  1.10368E+01  1.10728E+01  2.21096E+01  1.68003E-03  2.20725E+01
 2.49900E+02 -2.92852E-10  1.10368E+01  1.10728E+01  2.21096E+01  1.68053E-03  2.20725E+01
 2.51125E+02 -2.99482E-10  1.10368E+01  1.10728E+01  2.21096E+01  1.68106E-03  2.20725E+01
 2.52350E+02 -3.05473E-10  1.10368E+01  1.10728E+01  2.21096E+01  1.68155E-03  2.20725E+01
 2.53575E+02 -2.70771E-10  1.10368E+01  1.10728E+01  2.21096E+01  1.68193E-03  2.20725E+01
 2.54800E+02 -2.42826E-10  1.10368E+01  1.10728E+01  2.21096E+01  1.68219E-03  2.20725E+01
 2.56025E+02 -2.81977E-10  1.10369E+01  1.10728E+01  2.21096E+01  1.68234E-03  2.20725E+01
 2.57250E+02 -3.06273E-10  1.10369E+01  1.10728E+01  2.21096E+01  1.68244E-03  2.20725E+01
 2.58475E+02 -3.01837E-10  1.10369E+01  1.10727E+01  2.21096E+01  1.68253E-03  2.20725E+01
 2.59700E+02 -2.35610E-10  1.10369E+01  1.10727E+01  2.21096E+01  1.68268E-03  2.20725E+01
 2.60925E+02 -2.70262E-10  1.10370E+01  1.10727E+01  2.21096E+01  1.68291E-03  2.20725E+01
 2.62150E+02 -2.77248E-10  1.10370E+01  1.10727E+01  2.21097E+01  1.68323E-03  2.20725E+01
 2.63375E+02 -3.06764E-10  1.10370E+01  1.10727E+01  2.21097E+01  1.68358E-03  2.20725E+01
 2.64600E+02 -2.21885E-10  1.10369E+01  1.10727E+01  2.21097E+01  1.68392E-03  2.20725E+01
 2.65825E+02 -2.59243E-10  1.10369E+01  1.10728E+01  2.21097E+01  1.68417E-03  2.20725E+01
 2.67050E+02 -3.26415E-10  1.10369E+01  1.10728E+01  2.21097E+01  1.68432E-03  2.20725E+01
 2.68275E+02 -2.37845E-10  1.10368E+01  1.10728E+01  2.21097E+01  1.68436E-03  2.20725E+01
 2.69500E+02 -2.23053E-10  1.10368E+01  1.10729E+01  2.21097E+01  1.68431E-03  2.20725E+01
 2.70725E+02 -2.70677E-10  1.10368E+01  1.10729E+01  2.21097E+01  1.68419E-03  2.20725E+01
 2.71950E+02 -2.80844E-10  1.10368E+01  1.10729E+01  2.21097E+01  1.68407E-03  2.20725E+01
 2.73175E+02 -2.57583E-10  1.10368E+01  1.10729E+01  2.21097E+01  1.68400E-03  2.20725E+01
 2.74400E+02 -3.17945E-10  1.10368E+01  1.10729E+01  2.21097E+01  1.68403E-03  2.20725E+01
 2.75625E+02 -2.80893E-10  1.10368E+01  1.10729E+01  2.21097E+01  1.68422E-03  2.20725E+01
 2.76850E+02 -3.09436E-10  1.10368E+01  1.10728E+01  2.21097E+01  1.68459E-03  2.20725E+01
 2.78075E+02 -3.28430E-10  1.10369E+01  1.10728E+01  2.21097E+01  1.68516E-03  2.20725E+01
 2.79300E+02 -3.71637E-10  1.10369E+01  1.10728E+01  2.21097E+01  1.68592E-03  2.20725E+01
 2.80525E+02 -3.16596E-10  1.10369E+01  1.10728E+01  2.21097E+01  1.68681E-03  2.20725E+01
 2.81750E+02 -2.37398E-10  1.10369E+01  1.10729E+01  2.21098E+01  1.68771E-03  2.20725E+01
 2.82975E+02 -2.41716E-10  1.10369E+01  1.10729E+01  2.21098E+01  1.68845E-03  2.20725E+01
 2.84200E+02 -3.31079E-10  1.10369E+01  1.10729E+01  2.21098E+01  1.68882E-03  2.20725E+01
 2.85425E+02 -3.20518E-10  1.10369E+01  1.10729E+01  2.21098E+01  1.68871E-03  2.20725E+01
 2.86650E+02 -3.50267E-10  1.10369E+01  1.10729E+01  2.21098E+01  1.68815E-03  2.20725E+01
 2.87875E+02 -3.52499E-10  1.10369E+01  1.10729E+01  2.21097E+01  1.68731E-03  2.20725E+01
 2.89100E+02 -3.20881E-10  1.10368E+01  1.10729E+01  2.21097E+01  1.68644E-03  2.20725E+01
 2.90325E+02 -2.69398E-10  1.10368E+01  1.10729E+01  2.21097E+01  1.68583E-03  2.20725E+01
 2.91550E+02 -2.44024E-10  1.10368E+01  1.10729E+01  2.21097E+01  1.68565E-03  2.20725E+01
 2.92775E+02 -3.01416E-10  1.10368E+01  1.10730E+01  2.21097E+01  1.68599E-03  2.20725E+01
 2.94000E+02 -3.39557E-10  1.10367E+01  1.10730E+01  2.21097E+01  1.68681E-03  2.20725E+01
 2.95225E+02 -3.27439E-10  1.10367E+01  1.10730E+01  2.21098E+01  1.68797E-03  2.20725E+01
 2.96450E+02 -3.63942E-10  1.10367E+01  1.10731E+01  2.21098E+01  1.68929E-03  2.20725E+01
 2.97675E+02 -3.64139E-10  1.10367E+01  1.10731E+01  2.21098E+01  1.69060E-03  2.20725E+01
 2.98900E+02 -3.19317E-10  1.10367E+01  1.10731E+01  2.21098E+01  1.69173E-03  2.20725E+01
 3.00125E+02 -3.68054E-10  1.10367E+01  1.10731E+01  2.21099E+01  1.69256E-03  2.20725E+01
 3.01350E+02 -3.82070E-10  1.10368E+01  1.10731E+01  2.21099E+01  1.69298E-03  2.20725E+01
 3.02575E+02 -3.41523E-10  1.10368E+01  1.10731E+01  2.21099E+01  1.69289E-03  2.20725E+01
 3.03800E+02 -3.65806E-10  1.10368E+01  1.10730E+01  2.21099E+01  1.69224E-03  2.20725E+01
 3.05025E+02 -4.28865E-10  1.10368E+01  1.10730E+01  2.21098E+01  1.69111E-03  2.20725E+01
 3.06250E+02 -3.32574E-10  1.10368E+01  1.10729E+01  2.21098E+01  1.68970E-03  2.20725E+01
 3.07475E+02 -3.34541E-10  1.10369E+01  1.10729E+01  2.21098E+01  1.68838E-03  2.20725E+01
 3.08700E+02 -2.58078E-10  1.10369E+01  1.10729E+01  2.21097E+01  1.68751E-03  2.20725E+01
 3.09925E+02 -2.11202E-10  1.10369E+01  1.10729E+01  2.21097E+01  1.68736E-03  2.20725E+01
 3.11150E+02 -2.65088E-10  1.10369E+01  1.10729E+01  2.21098E+01  1.68803E-03  2.20725E+01
 3.12375E+02 -2.51649E-10  1.10369E+01  1.10729E+01  2.21098E+01  1.68940E-03  2.20725E+01
 3.13600E+02 -2.55381E-10  1.10368E+01  1.10730E+01  2.21098E+01  1.69119E-03  2.20725E+01
 3.14825E+02 -2.27470E-10  1.10368E+01  1.10730E+01  2.21099E+01  1.69308E-03  2.20725E+01
 3.16050E+02 -1.60463E-10  1.10368E+01  1.10731E+01  2.21099E+01  1.69478E-03  2.20725E+01
 3.17275E+02 -2.22796E-10  1.10368E+01  1.10732E+01  2.21099E+01  1.69605E-03  2.20725E+01
 3.18500E+02 -2.55295E-10  1.10367E+01  1.10732E+01  2.21100E+01  1.69679E-03  2.20725E+01
 3.19725E+02 -2.36852E-10  1.10367E+01  1.10733E+01  2.21100E+01  1.69696E-03  2.20725E+01
 3.20950E+02 -2.25295E-10  1.10367E+01  1.10733E+01  2.21099E+01  1.69660E-03  2.20725E+01
 3.22175E+02 -2.64312E-10  1.10367E+01  1.10732E+01  2.21099E+01  1.69576E-03  2.20725E+01
 3.23400E+02 -2.74220E-10  1.10367E+01  1.10732E+01  2.21099E+01  1.69455E-03  2.20725E+01
 3.24625E+02 -2.51371E-10  1.10368E+01  1.10731E+01  2.21099E+01  1.69313E-03  2.20725E+01
 3.25850E+02 -1.32537E-10  1.10368E+01  1.10730E+01  2.21098E+01  1.69176E-03  2.20725E+01
 3.27075E+02 -1.41904E-10  1.10369E+01  1.10729E+01  2.21098E+01  1.69078E-03  2.20725E+01
 3.28300E+02 -2.25839E-10  1.10369E+01  1.10729E+01  2.21098E+01  1.69049E-03  2.20725E+01
 3.29525E+02 -2.30681E-10  1.10370E+01  1.10729E+01  2.21098E+01  1.69104E-03  2.20725E+01
 3.30750E+02 -3.17980E-10  1.10370E+01  1.10729E+01  2.21099E+01  1.69236E-03  2.20725E+01
 3.31975E+02 -3.08730E-10  1.10370E+01  1.10729E+01  2.21099E+01  1.69417E-03  2.20725E+01
 3.33200E+02 -3.34395E-10  1.10370E+01  1.10730E+01  2.21099E+01  1.69608E-03  2.20725E+01
 3.34425E+02 -3.32900E-10  1.10369E+01  1.10731E+01  2.21100E+01  1.69770E-03  2.20725E+01
 3.35650E+02 -2.67793E-10  1.10369E+01  1.10731E+01  2.21100E+01  1.69878E-03  2.20725E+01
 3.36875E+02 -3.01104E-10  1.10368E+01  1.10732E+01  2.21100E+01  1.69924E-03  2.20725E+01
 3.38100E+02 -3.08439E-10  1.10368E+01  1.10732E+01  2.21100E+01  1.69912E-03  2.20725E+01
 3.39325E+02 -3.04779E-10  1.10368E+01  1.10732E+01  2.21100E+01  1.69859E-03  2.20725E+01
 3.40550E+02 -3.12808E-10  1.10368E+01  1.10732E+01  2.21100E+01  1.69785E-03  2.20725E+01
 3.41775E+02 -3.68052E-10  1.10368E+01  1.10732E+01  2.21100E+01  1.69704E-03  2.20725E+01
 3.43000E+02 -2.93123E-10  1.10368E+01  1.10731E+01  2.21099E+01  1.69628E-03  2.20725E+01
 3.44225E+02 -3.22835E-10  1.10368E+01  1.10731E+01  2.21099E+01  1.69569E-03  2.20725E+01
 3.45450E+02 -3.43988E-10  1.10368E+01  1.10731E+01  2.21099E+01  1.69542E-03  2.20725E+01
 3.46675E+02 -4.50328E-10  1.10368E+01  1.10731E+01  2.21099E+01  1.69561E-03  2.20725E+01
 3.47900E+02 -5.03286E-10  1.10368E+01  1.10731E+01  2.21099E+01  1.69635E-03  2.20725E+01
 3.49125E+02 -4.99462E-10  1.10369E+01  1.10731E+01  2.21100E+01  1.69758E-03  2.20725E+01
 3.50350E+02 -4.95321E-10  1.10369E+01  1.10731E+01  2.21100E+01  1.69905E-03  2.20725E+01
 3.51575E+02 -5.07925E-10  1.10369E+01  1.10731E+01  2.21100E+01  1.70038E-03  2.20725E+01
 3.52800E+02 -5.13777E-10  1.10369E+01  1.10731E+01  2.21100E+01  1.70119E-03  2.20725E+01
 3.54025E+02 -5.34656E-10  1.10370E+01  1.10731E+01  2.21101E+01  1.70127E-03  2.20725E+01
 3.55250E+02 -5.77134E-10  1.10370E+01  1.10731E+01  2.21100E+01  1.70067E-03  2.20725E+01
 3.56475E+02 -5.55131E-10  1.10370E+01  1.10730E+01  2.21100E+01  1.69968E-03  2.20725E+01
 3.57700E+02 -6.46867E-10  1.10370E+01  1.10730E+01  2.21100E+01  1.69868E-03  2.20725E+01
 3.58925E+02 -6.74276E-10  1.10369E+01  1.10730E+01  2.21100E+01  1.69803E-03  2.20725E+01
 3.60150E+02 -6.58997E-10  1.10369E+01  1.10731E+01  2.21100E+01  1.69796E-03  2.20725E+01
 3.61375E+02 -6.79892E-10  1.10368E+01  1.10732E+01  2.21100E+01  1.69847E-03  2.20725E+01
 3.62600E+02 -6.82975E-10  1.10368E+01  1.10732E+01  2.21100E+01  1.69945E-03  2.20725E+01
 3.63825E+02 -6.65431E-10  1.10367E+01  1.10733E+01  2.21100E+01  1.70067E-03  2.20725E+01
 3.65050E+02 -6.75634E-10  1.10367E+01  1.10734E+01  2.21101E+01  1.70194E-03  2.20725E+01
 3.66275E+02 -6.80044E-10  1.10367E+01  1.10734E+01  2.21101E+01  1.70311E-03  2.20725E+01
 3.67500E+02 -6.11187E-10  1.10367E+01  1.10734E+01  2.21101E+01  1.70405E-03  2.20725E+01
 3.68725E+02 -5.54972E-10  1.10368E+01  1.10733E+01  2.21101E+01  1.70464E-03  2.20725E+01
 3.69950E+02 -4.90613E-10  1.10368E+01  1.10733E+01  2.21101E+01  1.70478E-03  2.20725E+01
 3.71175E+02 -5.08098E-10  1.10369E+01  1.10732E+01  2.21101E+01  1.70438E-03  2.20725E+01
 3.72400E+02 -5.21637E-10  1.10370E+01  1.10731E+01  2.21101E+01  1.70345E-03  2.20725E+01
 3.73625E+02 -5.68969E-10  1.10370E+01  1.10731E+01  2.21101E+01  1.70217E-03  2.20725E+01
 3.74850E+02 -5.39800E-10  1.10370E+01  1.10730E+01  2.21100E+01  1.70085E-03  2.20725E+01
 3.76075E+02 -5.75374E-10  1.10370E+01  1.10730E+01  2.21100E+01  1.69987E-03  2.20725E+01
 3.77300E+02 -5.76449E-10  1.10370E+01  1.10730E+01  2.21100E+01  1.69951E-03  2.20725E+01
 3.78525E+02 -5.58590E-10  1.10369E+01  1.10731E+01  2.21100E+01  1.69989E-03  2.20725E+01
 3.79750E+02 -5.39831E-10  1.10369E+01  1.10732E+01  2.21100E+01  1.70092E-03  2.20725E+01
 3.80975E+02 -5.55781E-10  1.10368E+01  1.10732E+01  2.21101E+01  1.70239E-03  2.20725E+01
 3.82200E+02 -6.23330E-10  1.10368E+01  1.10733E+01  2.21101E+01  1.70405E-03  2.20725E+01
 3.83425E+02 -6.18854E-10  1.10368E+01  1.10734E+01  2.21101E+01  1.70566E-03  2.20725E+01
 3.84650E+02 -6.60836E-10  1.10367E+01  1.10734E+01  2.21102E+01  1.70707E-03  2.20725E+01
 3.85875E+02 -6.74338E-10  1.10367E+01  1.10735E+01  2.21102E+01  1.70813E-03  2.20725E+01
 3.87100E+02 -6.91620E-10  1.10367E+01  1.10735E+01  2.21102E+01  1.70878E-03  2.20725E+01
 3.88325E+02 -6.05494E-10  1.10368E+01  1.10735E+01  2.21102E+01  1.70892E-03  2.20725E+01
 3.89550E+02 -6.43969E-10  1.10368E+01  1.10734E+01  2.21102E+01  1.70856E-03  2.20725E+01
 3.90775E+02 -5.62944E-10  1.10368E+01  1.10733E+01  2.21102E+01  1.70773E-03  2.20725E+01
 3.92000E+02 -5.29842E-10  1.10369E+01  1.10733E+01  2.21102E+01  1.70656E-03  2.20725E+01
 3.93225E+02 -4.54151E-10  1.10369E+01  1.10732E+01  2.21101E+01  1.70525E-03  2.20725E+01
 3.94450E+02 -4.64566E-10  1.10370E+01  1.10731E+01  2.21101E+01  1.70403E-03  2.20725E+01
 3.95675E+02 -4.44428E-10  1.10370E+01  1.10731E+01  2.21101E+01  1.70313E-03  2.20725E+01
 3.96900E+02 -3.98558E-10  1.10370E+01  1.10731E+01  2.21101E+01  1.70270E-03  2.20725E+01
 3.98125E+02 -3.49391E-10  1.10370E+01  1.10731E+01  2.21101E+01  1.70281E-03  2.20725E+01
 3.99350E+02 -3.62698E-10  1.10370E+01  1.10731E+01  2.21101E+01  1.70346E-03  2.20725E+01
 4.00575E+02 -3.29790E-10  1.10369E+01  1.10732E+01  2.21101E+01  1.70456E-03  2.20725E+01
 4.01800E+02 -3.93010E-10  1.10369E+01  1.10733E+01  2.21102E+01  1.70601E-03  2.20725E+01
 4.03025E+02 -3.93201E-10  1.10368E+01  1.10734E+01  2.21102E+01  1.70769E-03  2.20725E+01
 4.04250E+02 -2.86129E-10  1.10367E+01  1.10735E+01  2.21102E+01  1.70944E-03  2.20725E+01
 4.05475E+02 -2.87874E-10  1.10367E+01  1.10736E+01  2.21103E+01  1.71108E-03  2.20725E+01
 4.06700E+02 -3.58317E-10  1.10367E+01  1.10736E+01  2.21103E+01  1.71239E-03  2.20725E+01
 4.07925E+02 -3.90332E-10  1.10368E+01  1.10736E+01  2.21103E+01  1.71318E-03  2.20725E+01
 4.09150E+02 -3.79394E-10  1.10368E+01  1.10735E+01  2.21103E+01  1.71330E-03  2.20725E+01
 4.10375E+02 -4.57992E-10  1.10369E+01  1.10734E+01  2.21103E+01  1.71272E-03  2.20725E+01
 4.11600E+02 -4.71787E-10  1.10370E+01  1.10733E+01  2.21103E+01  1.71151E-03  2.20725E+01
 4.12825E+02 -4.39832E-10  1.10370E+01  1.10732E+01  2.21102E+01  1.70989E-03  2.20725E+01
 4.14050E+02 -5.01445E-10  1.10370E+01  1.10732E+01  2.21102E+01  1.70812E-03  2.20725E+01
 4.15275E+02 -4.86298E-10  1.10370E+01  1.10731E+01  2.21102E+01  1.70654E-03  2.20725E+01
 4.16500E+02 -5.43471E-10  1.10370E+01  1.10731E+01  2.21101E+01  1.70543E-03  2.20725E+01
 4.17725E+02 -5.45216E-10  1.10370E+01  1.10732E+01  2.21101E+01  1.70502E-03  2.20725E+01
 4.18950E+02 -4.85494E-10  1.10369E+01  1.10733E+01  2.21101E+01  1.70541E-03  2.20725E+01
 4.20175E+02 -4.55089E-10  1.10368E+01  1.10733E+01  2.21102E+01  1.70657E-03  2.20725E+01
 4.21400E+02 -5.00765E-10  1.10368E+01  1.10734E+01  2.21102E+01  1.70833E-03  2.20725E+01
 4.22625E+02 -5.53833E-10  1.10367E+01  1.10735E+01  2.21103E+01  1.71045E-03  2.20725E+01
 4.23850E+02 -5.24398E-10  1.10368E+01  1.10735E+01  2.21103E+01  1.71264E-03  2.20725E+01
 4.25075E+02 -4.68400E-10  1.10368E+01  1.10735E+01  2.21103E+01  1.71461E-03  2.20725E+01
 4.26300E+02 -5.36279E-10  1.10369E+01  1.10735E+01  2.21104E+01  1.71607E-03  2.20725E+01
 4.27525E+02 -5.16871E-10  1.10370E+01  1.10734E+01  2.21104E+01  1.71681E-03  2.20725E+01
 4.28750E+02 -4.53708E-10  1.10370E+01  1.10734E+01  2.21104E+01  1.71672E-03  2.20725E+01
 4.29975E+02 -4.68604E-10  1.10371E+01  1.10733E+01  2.21104E+01  1.71584E-03  2.20725E+01
 4.31200E+02 -4.47143E-10  1.10371E+01  1.10732E+01  2.21103E+01  1.71433E-03  2.20725E+01
 4.32425E+02 -4.33537E-10  1.10371E+01  1.10732E+01  2.21103E+01  1.71252E-03  2.20725E+01
 4.33650E+02 -4.50029E-10  1.10371E+01  1.10732E+01  2.21103E+01  1.71076E-03  2.20725E+01
 4.34875E+02 -4.10149E-10  1.10370E+01  1.10732E+01  2.21102E+01  1.70942E-03  2.20725E+01
 4.36100E+02 -3.89138E-10  1.10370E+01  1.10732E+01  2.21102E+01  1.70875E-03  2.20725E+01
 4.37325E+02 -4.03476E-10  1.10369E+01  1.10733E+01  2.21102E+01  1.70885E-03  2.20725E+01
 4.38550E+02 -3.89265E-10  1.10369E+01  1.10734E+01  2.21102E+01  1.70968E-03  2.20725E+01
 4.39775E+02 -3.63554E-10  1.10368E+01  1.10734E+01  2.21103E+01  1.71106E-03  2.20725E+01
 4.41000E+02 -3.47187E-10  1.10368E+01  1.10735E+01  2.21103E+01  1.71279E-03  2.20725E+01
 4.42225E+02 -3.45454E-10  1.10369E+01  1.10735E+01  2.21103E+01  1.71466E-03  2.20725E+01
 4.43450E+02 -3.41954E-10  1.10369E+01  1.10735E+01  2.21104E+01  1.71644E-03  2.20725E+01
 4.44675E+02 -3.47530E-10  1.10370E+01  1.10734E+01  2.21104E+01  1.71793E-03  2.20725E+01
 4.45900E+02 -3.66663E-10  1.10370E+01  1.10734E+01  2.21104E+01  1.71891E-03  2.20725E+01
 4.47125E+02 -3.65258E-10  1.10371E+01  1.10734E+01  2.21104E+01  1.71922E-03  2.20725E+01
 4.48350E+02 -4.44698E-10  1.10371E+01  1.10733E+01  2.21104E+01  1.71877E-03  2.20725E+01
 4.49575E+02 -4.42577E-10  1.10372E+01  1.10733E+01  2.21104E+01  1.71765E-03  2.20725E+01
 4.50800E+02 -5.01886E-10  1.10372E+01  1.10732E+01  2.21104E+01  1.71610E-03  2.20725E+01
 4.52025E+02 -5.02291E-10  1.10372E+01  1.10732E+01  2.21103E+01  1.71447E-03  2.20725E+01
 4.53250E+02 -4.65141E-10  1.10372E+01  1.10731E+01  2.21103E+01  1.71313E-03  2.20725E+01
 4.54475E+02 -4.92573E-10  1.10371E+01  1.10732E+01  2.21103E+01  1.71236E-03  2.20725E+01
 4.55700E+02 -4.15765E-10  1.10371E+01  1.10732E+01  2.21103E+01  1.71230E-03  2.20725E+01
 4.56925E+02 -3.60478E-10  1.10371E+01  1.10732E+01  2.21103E+01  1.71290E-03  2.20725E+01
 4.58150E+02 -3.93283E-10  1.10370E+01  1.10733E+01  2.21103E+01  1.71401E-03  2.20725E+01
 4.59375E+02 -4.65343E-10  1.10370E+01  1.10733E+01  2.21104E+01  1.71544E-03  2.20725E+01
 4.60600E+02 -4.54267E-10  1.10370E+01  1.10734E+01  2.21104E+01  1.71705E-03  2.20725E+01
 4.61825E+02 -4.24040E-10  1.10370E+01  1.10734E+01  2.21104E+01  1.71870E-03  2.20725E+01
 4.63050E+02 -3.99927E-10  1.10371E+01  1.10734E+01  2.21105E+01  1.72026E-03  2.20725E+01
 4.64275E+02 -4.54059E-10  1.10371E+01  1.10734E+01  2.21105E+01  1.72152E-03  2.20725E+01
 4.65500E+02 -4.76859E-10  1.10371E+01  1.10734E+01  2.21105E+01  1.72224E-03  2.20725E+01
 4.66725E+02 -4.11525E-10  1.10371E+01  1.10734E+01  2.21105E+01  1.72220E-03  2.20725E+01
 4.67950E+02 -4.00050E-10  1.10372E+01  1.10733E+01  2.21105E+01  1.72134E-03  2.20725E+01
 4.69175E+02 -3.53915E-10  1.10372E+01  1.10733E+01  2.21105E+01  1.71983E-03  2.20725E+01
 4.70400E+02 -2.95703E-10  1.10372E+01  1.10732E+01  2.21104E+01  1.71804E-03  2.20725E+01
 4.71625E+02 -2.90027E-10  1.10372E+01  1.10731E+01  2.21104E+01  1.71645E-03  2.20725E+01
 4.72850E+02 -2.40284E-10  1.10372E+01  1.10731E+01  2.21104E+01  1.71548E-03  2.20725E+01
 4.74075E+02 -2.68001E-10  1.10372E+01  1.10731E+01  2.21104E+01  1.71534E-03  2.20725E+01
 4.75300E+02 -2.63284E-10  1.10372E+01  1.10732E+01  2.21104E+01  1.71600E-03  2.20725E+01
 4.76525E+02 -1.78120E-10  1.10372E+01  1.10732E+01  2.21104E+01  1.71725E-03  2.20725E+01
 4.77750E+02 -1.58415E-10  1.10371E+01  1.10733E+01  2.21104E+01  1.71879E-03  2.20725E+01
 4.78975E+02 -1.42095E-10  1.10371E+01  1.10733E+01  2.21105E+01  1.72035E-03  2.20725E+01
 4.80200E+02 -9.73675E-11  1.10371E+01  1.10734E+01  2.21105E+01  1.72177E-03  2.20725E+01
 4.81425E+02 -1.05951E-11  1.10372E+01  1.10734E+01  2.21105E+01  1.72298E-03  2.20725E+01
 4.82650E+02 -1.28468E-10  1.10372E+01  1.10734E+01  2.21106E+01  1.72390E-03  2.20725E+01
 4.83875E+02 -1.37073E-10  1.10372E+01  1.10734E+01  2.21106E+01  1.72445E-03  2.20725E+01
 4.85100E+02 -9.86354E-11  1.10372E+01  1.10734E+01  2.21106E+01  1.72448E-03  2.20725E+01
 4.86325E+02 -1.34746E-10  1.10372E+01  1.10734E+01  2.21106E+01  1.72390E-03  2.20725E+01
 4.87550E+02 -2.48789E-10  1.10372E+01  1.10733E+01  2.21105E+01  1.72278E-03  2.20725E+01
 4.88775E+02 -2.56076E-10  1.10372E+01  1.10733E+01  2.21105E+01  1.72137E-03  2.20725E+01
 4.90000E+02 -2.86897E-10  1.10372E+01  1.10733E+01  2.21105E+01  1.72010E-03  2.20725E+01
 4.91225E+02 -2.05844E-10  1.10372E+01  1.10733E+01  2.21105E+01  1.71941E-03  2.20725E+01
 4.92450E+02 -2.37085E-10  1.10372E+01  1.10733E+01  2.21105E+01  1.71958E-03  2.20725E+01
 4.93675E+02 -2.19563E-10  1.10371E+01  1.10734E+01  2.21105E+01  1.72059E-03  2.20725E+01
 4.94900E+02 -2.22818E-10  1.10371E+01  1.10734E+01  2.21105E+01  1.72218E-03  2.20725E+01
 4.96125E+02 -2.06570E-10  1.10371E+01  1.10735E+01  2.21106E+01  1.72389E-03  2.20725E+01
 4.97350E+02 -2.37395E-10  1.10371E+01  1.10735E+01  2.21106E+01  1.72530E-03  2.20725E+01
 4.98575E+02 -2.68857E-10  1.10371E+01  1.10735E+01  2.21106E+01  1.72614E-03  2.20725E+01
 4.99800E+02 -2.44862E-10  1.10372E+01  1.10734E+01  2.21106E+01  1.72636E-03  2.20725E+01
 5.01025E+02 -1.12541E-10  1.10372E+01  1.10734E+01  2.21106E+01  1.72608E-03  2.20725E+01
 5.02250E+02 -8.12480E-11  1.10373E+01  1.10733E+01  2.21106E+01  1.72548E-03  2.20725E+01
 5.03475E+02 -1.03297E-10  1.10373E+01  1.10733E+01  2.21106E+01  1.72475E-03  2.20725E+01
 5.04700E+02 -1.13626E-10  1.10373E+01  1.10733E+01  2.21106E+01  1.72403E-03  2.20725E+01
 5.05925E+02 -1.91382E-10  1.10372E+01  1.10733E+01  2.21105E+01  1.72344E-03  2.20725E+01
 5.07150E+02 -2.02662E-10  1.10372E+01  1.10733E+01  2.21105E+01  1.72313E-03  2.20725E+01
 5.08375E+02 -2.74223E-10  1.10371E+01  1.10734E+01  2.21105E+01  1.72323E-03  2.20725E+01
 5.09600E+02 -2.57413E-10  1.10371E+01  1.10735E+01  2.21106E+01  1.72390E-03  2.20725E+01
 5.10825E+02 -2.26598E-10  1.10370E+01  1.10735E+01  2.21106E+01  1.72513E-03  2.20725E+01
 5.12050E+02 -1.75493E-10  1.10370E+01  1.10736E+01  2.21106E+01  1.72680E-03  2.20725E+01
 5.13275E+02 -2.16464E-10  1.10370E+01  1.10737E+01  2.21107E+01  1.72858E-03  2.20725E+01
 5.14500E+02 -1.95336E-10  1.10370E+01  1.10737E+01  2.21107E+01  1.73005E-03  2.20725E+01
 5.15725E+02 -1.90554E-10  1.10370E+01  1.10737E+01  2.21107E+01  1.73082E-03  2.20725E+01
 5.16950E+02 -2.29367E-10  1.10371E+01  1.10736E+01  2.21107E+01  1.73072E-03  2.20725E+01
 5.18175E+02 -1.83404E-10  1.10372E+01  1.10735E+01  2.21107E+01  1.72979E-03  2.20725E+01
 5.19400E+02 -1.73066E-10  1.10372E+01  1.10734E+01  2.21106E+01  1.72833E-03  2.20725E+01
 5.20625E+02 -1.94494E-10  1.10372E+01  1.10734E+01  2.21106E+01  1.72670E-03  2.20725E+01
 5.21850E+02 -2.47786E-10  1.10372E+01  1.10733E+01  2.21106E+01  1.72525E-03  2.20725E+01
 5.23075E+02 -2.59750E-10  1.10372E+01  1.10733E+01  2.21106E+01  1.72425E-03  2.20725E+01
 5.24300E+02 -2.32870E-10  1.10372E+01  1.10733E+01  2.21105E+01  1.72386E-03  2.20725E+01
 5.25525E+02 -2.14638E-10  1.10372E+01  1.10734E+01  2.21106E+01  1.72419E-03  2.20725E+01
 5.26750E+02 -1.22799E-10  1.10372E+01  1.10734E+01  2.21106E+01  1.72527E-03  2.20725E+01
 5.27975E+02 -1.33128E-10  1.10371E+01  1.10735E+01  2.21106E+01  1.72703E-03  2.20725E+01
 5.29200E+02 -8.79563E-11  1.10371E+01  1.10736E+01  2.21107E+01  1.72926E-03  2.20725E+01
 5.30425E+02 -5.16294E-11  1.10371E+01  1.10736E+01  2.21107E+01  1.73162E-03  2.20725E+01
 5.31650E+02 -8.14831E-11  1.10371E+01  1.10737E+01  2.21108E+01  1.73368E-03  2.20725E+01
 5.32875E+02 -5.96834E-11  1.10370E+01  1.10737E+01  2.21108E+01  1.73505E-03  2.20725E+01
 5.34100E+02 -2.79186E-11  1.10370E+01  1.10738E+01  2.21108E+01  1.73548E-03  2.20725E+01
 5.35325E+02 -3.43830E-11  1.10371E+01  1.10737E+01  2.21108E+01  1.73495E-03  2.20725E+01
 5.36550E+02 -3.78962E-11  1.10371E+01  1.10737E+01  2.21108E+01  1.73364E-03  2.20725E+01
 5.37775E+02 -1.57992E-11  1.10371E+01  1.10736E+01  2.21107E+01  1.73188E-03  2.20725E+01
 5.39000E+02 -2.67211E-11  1.10371E+01  1.10736E+01  2.21107E+01  1.73003E-03  2.20725E+01
 5.40225E+02 -8.39975E-11  1.10371E+01  1.10735E+01  2.21106E+01  1.72839E-03  2.20725E+01
 5.41450E+02 -7.36433E-11  1.10372E+01  1.10734E+01  2.21106E+01  1.72718E-03  2.20725E+01
 5.42675E+02 -1.30103E-10  1.10372E+01  1.10734E+01  2.21106E+01  1.72651E-03  2.20725E+01
 5.43900E+02 -1.16690E-10  1.10373E+01  1.10733E+01  2.21106E+01  1.72647E-03  2.20725E+01
 5.45125E+02 -1.18081E-10  1.10373E+01  1.10733E+01  2.21106E+01  1.72712E-03  2.20725E+01
 5.46350E+02 -1.58719E-10  1.10373E+01  1.10734E+01  2.21107E+01  1.72850E-03  2.20725E+01
 5.47575E+02 -9.09957E-11  1.10373E+01  1.10734E+01  2.21107E+01  1.73053E-03  2.20725E+01
 5.48800E+02 -4.66281E-11  1.10372E+01  1.10735E+01  2.21108E+01  1.73294E-03  2.20725E+01
 5.50025E+02 -1.06870E-10  1.10372E+01  1.10736E+01  2.21108E+01  1.73536E-03  2.20725E+01
 5.51250E+02 -1.73782E-10  1.10371E+01  1.10737E+01  2.21108E+01  1.73735E-03  2.20725E+01
 5.52475E+02 -1.12175E-10  1.10371E+01  1.10738E+01  2.21109E+01  1.73855E-03  2.20725E+01
 5.53700E+02 -1.54362E-10  1.10371E+01  1.10738E+01  2.21109E+01  1.73880E-03  2.20725E+01
 5.54925E+02 -1.44106E-10  1.10371E+01  1.10738E+01  2.21109E+01  1.73815E-03  2.20725E+01
 5.56150E+02 -1.54025E-10  1.10371E+01  1.10737E+01  2.21108E+01  1.73681E-03  2.20725E+01
 5.57375E+02 -1.90678E-10  1.10371E+01  1.10737E+01  2.21108E+01  1.73507E-03  2.20725E+01
 5.58600E+02 -1.49990E-10  1.10372E+01  1.10736E+01  2.21108E+01  1.73325E-03  2.20725E+01
 5.59825E+02 -1.98166E-10  1.10373E+01  1.10735E+01  2.21107E+01  1.73163E-03  2.20725E+01
 5.61050E+02 -2.14599E-10  1.10373E+01  1.10734E+01  2.21107E+01  1.73041E-03  2.20725E+01
 5.62275E+02 -1.72700E-10  1.10374E+01  1.10733E+01  2.21107E+01  1.72980E-03  2.20725E+01
 5.63500E+02 -1.69156E-10  1.10374E+01  1.10733E+01  2.21107E+01  1.72990E-03  2.20725E+01
 5.64725E+02 -1.97286E-10  1.10374E+01  1.10733E+01  2.21107E+01  1.73077E-03  2.20725E+01
 5.65950E+02 -1.50122E-10  1.10373E+01  1.10734E+01  2.21107E+01  1.73233E-03  2.20725E+01
 5.67175E+02 -1.38712E-10  1.10373E+01  1.10735E+01  2.21108E+01  1.73439E-03  2.20725E+01
 5.68400E+02 -1.07559E-10  1.10372E+01  1.10736E+01  2.21108E+01  1.73667E-03  2.20725E+01
 5.69625E+02 -3.68128E-11  1.10372E+01  1.10737E+01  2.21109E+01  1.73877E-03  2.20725E+01
 5.70850E+02 -8.27910E-11  1.10371E+01  1.10738E+01  2.21109E+01  1.74035E-03  2.20725E+01
 5.72075E+02 -1.96979E-11  1.10371E+01  1.10738E+01  2.21109E+01  1.74113E-03  2.20725E+01
 5.73300E+02 -4.80416E-11  1.10372E+01  1.10737E+01  2.21109E+01  1.74102E-03  2.20725E+01
 5.74525E+02 -7.75376E-11  1.10372E+01  1.10737E+01  2.21109E+01  1.74013E-03  2.20725E+01
 5.75750E+02 -1.12201E-10  1.10373E+01  1.10736E+01  2.21109E+01  1.73871E-03  2.20725E+01
 5.76975E+02 -9.21422E-11  1.10374E+01  1.10735E+01  2.21108E+01  1.73712E-03  2.20725E+01
 5.78200E+02 -1.39879E-10  1.10374E+01  1.10734E+01  2.21108E+01  1.73570E-03  2.20725E+01
 5.79425E+02 -1.37984E-10  1.10374E+01  1.10734E+01  2.21108E+01  1.73473E-03  2.20725E+01
 5.80650E+02 -1.15658E-10  1.10374E+01  1.10734E+01  2.21108E+01  1.73433E-03  2.20725E+01
 5.81875E+02 -9.91904E-11  1.10374E+01  1.10734E+01  2.21108E+01  1.73452E-03  2.20725E+01
 5.83100E+02 -1.16988E-10  1.10374E+01  1.10734E+01  2.21108E+01  1.73518E-03  2.20725E+01
 5.84325E+02 -4.64596E-11  1.10374E+01  1.10735E+01  2.21108E+01  1.73618E-03  2.20725E+01
 5.85550E+02 -2.49583E-11  1.10373E+01  1.10735E+01  2.21108E+01  1.73739E-03  2.20725E+01
 5.86775E+02 -1.06255E-10  1.10373E+01  1.10736E+01  2.21109E+01  1.73866E-03  2.20725E+01
 5.88000E+02 -1.44935E-10  1.10373E+01  1.10737E+01  2.21109E+01  1.73990E-03  2.20725E+01
 5.89225E+02 -1.06527E-10  1.10372E+01  1.10737E+01  2.21109E+01  1.74097E-03  2.20725E+01
 5.90450E+02 -6.12142E-11  1.10373E+01  1.10737E+01  2.21109E+01  1.74175E-03  2.20725E+01
 5.91675E+02 -5.53546E-11  1.10373E+01  1.10737E+01  2.21110E+01  1.74211E-03  2.20725E+01
 5.92900E+02 -1.31987E-10  1.10373E+01  1.10736E+01  2.21110E+01  1.74200E-03  2.20725E+01
 5.94125E+02 -1.24179E-10  1.10374E+01  1.10735E+01  2.21109E+01  1.74149E-03  2.20725E+01
 5.95350E+02 -1.57319E-10  1.10374E+01  1.10735E+01  2.21109E+01  1.74076E-03  2.20725E+01
 5.96575E+02 -2.15332E-10  1.10375E+01  1.10734E+01  2.21109E+01  1.74001E-03  2.20725E+01
 5.97800E+02 -2.56363E-10  1.10375E+01  1.10734E+01  2.21109E+01  1.73948E-03  2.20725E+01
 5.99025E+02 -2.52682E-10  1.10375E+01  1.10734E+01  2.21109E+01  1.73925E-03  2.20725E+01
 6.00250E+02 -3.57818E-10  1.10375E+01  1.10734E+01  2.21109E+01  1.73933E-03  2.20725E+01
 6.01475E+02 -4.11283E-10  1.10375E+01  1.10734E+01  2.21109E+01  1.73963E-03  2.20725E+01
 6.02700E+02 -3.32628E-10  1.10374E+01  1.10735E+01  2.21109E+01  1.74004E-03  2.20725E+01
 6.03925E+02 -2.90871E-10  1.10374E+01  1.10735E+01  2.21109E+01  1.74049E-03  2.20725E+01
 6.05150E+02 -3.15719E-10  1.10373E+01  1.10736E+01  2.21109E+01  1.74097E-03  2.20725E+01
 6.06375E+02 -3.54281E-10  1.10373E+01  1.10737E+01  2.21109E+01  1.74152E-03  2.20725E+01
 6.07600E+02 -3.34044E-10  1.10373E+01  1.10737E+01  2.21110E+01  1.74215E-03  2.20725E+01
 6.08825E+02 -2.89815E-10  1.10373E+01  1.10737E+01  2.21110E+01  1.74283E-03  2.20725E+01
 6.10050E+02 -3.11803E-10  1.10374E+01  1.10736E+01  2.21110E+01  1.74347E-03  2.20725E+01
 6.11275E+02 -3.08098E-10  1.10374E+01  1.10736E+01  2.21110E+01  1.74393E-03  2.20725E+01
 6.12500E+02 -2.41028E-10  1.10375E+01  1.10735E+01  2.21110E+01  1.74412E-03  2.20725E+01
 6.13725E+02 -2.39056E-10  1.10375E+01  1.10735E+01  2.21110E+01  1.74404E-03  2.20725E+01
 6.14950E+02 -2.29642E-10  1.10376E+01  1.10734E+01  2.21110E+01  1.74380E-03  2.20725E+01
 6.16175E+02 -2.14671E-10  1.10376E+01  1.10734E+01  2.21110E+01  1.74355E-03  2.20725E+01
 6.17400E+02 -1.93546E-10  1.10375E+01  1.10734E+01  2.21110E+01  1.74345E-03  2.20725E+01
 6.18625E+02 -2.58563E-10  1.10375E+01  1.10735E+01  2.21110E+01  1.74356E-03  2.20725E+01
 6.19850E+02 -2.45162E-10  1.10375E+01  1.10735E+01  2.21110E+01  1.74386E-03  2.20725E+01
 6.21075E+02 -3.03461E-10  1.10374E+01  1.10736E+01  2.21110E+01  1.74422E-03  2.20725E+01
 6.22300E+02 -2.96974E-10  1.10374E+01  1.10736E+01  2.21110E+01  1.74450E-03  2.20725E+01
 6.23525E+02 -3.49039E-10  1.10374E+01  1.10736E+01  2.21110E+01  1.74462E-03  2.20725E+01
 6.24750E+02 -2.94672E-10  1.10374E+01  1.10736E+01  2.21110E+01  1.74461E-03  2.20725E+01
 6.25975E+02 -2.67076E-10  1.10374E+01  1.10736E+01  2.21110E+01  1.74458E-03  2.20725E+01
 6.27200E+02 -2.48771E-10  1.10375E+01  1.10736E+01  2.21110E+01  1.74466E-03  2.20725E+01
 6.28425E+02 -2.84852E-10  1.10375E+01  1.10735E+01  2.21110E+01  1.74495E-03  2.20725E+01
 6.29650E+02 -2.05074E-10  1.10375E+01  1.10735E+01  2.21110E+01  1.74541E-03  2.20725E+01
 6.30875E+02 -1.59560E-10  1.10375E+01  1.10735E+01  2.21110E+01  1.74595E-03  2.20725E+01
 6.32100E+02 -1.77681E-10  1.10375E+01  1.10735E+01  2.21110E+01  1.74641E-03  2.20725E+01
 6.33325E+02 -1.94899E-10  1.10375E+01  1.10736E+01  2.21111E+01  1.74672E-03  2.20725E+01
 6.34550E+02 -3.33437E-10  1.10375E+01  1.10736E+01  2.21111E+01  1.74686E-03  2.20725E+01
 6.35775E+02 -3.28792E-10  1.10375E+01  1.10736E+01  2.21111E+01  1.74693E-03  2.20725E+01
 6.37000E+02 -3.48307E-10  1.10374E+01  1.10736E+01  2.21111E+01  1.74705E-03  2.20725E+01
 6.38225E+02 -4.05490E-10  1.10374E+01  1.10736E+01  2.21111E+01  1.74731E-03  2.20725E+01
 6.39450E+02 -3.02483E-10  1.10374E+01  1.10736E+01  2.21111E+01  1.74772E-03  2.20725E+01
 6.40675E+02 -4.10768E-10  1.10375E+01  1.10736E+01  2.21111E+01  1.74822E-03  2.20725E+01
 6.41900E+02 -4.07707E-10  1.10375E+01  1.10736E+01  2.21111E+01  1.74866E-03  2.20725E+01
 6.43125E+02 -3.98795E-10  1.10375E+01  1.10736E+01  2.21111E+01  1.74893E-03  2.20725E+01
 6.44350E+02 -4.21859E-10  1.10375E+01  1.10736E+01  2.21111E+01  1.74898E-03  2.20725E+01
 6.45575E+02 -3.11877E-10  1.10375E+01  1.10736E+01  2.21111E+01  1.74885E-03  2.20725E+01
 6.46800E+02 -2.81673E-10  1.10375E+01  1.10736E+01  2.21111E+01  1.74866E-03  2.20725E+01
 6.48025E+02 -3.22282E-10  1.10375E+01  1.10736E+01  2.21111E+01  1.74852E-03  2.20725E+01
 6.49250E+02 -2.41208E-10  1.10375E+01  1.10736E+01  2.21111E+01  1.74850E-03  2.20725E+01
 6.50475E+02 -2.43510E-10  1.10374E+01  1.10737E+01  2.21111E+01  1.74857E-03  2.20725E+01
 6.51700E+02 -2.02580E-10  1.10374E+01  1.10737E+01  2.21111E+01  1.74866E-03  2.20725E+01
 6.52925E+02 -1.93534E-10  1.10374E+01  1.10737E+01  2.21111E+01  1.74873E-03  2.20725E+01
 6.54150E+02 -1.90234E-10  1.10374E+01  1.10737E+01  2.21111E+01  1.74882E-03  2.20725E+01
 6.55375E+02 -2.03393E-10  1.10374E+01  1.10737E+01  2.21111E+01  1.74901E-03  2.20725E+01
 6.56600E+02 -1.71434E-10  1.10374E+01  1.10737E+01  2.21111E+01  1.74943E-03  2.20725E+01
 6.57825E+02 -1.84727E-10  1.10374E+01  1.10738E+01  2.21111E+01  1.75014E-03  2.20725E+01
 6.59050E+02 -2.68403E-10  1.10374E+01  1.10737E+01  2.21112E+01  1.75114E-03  2.20725E+01
 6.60275E+02 -2.99397E-10  1.10375E+01  1.10737E+01  2.21112E+01  1.75231E-03  2.20725E+01
 6.61500E+02 -2.80530E-10  1.10375E+01  1.10737E+01  2.21112E+01  1.75343E-03  2.20725E+01
 6.62725E+02 -3.24752E-10  1.10375E+01  1.10737E+01  2.21112E+01  1.75425E-03  2.20725E+01
 6.63950E+02 -3.35479E-10  1.10376E+01  1.10737E+01  2.21112E+01  1.75456E-03  2.20725E+01
 6.65175E+02 -3.65642E-10  1.10376E+01  1.10736E+01  2.21112E+01  1.75429E-03  2.20725E+01
 6.66400E+02 -3.70741E-10  1.10376E+01  1.10736E+01  2.21112E+01  1.75351E-03  2.20725E+01
 6.67625E+02 -4.16771E-10  1.10375E+01  1.10736E+01  2.21112E+01  1.75244E-03  2.20725E+01
 6.68850E+02 -4.43573E-10  1.10375E+01  1.10736E+01  2.21112E+01  1.75135E-03  2.20725E+01
 6.70075E+02 -4.47039E-10  1.10375E+01  1.10737E+01  2.21111E+01  1.75046E-03  2.20725E+01
 6.71300E+02 -4.12095E-10  1.10374E+01  1.10737E+01  2.21111E+01  1.74993E-03  2.20725E+01
 6.72525E+02 -5.18155E-10  1.10374E+01  1.10737E+01  2.21111E+01  1.74985E-03  2.20725E+01
 6.73750E+02 -5.51411E-10  1.10374E+01  1.10738E+01  2.21111E+01  1.75024E-03  2.20725E+01
 6.74975E+02 -5.43021E-10  1.10374E+01  1.10738E+01  2.21112E+01  1.75106E-03  2.20725E+01
 6.76200E+02 -5.39775E-10  1.10374E+01  1.10738E+01  2.21112E+01  1.75226E-03  2.20725E+01
 6.77425E+02 -5.13445E-10  1.10374E+01  1.10738E+01  2.21112E+01  1.75371E-03  2.20725E+01
 6.78650E+02 -5.06183E-10  1.10375E+01  1.10737E+01  2.21112E+01  1.75525E-03  2.20725E+01
 6.79875E+02 -5.19274E-10  1.10376E+01  1.10737E+01  2.21113E+01  1.75668E-03  2.20725E+01
 6.81100E+02 -5.64985E-10  1.10376E+01  1.10737E+01  2.21113E+01  1.75780E-03  2.20725E+01
 6.82325E+02 -5.59044E-10  1.10377E+01  1.10736E+01  2.21113E+01  1.75840E-03  2.20725E+01
 6.83550E+02 -5.32244E-10  1.10377E+01  1.10736E+01  2.21113E+01  1.75838E-03  2.20725E+01
 6.84775E+02 -5.28794E-10  1.10377E+01  1.10736E+01  2.21113E+01  1.75774E-03  2.20725E+01
 6.86000E+02 -5.46048E-10  1.10377E+01  1.10736E+01  2.21113E+01  1.75662E-03  2.20725E+01
 6.87225E+02 -4.86930E-10  1.10377E+01  1.10736E+01  2.21112E+01  1.75528E-03  2.20725E+01
 6.88450E+02 -4.69766E-10  1.10376E+01  1.10736E+01  2.21112E+01  1.75403E-03  2.20725E+01
 6.89675E+02 -4.19943E-10  1.10376E+01  1.10736E+01  2.21112E+01  1.75311E-03  2.20725E+01
 6.90900E+02 -4.24808E-10  1.10375E+01  1.10737E+01  2.21112E+01  1.75270E-03  2.20725E+01
 6.92125E+02 -3.84187E-10  1.10375E+01  1.10737E+01  2.21112E+01  1.75280E-03  2.20725E+01
 6.93350E+02 -3.56521E-10  1.10375E+01  1.10737E+01  2.21112E+01  1.75336E-03  2.20725E+01
 6.94575E+02 -3.61019E-10  1.10375E+01  1.10737E+01  2.21112E+01  1.75426E-03  2.20725E+01
 6.95800E+02 -4.35506E-10  1.10375E+01  1.10737E+01  2.21112E+01  1.75538E-03  2.20725E+01
 6.97025E+02 -4.13492E-10  1.10376E+01  1.10737E+01  2.21113E+01  1.75660E-03  2.20725E+01
 6.98250E+02 -4.18832E-10  1.10376E+01  1.10737E+01  2.21113E+01  1.75783E-03  2.20725E+01
 6.99475E+02 -4.47073E-10  1.10377E+01  1.10737E+01  2.21113E+01  1.75896E-03  2.20725E+01
 7.00700E+02 -4.83763E-10  1.10377E+01  1.10737E+01  2.21113E+01  1.75991E-03  2.20725E+01
 7.01925E+02 -4.18526E-10  1.10377E+01  1.10737E+01  2.21114E+01  1.76059E-03  2.20725E+01
 7.03150E+02 -4.33982E-10  1.10377E+01  1.10736E+01  2.21114E+01  1.76092E-03  2.20725E+01
 7.04375E+02 -5.12270E-10  1.10377E+01  1.10736E+01  2.21114E+01  1.76082E-03  2.20725E+01
 7.05600E+02 -5.39592E-10  1.10377E+01  1.10736E+01  2.21114E+01  1.76032E-03  2.20725E+01
 7.06825E+02 -5.88561E-10  1.10377E+01  1.10736E+01  2.21113E+01  1.75951E-03  2.20725E+01
 7.08050E+02 -6.25006E-10  1.10377E+01  1.10736E+01  2.21113E+01  1.75853E-03  2.20725E+01
 7.09275E+02 -6.03301E-10  1.10377E+01  1.10736E+01  2.21113E+01  1.75761E-03  2.20725E+01
 7.10500E+02 -5.79565E-10  1.10377E+01  1.10736E+01  2.21113E+01  1.75692E-03  2.20725E+01
 7.11725E+02 -5.70436E-10  1.10377E+01  1.10736E+01  2.21113E+01  1.75655E-03  2.20725E+01
 7.12950E+02 -5.58582E-10  1.10377E+01  1.10736E+01  2.21113E+01  1.75654E-03  2.20725E+01
 7.14175E+02 -5.63052E-10  1.10377E+01  1.10736E+01  2.21113E+01  1.75686E-03  2.20725E+01
 7.15400E+02 -5.39069E-10  1.10377E+01  1.10736E+01  2.21113E+01  1.75746E-03  2.20725E+01
 7.16625E+02 -6.22326E-10  1.10377E+01  1.10737E+01  2.21113E+01  1.75832E-03  2.20725E+01
 7.17850E+02 -6.53075E-10  1.10377E+01  1.10737E+01  2.21113E+01  1.75940E-03  2.20725E+01
 7.19075E+02 -6.78767E-10  1.10377E+01  1.10737E+01  2.21114E+01  1.76068E-03  2.20725E+01
 7.20300E+02 -6.91910E-10  1.10377E+01  1.10737E+01  2.21114E+01  1.76206E-03  2.20725E+01
 7.21525E+02 -6.25085E-10  1.10377E+01  1.10737E+01  2.21114E+01  1.76337E-03  2.20725E+01
 7.22750E+02 -7.06221E-10  1.10377E+01  1.10737E+01  2.21114E+01  1.76438E-03  2.20725E+01
 7.23975E+02 -6.74103E-10  1.10377E+01  1.10737E+01  2.21115E+01  1.76486E-03  2.20725E+01
 7.25200E+02 -6.52994E-10  1.10377E+01  1.10737E+01  2.21115E+01  1.76467E-03  2.20725E+01
 7.26425E+02 -6.30178E-10  1.10377E+01  1.10737E+01  2.21114E+01  1.76384E-03  2.20725E+01
 7.27650E+02 -6.67198E-10  1.10377E+01  1.10737E+01  2.21114E+01  1.76261E-03  2.20725E+01
 7.28875E+02 -6.37379E-10  1.10377E+01  1.10737E+01  2.21114E+01  1.76132E-03  2.20725E+01
 7.30100E+02 -7.27807E-10  1.10377E+01  1.10736E+01  2.21114E+01  1.76030E-03  2.20725E+01
 7.31325E+02 -7.81400E-10  1.10377E+01  1.10736E+01  2.21113E+01  1.75977E-03  2.20725E+01
 7.32550E+02 -7.82070E-10  1.10377E+01  1.10737E+01  2.21113E+01  1.75978E-03  2.20725E+01
 7.33775E+02 -7.58228E-10  1.10377E+01  1.10737E+01  2.21114E+01  1.76024E-03  2.20725E+01
 7.35000E+02 -7.89971E-10  1.10377E+01  1.10737E+01  2.21114E+01  1.76102E-03  2.20725E+01
 7.36225E+02 -8.03496E-10  1.10377E+01  1.10737E+01  2.21114E+01  1.76201E-03  2.20725E+01
 7.37450E+02 -7.50444E-10  1.10377E+01  1.10738E+01  2.21114E+01  1.76312E-03  2.20725E+01
 7.38675E+02 -7.29409E-10  1.10377E+01  1.10738E+01  2.21114E+01  1.76429E-03  2.20725E+01
 7.39900E+02 -7.50986E-10  1.10377E+01  1.10738E+01  2.21115E+01  1.76540E-03  2.20725E+01
 7.41125E+02 -6.99649E-10  1.10377E+01  1.10738E+01  2.21115E+01  1.76630E-03  2.20725E+01
 7.42350E+02 -7.82881E-10  1.10377E+01  1.10738E+01  2.21115E+01  1.76682E-03  2.20725E+01
 7.43575E+02 -7.49877E-10  1.10377E+01  1.10738E+01  2.21115E+01  1.76687E-03  2.20725E+01
 7.44800E+02 -7.53779E-10  1.10377E+01  1.10738E+01  2.21115E+01  1.76647E-03  2.20725E+01
 7.46025E+02 -7.45158E-10  1.10377E+01  1.10738E+01  2.21115E+01  1.76577E-03  2.20725E+01
 7.47250E+02 -7.78768E-10  1.10377E+01  1.10738E+01  2.21115E+01  1.76505E-03  2.20725E+01
 7.48475E+02 -8.17310E-10  1.10376E+01  1.10738E+01  2.21114E+01  1.76456E-03  2.20725E+01
 7.49700E+02 -7.74310E-10  1.10376E+01  1.10738E+01  2.21114E+01  1.76448E-03  2.20725E+01
 7.50925E+02 -8.34988E-10  1.10376E+01  1.10738E+01  2.21115E+01  1.76484E-03  2.20725E+01
 7.52150E+02 -9.10633E-10  1.10376E+01  1.10738E+01  2.21115E+01  1.76551E-03  2.20725E+01
 7.53375E+02 -8.94639E-10  1.10377E+01  1.10738E+01  2.21115E+01  1.76628E-03  2.20725E+01
 7.54600E+02 -8.80881E-10  1.10377E+01  1.10738E+01  2.21115E+01  1.76697E-03  2.20725E+01
 7.55825E+02 -8.39742E-10  1.10377E+01  1.10738E+01  2.21115E+01  1.76746E-03  2.20725E+01
 7.57050E+02 -8.53061E-10  1.10377E+01  1.10738E+01  2.21115E+01  1.76773E-03  2.20725E+01
 7.58275E+02 -8.50573E-10  1.10377E+01  1.10738E+01  2.21115E+01  1.76778E-03  2.20725E+01
 7.59500E+02 -8.31242E-10  1.10377E+01  1.10738E+01  2.21115E+01  1.76768E-03  2.20725E+01
 7.60725E+02 -8.68501E-10  1.10377E+01  1.10738E+01  2.21115E+01  1.76746E-03  2.20725E+01
 7.61950E+02 -7.93150E-10  1.10376E+01  1.10739E+01  2.21115E+01  1.76723E-03  2.20725E+01
 7.63175E+02 -8.32189E-10  1.10376E+01  1.10739E+01  2.21115E+01  1.76712E-03  2.20725E+01
 7.64400E+02 -8.10588E-10  1.10375E+01  1.10740E+01  2.21115E+01  1.76727E-03  2.20725E+01
 7.65625E+02 -8.12730E-10  1.10375E+01  1.10740E+01  2.21115E+01  1.76778E-03  2.20725E+01
 7.66850E+02 -7.99246E-10  1.10375E+01  1.10741E+01  2.21115E+01  1.76862E-03  2.20725E+01
 7.68075E+02 -7.20439E-10  1.10375E+01  1.10741E+01  2.21116E+01  1.76968E-03  2.20725E+01
 7.69300E+02 -7.26185E-10  1.10375E+01  1.10741E+01  2.21116E+01  1.77075E-03  2.20725E+01
 7.70525E+02 -6.85914E-10  1.10376E+01  1.10740E+01  2.21116E+01  1.77162E-03  2.20725E+01
 7.71750E+02 -6.98005E-10  1.10376E+01  1.10740E+01  2.21116E+01  1.77213E-03  2.20725E+01
 7.72975E+02 -7.12473E-10  1.10377E+01  1.10739E+01  2.21116E+01  1.77223E-03  2.20725E+01
 7.74200E+02 -6.92340E-10  1.10377E+01  1.10739E+01  2.21116E+01  1.77195E-03  2.20725E+01
 7.75425E+02 -6.52569E-10  1.10377E+01  1.10739E+01  2.21116E+01  1.77139E-03  2.20725E+01
 7.76650E+02 -6.21933E-10  1.10377E+01  1.10739E+01  2.21116E+01  1.77071E-03  2.20725E+01
 7.77875E+02 -6.45913E-10  1.10377E+01  1.10739E+01  2.21116E+01  1.77004E-03  2.20725E+01
 7.79100E+02 -6.47622E-10  1.10376E+01  1.10739E+01  2.21116E+01  1.76952E-03  2.20725E+01
 7.80325E+02 -5.82110E-10  1.10376E+01  1.10740E+01  2.21116E+01  1.76925E-03  2.20725E+01
 7.81550E+02 -6.48436E-10  1.10375E+01  1.10740E+01  2.21116E+01  1.76932E-03  2.20725E+01
 7.82775E+02 -6.84958E-10  1.10375E+01  1.10741E+01  2.21116E+01  1.76978E-03  2.20725E+01
 7.84000E+02 -6.92238E-10  1.10375E+01  1.10741E+01  2.21116E+01  1.77063E-03  2.20725E+01
 7.85225E+02 -7.07077E-10  1.10374E+01  1.10742E+01  2.21116E+01  1.77181E-03  2.20725E+01
 7.86450E+02 -6.89059E-10  1.10375E+01  1.10742E+01  2.21116E+01  1.77314E-03  2.20725E+01
 7.87675E+02 -7.24425E-10  1.10375E+01  1.10742E+01  2.21117E+01  1.77440E-03  2.20725E+01
 7.88900E+02 -7.32911E-10  1.10375E+01  1.10742E+01  2.21117E+01  1.77540E-03  2.20725E+01
 7.90125E+02 -6.88796E-10  1.10375E+01  1.10742E+01  2.21117E+01  1.77599E-03  2.20725E+01
 7.91350E+02 -6.82380E-10  1.10375E+01  1.10742E+01  2.21117E+01  1.77615E-03  2.20725E+01
 7.92575E+02 -7.95929E-10  1.10376E+01  1.10741E+01  2.21117E+01  1.77591E-03  2.20725E+01
 7.93800E+02 -7.98683E-10  1.10376E+01  1.10741E+01  2.21117E+01  1.77537E-03  2.20725E+01
 7.95025E+02 -7.81045E-10  1.10376E+01  1.10741E+01  2.21117E+01  1.77463E-03  2.20725E+01
 7.96250E+02 -7.18656E-10  1.10376E+01  1.10740E+01  2.21117E+01  1.77380E-03  2.20725E+01
 7.97475E+02 -7.24035E-10  1.10377E+01  1.10740E+01  2.21116E+01  1.77300E-03  2.20725E+01
 7.98700E+02 -5.88637E-10  1.10377E+01  1.10739E+01  2.21116E+01  1.77240E-03  2.20725E+01
 7.99925E+02 -5.54971E-10  1.10377E+01  1.10739E+01  2.21116E+01  1.77216E-03  2.20725E+01
 8.01150E+02 -5.08822E-10  1.10377E+01  1.10739E+01  2.21116E+01  1.77242E-03  2.20725E+01
 8.02375E+02 -5.19255E-10  1.10377E+01  1.10740E+01  2.21116E+01  1.77323E-03  2.20725E+01
 8.03600E+02 -5.15653E-10  1.10376E+01  1.10740E+01  2.21117E+01  1.77451E-03  2.20725E+01
 8.04825E+02 -5.07609E-10  1.10376E+01  1.10741E+01  2.21117E+01  1.77608E-03  2.20725E+01
 8.06050E+02 -4.67227E-10  1.10375E+01  1.10742E+01  2.21117E+01  1.77768E-03  2.20725E+01
 8.07275E+02 -4.42470E-10  1.10375E+01  1.10743E+01  2.21118E+01  1.77907E-03  2.20725E+01
 8.08500E+02 -3.97128E-10  1.10375E+01  1.10743E+01  2.21118E+01  1.78001E-03  2.20725E+01
 8.09725E+02 -3.77526E-10  1.10375E+01  1.10743E+01  2.21118E+01  1.78038E-03  2.20725E+01
 8.10950E+02 -3.37802E-10  1.10375E+01  1.10743E+01  2.21118E+01  1.78015E-03  2.20725E+01
 8.12175E+02 -2.48207E-10  1.10375E+01  1.10742E+01  2.21118E+01  1.77935E-03  2.20725E+01
 8.13400E+02 -2.08153E-10  1.10376E+01  1.10741E+01  2.21117E+01  1.77813E-03  2.20725E+01
 8.14625E+02 -2.26250E-10  1.10377E+01  1.10741E+01  2.21117E+01  1.77666E-03  2.20725E+01
 8.15850E+02 -2.55558E-10  1.10377E+01  1.10740E+01  2.21117E+01  1.77523E-03  2.20725E+01
 8.17075E+02 -2.87010E-10  1.10377E+01  1.10740E+01  2.21117E+01  1.77416E-03  2.20725E+01
 8.18300E+02 -3.57123E-10  1.10377E+01  1.10739E+01  2.21117E+01  1.77377E-03  2.20725E+01
 8.19525E+02 -2.96140E-10  1.10377E+01  1.10740E+01  2.21117E+01  1.77428E-03  2.20725E+01
 8.20750E+02 -2.76367E-10  1.10377E+01  1.10740E+01  2.21117E+01  1.77569E-03  2.20725E+01
 8.21975E+02 -2.35242E-10  1.10377E+01  1.10741E+01  2.21117E+01  1.77778E-03  2.20725E+01
 8.23200E+02 -3.25967E-10  1.10377E+01  1.10741E+01  2.21118E+01  1.78014E-03  2.20725E+01
 8.24425E+02 -2.93726E-10  1.10377E+01  1.10742E+01  2.21118E+01  1.78229E-03  2.20725E+01
 8.25650E+02 -3.22686E-10  1.10377E+01  1.10742E+01  2.21119E+01  1.78384E-03  2.20725E+01
 8.26875E+02 -2.74358E-10  1.10377E+01  1.10742E+01  2.21119E+01  1.78457E-03  2.20725E+01
 8.28100E+02 -3.49112E-10  1.10377E+01  1.10742E+01  2.21119E+01  1.78443E-03  2.20725E+01
 8.29325E+02 -2.51508E-10  1.10377E+01  1.10741E+01  2.21119E+01  1.78354E-03  2.20725E+01
 8.30550E+02 -2.20238E-10  1.10377E+01  1.10741E+01  2.21118E+01  1.78213E-03  2.20725E+01
 8.31775E+02 -2.43687E-10  1.10377E+01  1.10741E+01  2.21118E+01  1.78047E-03  2.20725E+01
 8.33000E+02 -2.47542E-10  1.10377E+01  1.10741E+01  2.21118E+01  1.77884E-03  2.20725E+01
 8.34225E+02 -2.23231E-10  1.10377E+01  1.10741E+01  2.21117E+01  1.77749E-03  2.20725E+01
 8.35450E+02 -2.06142E-10  1.10376E+01  1.10741E+01  2.21117E+01  1.77668E-03  2.20725E+01
 8.36675E+02 -2.08266E-10  1.10376E+01  1.10741E+01  2.21117E+01  1.77658E-03  2.20725E+01
 8.37900E+02 -1.92102E-10  1.10376E+01  1.10741E+01  2.21117E+01  1.77730E-03  2.20725E+01
 8.39125E+02 -2.42860E-10  1.10377E+01  1.10741E+01  2.21118E+01  1.77878E-03  2.20725E+01
 8.40350E+02 -2.05782E-10  1.10377E+01  1.10741E+01  2.21118E+01  1.78081E-03  2.20725E+01
 8.41575E+02 -2.34694E-10  1.10378E+01  1.10741E+01  2.21119E+01  1.78301E-03  2.20725E+01
 8.42800E+02 -2.34399E-10  1.10378E+01  1.10741E+01  2.21119E+01  1.78492E-03  2.20725E+01
 8.44025E+02 -2.03108E-10  1.10379E+01  1.10740E+01  2.21119E+01  1.78620E-03  2.20725E+01
 8.45250E+02 -2.34405E-10  1.10380E+01  1.10740E+01  2.21119E+01  1.78665E-03  2.20725E+01
 8.46475E+02 -1.95044E-10  1.10380E+01  1.10739E+01  2.21119E+01  1.78630E-03  2.20725E+01
 8.47700E+02 -1.95112E-10  1.10380E+01  1.10739E+01  2.21119E+01  1.78533E-03  2.20725E+01
 8.48925E+02 -1.74698E-10  1.10379E+01  1.10739E+01  2.21119E+01  1.78403E-03  2.20725E+01
 8.50150E+02 -1.99101E-10  1.10379E+01  1.10740E+01  2.21118E+01  1.78267E-03  2.20725E+01
 8.51375E+02 -2.32875E-10  1.10378E+01  1.10740E+01  2.21118E+01  1.78151E-03  2.20725E+01
 8.52600E+02 -2.32355E-10  1.10378E+01  1.10740E+01  2.21118E+01  1.78076E-03  2.20725E+01
 8.53825E+02 -2.65871E-10  1.10378E+01  1.10740E+01  2.21118E+01  1.78054E-03  2.20725E+01
 8.55050E+02 -2.50299E-10  1.10377E+01  1.10741E+01  2.21118E+01  1.78091E-03  2.20725E+01
 8.56275E+02 -2.91180E-10  1.10378E+01  1.10741E+01  2.21118E+01  1.78181E-03  2.20725E+01
 8.57500E+02 -2.81245E-10  1.10378E+01  1.10741E+01  2.21119E+01  1.78312E-03  2.20725E+01
 8.58725E+02 -3.01150E-10  1.10379E+01  1.10740E+01  2.21119E+01  1.78461E-03  2.20725E+01
 8.59950E+02 -3.50895E-10  1.10379E+01  1.10740E+01  2.21119E+01  1.78604E-03  2.20725E+01
 8.61175E+02 -4.43921E-10  1.10380E+01  1.10740E+01  2.21119E+01  1.78714E-03  2.20725E+01
 8.62400E+02 -4.10888E-10  1.10381E+01  1.10739E+01  2.21120E+01  1.78774E-03  2.20725E+01
 8.63625E+02 -3.46511E-10  1.10381E+01  1.10739E+01  2.21120E+01  1.78776E-03  2.20725E+01
 8.64850E+02 -2.53658E-10  1.10381E+01  1.10739E+01  2.21119E+01  1.78728E-03  2.20725E+01
 8.66075E+02 -2.82233E-10  1.10381E+01  1.10738E+01  2.21119E+01  1.78650E-03  2.20725E+01
 8.67300E+02 -2.18064E-10  1.10380E+01  1.10739E+01  2.21119E+01  1.78564E-03  2.20725E+01
 8.68525E+02 -2.48919E-10  1.10380E+01  1.10739E+01  2.21119E+01  1.78490E-03  2.20725E+01
 8.69750E+02 -2.07086E-10  1.10380E+01  1.10739E+01  2.21119E+01  1.78442E-03  2.20725E+01
 8.70975E+02 -1.82552E-10  1.10379E+01  1.10740E+01  2.21119E+01  1.78425E-03  2.20725E+01
 8.72200E+02 -1.67414E-10  1.10379E+01  1.10740E+01  2.21119E+01  1.78443E-03  2.20725E+01
 8.73425E+02 -1.74496E-10  1.10379E+01  1.10740E+01  2.21119E+01  1.78495E-03  2.20725E+01
 8.74650E+02 -1.92687E-10  1.10379E+01  1.10740E+01  2.21119E+01  1.78576E-03  2.20725E+01
 8.75875E+02 -2.11792E-10  1.10379E+01  1.10740E+01  2.21119E+01  1.78678E-03  2.20725E+01
 8.77100E+02 -2.61857E-10  1.10380E+01  1.10740E+01  2.21120E+01  1.78787E-03  2.20725E+01
 8.78325E+02 -2.61792E-10  1.10380E+01  1.10740E+01  2.21120E+01  1.78891E-03  2.20725E+01
 8.79550E+02 -2.60291E-10  1.10380E+01  1.10740E+01  2.21120E+01  1.78977E-03  2.20725E+01
 8.80775E+02 -2.68978E-10  1.10380E+01  1.10740E+01  2.21120E+01  1.79036E-03  2.20725E+01
 8.82000E+02 -2.84861E-10  1.10380E+01  1.10740E+01  2.21120E+01  1.79065E-03  2.20725E+01
 8.83225E+02 -3.24231E-10  1.10380E+01  1.10740E+01  2.21120E+01  1.79061E-03  2.20725E+01
 8.84450E+02 -3.76907E-10  1.10380E+01  1.10741E+01  2.21120E+01  1.79028E-03  2.20725E+01
 8.85675E+02 -4.57849E-10  1.10380E+01  1.10741E+01  2.21120E+01  1.78974E-03  2.20725E+01
 8.86900E+02 -4.44910E-10  1.10379E+01  1.10740E+01  2.21120E+01  1.78911E-03  2.20725E+01
 8.88125E+02 -4.38857E-10  1.10379E+01  1.10740E+01  2.21120E+01  1.78850E-03  2.20725E+01
 8.89350E+02 -4.23749E-10  1.10379E+01  1.10740E+01  2.21120E+01  1.78800E-03  2.20725E+01
 8.90575E+02 -4.37783E-10  1.10380E+01  1.10740E+01  2.21120E+01  1.78770E-03  2.20725E+01
 8.91800E+02 -4.85474E-10  1.10380E+01  1.10740E+01  2.21120E+01  1.78768E-03  2.20725E+01
 8.93025E+02 -3.95825E-10  1.10380E+01  1.10740E+01  2.21120E+01  1.78797E-03  2.20725E+01
 8.94250E+02 -4.08234E-10  1.10380E+01  1.10740E+01  2.21120E+01  1.78860E-03  2.20725E+01
 8.95475E+02 -3.87947E-10  1.10379E+01  1.10741E+01  2.21120E+01  1.78953E-03  2.20725E+01
 8.96700E+02 -4.39171E-10  1.10379E+01  1.10741E+01  2.21120E+01  1.79066E-03  2.20725E+01
 8.97925E+02 -4.22886E-10  1.10379E+01  1.10742E+01  2.21121E+01  1.79187E-03  2.20725E+01
 8.99150E+02 -4.95703E-10  1.10378E+01  1.10742E+01  2.21121E+01  1.79302E-03  2.20725E+01
 9.00375E+02 -5.43726E-10  1.10378E+01  1.10743E+01  2.21121E+01  1.79395E-03  2.20725E+01
 9.01600E+02 -5.45448E-10  1.10378E+01  1.10743E+01  2.21121E+01  1.79453E-03  2.20725E+01
 9.02825E+02 -5.81483E-10  1.10379E+01  1.10743E+01  2.21121E+01  1.79469E-03  2.20725E+01
 9.04050E+02 -6.00331E-10  1.10379E+01  1.10742E+01  2.21121E+01  1.79441E-03  2.20725E+01
 9.05275E+02 -6.93550E-10  1.10379E+01  1.10742E+01  2.21121E+01  1.79379E-03  2.20725E+01
 9.06500E+02 -7.12563E-10  1.10380E+01  1.10741E+01  2.21121E+01  1.79297E-03  2.20725E+01
 9.07725E+02 -7.26366E-10  1.10380E+01  1.10741E+01  2.21121E+01  1.79214E-03  2.20725E+01
 9.08950E+02 -6.74413E-10  1.10380E+01  1.10740E+01  2.21120E+01  1.79144E-03  2.20725E+01
 9.10175E+02 -6.83672E-10  1.10380E+01  1.10740E+01  2.21120E+01  1.79101E-03  2.20725E+01
 9.11400E+02 -6.61795E-10  1.10380E+01  1.10740E+01  2.21120E+01  1.79089E-03  2.20725E+01
 9.12625E+02 -6.63707E-10  1.10380E+01  1.10740E+01  2.21120E+01  1.79113E-03  2.20725E+01
 9.13850E+02 -5.86766E-10  1.10380E+01  1.10740E+01  2.21120E+01  1.79172E-03  2.20725E+01
 9.15075E+02 -6.40197E-10  1.10380E+01  1.10741E+01  2.21121E+01  1.79262E-03  2.20725E+01
 9.16300E+02 -6.27561E-10  1.10379E+01  1.10742E+01  2.21121E+01  1.79376E-03  2.20725E+01
 9.17525E+02 -6.46174E-10  1.10379E+01  1.10742E+01  2.21121E+01  1.79501E-03  2.20725E+01
 9.18750E+02 -6.46311E-10  1.10378E+01  1.10743E+01  2.21121E+01  1.79622E-03  2.20725E+01
 9.19975E+02 -6.41030E-10  1.10378E+01  1.10743E+01  2.21122E+01  1.79720E-03  2.20725E+01
 9.21200E+02 -6.91574E-10  1.10378E+01  1.10743E+01  2.21122E+01  1.79779E-03  2.20725E+01
 9.22425E+02 -7.28834E-10  1.10379E+01  1.10743E+01  2.21122E+01  1.79787E-03  2.20725E+01
 9.23650E+02 -7.38148E-10  1.10379E+01  1.10742E+01  2.21122E+01  1.79746E-03  2.20725E+01
 9.24875E+02 -7.32622E-10  1.10380E+01  1.10742E+01  2.21122E+01  1.79668E-03  2.20725E+01
 9.26100E+02 -7.14800E-10  1.10381E+01  1.10741E+01  2.21121E+01  1.79575E-03  2.20725E+01
 9.27325E+02 -6.86406E-10  1.10381E+01  1.10740E+01  2.21121E+01  1.79490E-03  2.20725E+01
 9.28550E+02 -6.86807E-10  1.10382E+01  1.10739E+01  2.21121E+01  1.79430E-03  2.20725E+01
 9.29775E+02 -6.91737E-10  1.10382E+01  1.10739E+01  2.21121E+01  1.79403E-03  2.20725E+01
 9.31000E+02 -6.52489E-10  1.10382E+01  1.10739E+01  2.21121E+01  1.79412E-03  2.20725E+01
 9.32225E+02 -6.42218E-10  1.10382E+01  1.10740E+01  2.21121E+01  1.79456E-03  2.20725E+01
 9.33450E+02 -6.30654E-10  1.10381E+01  1.10740E+01  2.21121E+01  1.79534E-03  2.20725E+01
 9.34675E+02 -7.03836E-10  1.10380E+01  1.10741E+01  2.21122E+01  1.79641E-03  2.20725E+01
 9.35900E+02 -6.64658E-10  1.10380E+01  1.10742E+01  2.21122E+01  1.79766E-03  2.20725E+01
 9.37125E+02 -6.56125E-10  1.10379E+01  1.10743E+01  2.21122E+01  1.79893E-03  2.20725E+01
 9.38350E+02 -6.70530E-10  1.10379E+01  1.10743E+01  2.21122E+01  1.80002E-03  2.20725E+01
 9.39575E+02 -7.17288E-10  1.10379E+01  1.10743E+01  2.21122E+01  1.80075E-03  2.20725E+01
 9.40800E+02 -7.30427E-10  1.10380E+01  1.10743E+01  2.21123E+01  1.80096E-03  2.20725E+01
 9.42025E+02 -7.25273E-10  1.10380E+01  1.10742E+01  2.21122E+01  1.80064E-03  2.20725E+01
 9.43250E+02 -6.88122E-10  1.10381E+01  1.10741E+01  2.21122E+01  1.79987E-03  2.20725E+01
 9.44475E+02 -6.81642E-10  1.10382E+01  1.10740E+01  2.21122E+01  1.79888E-03  2.20725E+01
 9.45700E+02 -6.23404E-10  1.10382E+01  1.10740E+01  2.21122E+01  1.79793E-03  2.20725E+01
 9.46925E+02 -6.12462E-10  1.10382E+01  1.10739E+01  2.21122E+01  1.79726E-03  2.20725E+01
 9.48150E+02 -6.91911E-10  1.10382E+01  1.10739E+01  2.21122E+01  1.79699E-03  2.20725E+01
 9.49375E+02 -6.41396E-10  1.10382E+01  1.10739E+01  2.21122E+01  1.79714E-03  2.20725E+01
 9.50600E+02 -6.03430E-10  1.10382E+01  1.10740E+01  2.21122E+01  1.79766E-03  2.20725E+01
 9.51825E+02 -5.26375E-10  1.10382E+01  1.10740E+01  2.21122E+01  1.79845E-03  2.20725E+01
 9.53050E+02 -5.33948E-10  1.10381E+01  1.10741E+01  2.21122E+01  1.79942E-03  2.20725E+01
 9.54275E+02 -4.95424E-10  1.10381E+01  1.10742E+01  2.21122E+01  1.80046E-03  2.20725E+01
 9.55500E+02 -4.26016E-10  1.10381E+01  1.10742E+01  2.21123E+01  1.80146E-03  2.20725E+01
 9.56725E+02 -4.21307E-10  1.10380E+01  1.10743E+01  2.21123E+01  1.80231E-03  2.20725E+01
 9.57950E+02 -4.16495E-10  1.10380E+01  1.10743E+01  2.21123E+01  1.80291E-03  2.20725E+01
 9.59175E+02 -3.46448E-10  1.10380E+01  1.10743E+01  2.21123E+01  1.80323E-03  2.20725E+01
 9.60400E+02 -3.24084E-10  1.10381E+01  1.10742E+01  2.21123E+01  1.80325E-03  2.20725E+01
 9.61625E+02 -3.18546E-10  1.10381E+01  1.10742E+01  2.21123E+01  1.80303E-03  2.20725E+01
 9.62850E+02 -3.26818E-10  1.10382E+01  1.10741E+01  2.21123E+01  1.80267E-03  2.20725E+01
 9.64075E+02 -3.26820E-10  1.10382E+01  1.10741E+01  2.21123E+01  1.80226E-03  2.20725E+01
 9.65300E+02 -3.13489E-10  1.10382E+01  1.10740E+01  2.21123E+01  1.80192E-03  2.20725E+01
 9.66525E+02 -2.94819E-10  1.10383E+01  1.10740E+01  2.21123E+01  1.80173E-03  2.20725E+01
 9.67750E+02 -3.49786E-10  1.10383E+01  1.10740E+01  2.21123E+01  1.80173E-03  2.20725E+01
 9.68975E+02 -4.01048E-10  1.10383E+01  1.10740E+01  2.21123E+01  1.80190E-03  2.20725E+01
 9.70200E+02 -4.45242E-10  1.10382E+01  1.10740E+01  2.21123E+01  1.80220E-03  2.20725E+01
 9.71425E+02 -4.28169E-10  1.10382E+01  1.10741E+01  2.21123E+01  1.80257E-03  2.20725E+01
 9.72650E+02 -3.55775E-10  1.10382E+01  1.10741E+01  2.21123E+01  1.80295E-03  2.20725E+01
 9.73875E+02 -3.82452E-10  1.10381E+01  1.10742E+01  2.21123E+01  1.80329E-03  2.20725E+01
 9.75100E+02 -3.53153E-10  1.10381E+01  1.10742E+01  2.21123E+01  1.80355E-03  2.20725E+01
 9.76325E+02 -2.72475E-10  1.10381E+01  1.10742E+01  2.21123E+01  1.80376E-03  2.20725E+01
 9.77550E+02 -2.41342E-10  1.10381E+01  1.10742E+01  2.21123E+01  1.80400E-03  2.20725E+01
 9.78775E+02 -2.43183E-10  1.10381E+01  1.10742E+01  2.21123E+01  1.80436E-03  2.20725E+01
 9.80000E+02 -2.94221E-10  1.10382E+01  1.10742E+01  2.21123E+01  1.80490E-03  2.20725E+01
 9.81225E+02 -2.31716E-10  1.10382E+01  1.10742E+01  2.21124E+01  1.80557E-03  2.20725E+01
 9.82450E+02 -1.97357E-10  1.10382E+01  1.10742E+01  2.21124E+01  1.80630E-03  2.20725E+01
 9.83675E+02 -1.46540E-10  1.10382E+01  1.10741E+01  2.21124E+01  1.80696E-03  2.20725E+01
 9.84900E+02 -1.23434E-10  1.10383E+01  1.10741E+01  2.21124E+01  1.80741E-03  2.20725E+01
 9.86125E+02 -1.34851E-10  1.10383E+01  1.10741E+01  2.21124E+01  1.80760E-03  2.20725E+01
 9.87350E+02 -9.57508E-11  1.10383E+01  1.10741E+01  2.21124E+01  1.80752E-03  2.20725E+01
 9.88575E+02 -8.20101E-11  1.10383E+01  1.10741E+01  2.21124E+01  1.80719E-03  2.20725E+01
 9.89800E+02 -1.10149E-10  1.10383E+01  1.10741E+01  2.21124E+01  1.80667E-03  2.20725E+01
 9.91025E+02 -7.86190E-11  1.10383E+01  1.10741E+01  2.21124E+01  1.80603E-03  2.20725E+01
 9.92250E+02 -8.06641E-11  1.10383E+01  1.10741E+01  2.21123E+01  1.80535E-03  2.20725E+01
 9.93475E+02 -5.69731E-11  1.10383E+01  1.10741E+01  2.21123E+01  1.80473E-03  2.20725E+01
 9.94700E+02 -4.26414E-11  1.10383E+01  1.10741E+01  2.21123E+01  1.80431E-03  2.20725E+01
 9.95925E+02  1.07909E-11  1.10383E+01  1.10741E+01  2.21123E+01  1.80427E-03  2.20725E+01
 9.97150E+02  4.42660E-12  1.10383E+01  1.10741E+01  2.21123E+01  1.80474E-03  2.20725E+01
 9.98375E+02 -1.77808E-11  1.10383E+01  1.10741E+01  2.21124E+01  1.80577E-03  2.20725E+01
 9.99600E+02 -6.37289E-11  1.10383E+01  1.10741E+01  2.21124E+01  1.80730E-03  2.20725E+01
 1.00082E+03  3.97673E-11  1.10383E+01  1.10741E+01  2.21124E+01  1.80908E-03  2.20725E+01
 1.00205E+03 -6.23774E-11  1.10383E+01  1.10741E+01  2.21125E+01  1.81078E-03  2.20725E+01
 1.00327E+03 -7.48234E-11  1.10384E+01  1.10741E+01  2.21125E+01  1.81206E-03  2.20725E+01
 1.00450E+03 -6.18289E-11  1.10384E+01  1.10741E+01  2.21125E+01  1.81266E-03  2.20725E+01
 1.00572E+03 -5.22625E-11  1.10384E+01  1.10741E+01  2.21125E+01  1.81249E-03  2.20725E+01
 1.00695E+03 -1.13159E-10  1.10384E+01  1.10741E+01  2.21125E+01  1.81163E-03  2.20725E+01
 1.00817E+03 -6.75090E-12  1.10384E+01  1.10740E+01  2.21125E+01  1.81031E-03  2.20725E+01
 1.00940E+03 -3.77751E-11  1.10384E+01  1.10740E+01  2.21124E+01  1.80881E-03  2.20725E+01
 1.01062E+03 -1.52273E-10  1.10384E+01  1.10740E+01  2.21124E+01  1.80742E-03  2.20725E+01
 1.01185E+03 -1.03413E-10  1.10384E+01  1.10740E+01  2.21124E+01  1.80638E-03  2.20725E+01
 1.01307E+03 -1.10339E-10  1.10383E+01  1.10740E+01  2.21124E+01  1.80586E-03  2.20725E+01
 1.01430E+03 -1.71514E-11  1.10383E+01  1.10741E+01  2.21124E+01  1.80594E-03  2.20725E+01
 1.01552E+03 -3.06471E-11  1.10383E+01  1.10741E+01  2.21124E+01  1.80666E-03  2.20725E+01
 1.01675E+03 -4.12315E-11  1.10383E+01  1.10741E+01  2.21124E+01  1.80797E-03  2.20725E+01
 1.01797E+03 -3.59178E-12  1.10383E+01  1.10742E+01  2.21124E+01  1.80972E-03  2.20725E+01
 1.01920E+03 -5.06635E-11  1.10383E+01  1.10742E+01  2.21125E+01  1.81170E-03  2.20725E+01
 1.02042E+03 -1.17318E-10  1.10383E+01  1.10742E+01  2.21125E+01  1.81363E-03  2.20725E+01
 1.02165E+03 -1.51658E-10  1.10384E+01  1.10742E+01  2.21126E+01  1.81518E-03  2.20725E+01
 1.02287E+03 -1.27820E-10  1.10384E+01  1.10742E+01  2.21126E+01  1.81610E-03  2.20725E+01
 1.02410E+03 -1.56738E-10  1.10385E+01  1.10741E+01  2.21126E+01  1.81625E-03  2.20725E+01
 1.02532E+03 -9.49650E-11  1.10385E+01  1.10741E+01  2.21126E+01  1.81562E-03  2.20725E+01
 1.02655E+03 -7.22298E-11  1.10385E+01  1.10741E+01  2.21125E+01  1.81437E-03  2.20725E+01
 1.02777E+03 -7.47790E-11  1.10385E+01  1.10740E+01  2.21125E+01  1.81278E-03  2.20725E+01
 1.02900E+03 -2.21732E-11  1.10385E+01  1.10740E+01  2.21125E+01  1.81116E-03  2.20725E+01
 1.03022E+03 -1.01891E-10  1.10384E+01  1.10740E+01  2.21124E+01  1.80978E-03  2.20725E+01
 1.03145E+03 -6.76010E-11  1.10384E+01  1.10741E+01  2.21124E+01  1.80887E-03  2.20725E+01
 1.03267E+03 -7.95952E-11  1.10383E+01  1.10741E+01  2.21124E+01  1.80853E-03  2.20725E+01
 1.03390E+03 -2.76342E-11  1.10382E+01  1.10742E+01  2.21124E+01  1.80883E-03  2.20725E+01
 1.03512E+03 -2.54253E-11  1.10382E+01  1.10743E+01  2.21124E+01  1.80975E-03  2.20725E+01
 1.03635E+03 -6.45971E-11  1.10381E+01  1.10743E+01  2.21125E+01  1.81123E-03  2.20725E+01
 1.03757E+03 -4.36412E-11  1.10381E+01  1.10744E+01  2.21125E+01  1.81315E-03  2.20725E+01
 1.03880E+03 -9.99267E-12  1.10381E+01  1.10744E+01  2.21126E+01  1.81531E-03  2.20725E+01
 1.04002E+03 -9.24471E-11  1.10381E+01  1.10745E+01  2.21126E+01  1.81742E-03  2.20725E+01
 1.04125E+03 -3.37503E-11  1.10382E+01  1.10745E+01  2.21127E+01  1.81918E-03  2.20725E+01
 1.04247E+03  3.86763E-11  1.10382E+01  1.10745E+01  2.21127E+01  1.82031E-03  2.20725E+01
 1.04370E+03  8.41309E-11  1.10382E+01  1.10744E+01  2.21127E+01  1.82066E-03  2.20725E+01
 1.04492E+03  5.70460E-11  1.10383E+01  1.10744E+01  2.21127E+01  1.82022E-03  2.20725E+01
 1.04615E+03 -1.94828E-11  1.10384E+01  1.10743E+01  2.21127E+01  1.81911E-03  2.20725E+01
 1.04737E+03 -5.10298E-11  1.10384E+01  1.10742E+01  2.21126E+01  1.81754E-03  2.20725E+01
 1.04860E+03 -8.64560E-11  1.10384E+01  1.10742E+01  2.21126E+01  1.81577E-03  2.20725E+01
 1.04982E+03 -6.35992E-11  1.10384E+01  1.10742E+01  2.21125E+01  1.81406E-03  2.20725E+01
 1.05105E+03 -7.87113E-11  1.10383E+01  1.10742E+01  2.21125E+01  1.81266E-03  2.20725E+01
 1.05227E+03 -8.75301E-11  1.10382E+01  1.10743E+01  2.21125E+01  1.81177E-03  2.20725E+01
 1.05350E+03 -1.28081E-11  1.10381E+01  1.10743E+01  2.21125E+01  1.81157E-03  2.20725E+01
 1.05472E+03  6.96166E-11  1.10380E+01  1.10745E+01  2.21125E+01  1.81217E-03  2.20725E+01
 1.05595E+03  1.21317E-10  1.10380E+01  1.10746E+01  2.21125E+01  1.81357E-03  2.20725E+01
 1.05717E+03  1.15133E-10  1.10379E+01  1.10746E+01  2.21126E+01  1.81563E-03  2.20725E+01
 1.05840E+03  1.08699E-10  1.10379E+01  1.10747E+01  2.21126E+01  1.81804E-03  2.20725E+01
 1.05962E+03  1.63743E-10  1.10379E+01  1.10747E+01  2.21127E+01  1.82042E-03  2.20725E+01
 1.06085E+03  1.37470E-10  1.10380E+01  1.10747E+01  2.21127E+01  1.82237E-03  2.20725E+01
 1.06207E+03  8.06746E-11  1.10381E+01  1.10747E+01  2.21128E+01  1.82363E-03  2.20725E+01
 1.06330E+03  8.93354E-11  1.10381E+01  1.10746E+01  2.21128E+01  1.82412E-03  2.20725E+01
 1.06452E+03  5.68760E-11  1.10382E+01  1.10746E+01  2.21128E+01  1.82391E-03  2.20725E+01
 1.06575E+03  3.14965E-11  1.10382E+01  1.10745E+01  2.21127E+01  1.82317E-03  2.20725E+01
 1.06697E+03 -7.78590E-12  1.10382E+01  1.10745E+01  2.21127E+01  1.82208E-03  2.20725E+01
 1.06820E+03 -3.85323E-11  1.10382E+01  1.10744E+01  2.21127E+01  1.82080E-03  2.20725E+01
 1.06942E+03 -1.75238E-11  1.10382E+01  1.10744E+01  2.21127E+01  1.81946E-03  2.20725E+01
 1.07065E+03 -5.48030E-11  1.10382E+01  1.10744E+01  2.21126E+01  1.81819E-03  2.20725E+01
 1.07187E+03 -6.15301E-11  1.10382E+01  1.10744E+01  2.21126E+01  1.81716E-03  2.20725E+01
 1.07310E+03 -8.39186E-12  1.10382E+01  1.10744E+01  2.21126E+01  1.81653E-03  2.20725E+01
 1.07432E+03  1.10540E-11  1.10381E+01  1.10745E+01  2.21126E+01  1.81643E-03  2.20725E+01
 1.07555E+03 -2.43014E-11  1.10381E+01  1.10745E+01  2.21126E+01  1.81693E-03  2.20725E+01
 1.07677E+03 -4.16316E-11  1.10381E+01  1.10745E+01  2.21126E+01  1.81798E-03  2.20725E+01
 1.07800E+03 -1.08566E-10  1.10381E+01  1.10746E+01  2.21127E+01  1.81946E-03  2.20725E+01
 1.07922E+03 -8.75487E-11  1.10381E+01  1.10746E+01  2.21127E+01  1.82119E-03  2.20725E+01
 1.08045E+03 -5.37553E-11  1.10381E+01  1.10747E+01  2.21127E+01  1.82295E-03  2.20725E+01
 1.08167E+03 -9.79273E-11  1.10380E+01  1.10747E+01  2.21128E+01  1.82453E-03  2.20725E+01
 1.08290E+03 -1.60883E-11  1.10380E+01  1.10748E+01  2.21128E+01  1.82576E-03  2.20725E+01
 1.08412E+03  6.81010E-11  1.10381E+01  1.10748E+01  2.21128E+01  1.82653E-03  2.20725E+01
 1.08535E+03  9.86515E-11  1.10381E+01  1.10747E+01  2.21128E+01  1.82677E-03  2.20725E+01
 1.08657E+03  1.20705E-10  1.10382E+01  1.10747E+01  2.21128E+01  1.82645E-03  2.20725E+01
 1.08780E+03  5.75578E-11  1.10382E+01  1.10746E+01  2.21128E+01  1.82562E-03  2.20725E+01
 1.08902E+03  1.04785E-10  1.10383E+01  1.10745E+01  2.21128E+01  1.82438E-03  2.20725E+01
 1.09025E+03  1.01458E-10  1.10384E+01  1.10743E+01  2.21127E+01  1.82295E-03  2.20725E+01
 1.09147E+03  1.16018E-10  1.10384E+01  1.10743E+01  2.21127E+01  1.82158E-03  2.20725E+01
 1.09270E+03  7.95685E-11  1.10384E+01  1.10742E+01  2.21127E+01  1.82055E-03  2.20725E+01
 1.09392E+03  1.74432E-10  1.10384E+01  1.10743E+01  2.21127E+01  1.82006E-03  2.20725E+01
 1.09515E+03  4.98395E-11  1.10384E+01  1.10743E+01  2.21127E+01  1.82024E-03  2.20725E+01
 1.09637E+03  1.20885E-11  1.10383E+01  1.10744E+01  2.21127E+01  1.82108E-03  2.20725E+01
 1.09760E+03 -5.76629E-11  1.10382E+01  1.10745E+01  2.21127E+01  1.82250E-03  2.20725E+01
 1.09882E+03 -8.14709E-11  1.10381E+01  1.10747E+01  2.21128E+01  1.82432E-03  2.20725E+01
 1.10005E+03 -9.45415E-11  1.10381E+01  1.10747E+01  2.21128E+01  1.82627E-03  2.20725E+01
 1.10127E+03 -6.65760E-11  1.10381E+01  1.10748E+01  2.21128E+01  1.82802E-03  2.20725E+01
 1.10250E+03 -7.36666E-11  1.10381E+01  1.10748E+01  2.21129E+01  1.82924E-03  2.20725E+01
 1.10372E+03 -1.07258E-10  1.10382E+01  1.10747E+01  2.21129E+01  1.82969E-03  2.20725E+01
 1.10495E+03 -1.51658E-10  1.10383E+01  1.10746E+01  2.21129E+01  1.82932E-03  2.20725E+01
 1.10617E+03 -1.26318E-10  1.10384E+01  1.10745E+01  2.21129E+01  1.82826E-03  2.20725E+01
 1.10740E+03 -1.99395E-10  1.10385E+01  1.10743E+01  2.21128E+01  1.82682E-03  2.20725E+01
 1.10862E+03 -1.70589E-10  1.10386E+01  1.10742E+01  2.21128E+01  1.82535E-03  2.20725E+01
 1.10985E+03 -2.22752E-10  1.10386E+01  1.10742E+01  2.21128E+01  1.82419E-03  2.20725E+01
 1.11107E+03 -2.05484E-10  1.10386E+01  1.10742E+01  2.21128E+01  1.82358E-03  2.20725E+01
 1.11230E+03 -1.77477E-10  1.10385E+01  1.10742E+01  2.21128E+01  1.82361E-03  2.20725E+01
 1.11352E+03 -1.98323E-10  1.10385E+01  1.10743E+01  2.21128E+01  1.82426E-03  2.20725E+01
 1.11475E+03 -1.70312E-10  1.10384E+01  1.10744E+01  2.21128E+01  1.82538E-03  2.20725E+01
 1.11597E+03 -1.55194E-10  1.10384E+01  1.10745E+01  2.21128E+01  1.82680E-03  2.20725E+01
 1.11720E+03 -1.32239E-10  1.10383E+01  1.10745E+01  2.21129E+01  1.82830E-03  2.20725E+01
 1.11842E+03 -1.31538E-10  1.10383E+01  1.10746E+01  2.21129E+01  1.82968E-03  2.20725E+01
 1.11965E+03 -9.63558E-11  1.10383E+01  1.10746E+01  2.21129E+01  1.83078E-03  2.20725E+01
 1.12087E+03 -1.04945E-11  1.10383E+01  1.10746E+01  2.21129E+01  1.83145E-03  2.20725E+01
 1.12210E+03 -6.66678E-11  1.10383E+01  1.10746E+01  2.21129E+01  1.83164E-03  2.20725E+01
 1.12332E+03 -2.83238E-11  1.10384E+01  1.10745E+01  2.21129E+01  1.83132E-03  2.20725E+01
 1.12455E+03 -5.90222E-11  1.10384E+01  1.10745E+01  2.21129E+01  1.83061E-03  2.20725E+01
 1.12577E+03 -1.06568E-10  1.10385E+01  1.10744E+01  2.21129E+01  1.82969E-03  2.20725E+01
 1.12700E+03 -3.22884E-11  1.10385E+01  1.10744E+01  2.21129E+01  1.82878E-03  2.20725E+01
 1.12822E+03 -8.62963E-11  1.10385E+01  1.10743E+01  2.21129E+01  1.82808E-03  2.20725E+01
 1.12945E+03 -3.80968E-11  1.10386E+01  1.10743E+01  2.21128E+01  1.82768E-03  2.20725E+01
 1.13067E+03 -6.17302E-11  1.10386E+01  1.10743E+01  2.21128E+01  1.82763E-03  2.20725E+01
 1.13190E+03 -2.70138E-11  1.10386E+01  1.10743E+01  2.21128E+01  1.82788E-03  2.20725E+01
 1.13312E+03  6.75662E-12  1.10386E+01  1.10743E+01  2.21129E+01  1.82841E-03  2.20725E+01
 1.13435E+03  5.89568E-12  1.10385E+01  1.10743E+01  2.21129E+01  1.82915E-03  2.20725E+01
 1.13557E+03 -3.03299E-11  1.10385E+01  1.10744E+01  2.21129E+01  1.83005E-03  2.20725E+01
 1.13680E+03 -6.69915E-11  1.10384E+01  1.10745E+01  2.21129E+01  1.83105E-03  2.20725E+01
 1.13802E+03 -7.78051E-11  1.10384E+01  1.10746E+01  2.21129E+01  1.83207E-03  2.20725E+01
 1.13925E+03 -1.37889E-10  1.10383E+01  1.10747E+01  2.21130E+01  1.83303E-03  2.20725E+01
 1.14047E+03 -9.13625E-11  1.10383E+01  1.10747E+01  2.21130E+01  1.83385E-03  2.20725E+01
 1.14170E+03 -6.57069E-11  1.10383E+01  1.10747E+01  2.21130E+01  1.83443E-03  2.20725E+01
 1.14292E+03 -1.14754E-10  1.10383E+01  1.10747E+01  2.21130E+01  1.83470E-03  2.20725E+01
 1.14415E+03 -1.27577E-10  1.10383E+01  1.10746E+01  2.21130E+01  1.83460E-03  2.20725E+01
 1.14537E+03 -1.02439E-10  1.10384E+01  1.10746E+01  2.21130E+01  1.83416E-03  2.20725E+01
 1.14660E+03 -1.46013E-10  1.10385E+01  1.10744E+01  2.21130E+01  1.83346E-03  2.20725E+01
 1.14782E+03 -1.52892E-10  1.10386E+01  1.10743E+01  2.21130E+01  1.83262E-03  2.20725E+01
 1.14905E+03 -2.58447E-10  1.10387E+01  1.10743E+01  2.21129E+01  1.83182E-03  2.20725E+01
 1.15027E+03 -1.62063E-10  1.10387E+01  1.10742E+01  2.21129E+01  1.83120E-03  2.20725E+01
 1.15150E+03 -2.06885E-10  1.10386E+01  1.10743E+01  2.21129E+01  1.83089E-03  2.20725E+01
 1.15272E+03 -2.50195E-10  1.10386E+01  1.10743E+01  2.21129E+01  1.83096E-03  2.20725E+01
 1.15395E+03 -2.85271E-10  1.10385E+01  1.10744E+01  2.21129E+01  1.83144E-03  2.20725E+01
 1.15517E+03 -2.92381E-10  1.10384E+01  1.10745E+01  2.21129E+01  1.83230E-03  2.20725E+01
 1.15640E+03 -2.72894E-10  1.10383E+01  1.10746E+01  2.21130E+01  1.83348E-03  2.20725E+01
 1.15762E+03 -2.94398E-10  1.10383E+01  1.10747E+01  2.21130E+01  1.83485E-03  2.20725E+01
 1.15885E+03 -3.34115E-10  1.10382E+01  1.10748E+01  2.21130E+01  1.83628E-03  2.20725E+01
 1.16007E+03 -3.58918E-10  1.10382E+01  1.10748E+01  2.21131E+01  1.83755E-03  2.20725E+01
 1.16130E+03 -4.02910E-10  1.10382E+01  1.10748E+01  2.21131E+01  1.83848E-03  2.20725E+01
 1.16252E+03 -3.54843E-10  1.10383E+01  1.10748E+01  2.21131E+01  1.83888E-03  2.20725E+01
 1.16375E+03 -3.88846E-10  1.10384E+01  1.10747E+01  2.21131E+01  1.83867E-03  2.20725E+01
 1.16497E+03 -4.21636E-10  1.10385E+01  1.10746E+01  2.21131E+01  1.83789E-03  2.20725E+01
 1.16620E+03 -4.62313E-10  1.10386E+01  1.10745E+01  2.21130E+01  1.83674E-03  2.20725E+01
 1.16742E+03 -3.98681E-10  1.10386E+01  1.10744E+01  2.21130E+01  1.83549E-03  2.20725E+01
 1.16865E+03 -3.38039E-10  1.10387E+01  1.10743E+01  2.21130E+01  1.83444E-03  2.20725E+01
 1.16987E+03 -3.22414E-10  1.10387E+01  1.10743E+01  2.21130E+01  1.83380E-03  2.20725E+01
 1.17110E+03 -4.00283E-10  1.10386E+01  1.10744E+01  2.21130E+01  1.83370E-03  2.20725E+01
 1.17232E+03 -4.12466E-10  1.10386E+01  1.10744E+01  2.21130E+01  1.83415E-03  2.20725E+01
 1.17355E+03 -3.78224E-10  1.10385E+01  1.10745E+01  2.21130E+01  1.83507E-03  2.20725E+01
 1.17477E+03 -3.81770E-10  1.10385E+01  1.10746E+01  2.21130E+01  1.83632E-03  2.20725E+01
 1.17600E+03 -4.43740E-10  1.10384E+01  1.10747E+01  2.21131E+01  1.83776E-03  2.20725E+01
 1.17722E+03 -4.00917E-10  1.10384E+01  1.10747E+01  2.21131E+01  1.83924E-03  2.20725E+01
 1.17845E+03 -3.39084E-10  1.10384E+01  1.10748E+01  2.21131E+01  1.84056E-03  2.20725E+01
 1.17967E+03 -3.23641E-10  1.10384E+01  1.10748E+01  2.21131E+01  1.84155E-03  2.20725E+01
 1.18090E+03 -2.57706E-10  1.10384E+01  1.10747E+01  2.21132E+01  1.84202E-03  2.20725E+01
 1.18212E+03 -2.64931E-10  1.10385E+01  1.10747E+01  2.21132E+01  1.84187E-03  2.20725E+01
 1.18335E+03 -2.77464E-10  1.10385E+01  1.10747E+01  2.21131E+01  1.84113E-03  2.20725E+01
 1.18457E+03 -2.67549E-10  1.10385E+01  1.10746E+01  2.21131E+01  1.83995E-03  2.20725E+01
 1.18580E+03 -2.08984E-10  1.10385E+01  1.10745E+01  2.21131E+01  1.83862E-03  2.20725E+01
 1.18702E+03 -2.14978E-10  1.10386E+01  1.10745E+01  2.21131E+01  1.83745E-03  2.20725E+01
 1.18825E+03 -2.34845E-10  1.10386E+01  1.10745E+01  2.21130E+01  1.83669E-03  2.20725E+01
 1.18947E+03 -1.76308E-10  1.10386E+01  1.10745E+01  2.21130E+01  1.83652E-03  2.20725E+01
 1.19070E+03 -1.49624E-10  1.10386E+01  1.10745E+01  2.21130E+01  1.83695E-03  2.20725E+01
 1.19192E+03 -2.05269E-10  1.10386E+01  1.10745E+01  2.21131E+01  1.83790E-03  2.20725E+01
 1.19315E+03 -1.28416E-10  1.10386E+01  1.10745E+01  2.21131E+01  1.83921E-03  2.20725E+01
 1.19437E+03 -9.84291E-11  1.10386E+01  1.10745E+01  2.21131E+01  1.84068E-03  2.20725E+01
 1.19560E+03 -6.95962E-11  1.10386E+01  1.10746E+01  2.21132E+01  1.84213E-03  2.20725E+01
 1.19682E+03 -1.07850E-10  1.10386E+01  1.10746E+01  2.21132E+01  1.84337E-03  2.20725E+01
 1.19805E+03 -1.43796E-10  1.10386E+01  1.10746E+01  2.21132E+01  1.84428E-03  2.20725E+01
 1.19927E+03 -7.93712E-11  1.10386E+01  1.10746E+01  2.21132E+01  1.84475E-03  2.20725E+01
 1.20050E+03 -6.01286E-11  1.10386E+01  1.10746E+01  2.21132E+01  1.84474E-03  2.20725E+01
 1.20172E+03 -3.04974E-11  1.10386E+01  1.10746E+01  2.21132E+01  1.84423E-03  2.20725E+01
 1.20295E+03 -1.34084E-10  1.10386E+01  1.10746E+01  2.21132E+01  1.84333E-03  2.20725E+01
 1.20417E+03 -5.69445E-11  1.10386E+01  1.10746E+01  2.21132E+01  1.84221E-03  2.20725E+01
 1.20540E+03 -5.49642E-11  1.10386E+01  1.10746E+01  2.21131E+01  1.84110E-03  2.20725E+01
 1.20662E+03 -1.46357E-12  1.10386E+01  1.10746E+01  2.21131E+01  1.84027E-03  2.20725E+01
 1.20785E+03 -3.06383E-11  1.10386E+01  1.10746E+01  2.21131E+01  1.83992E-03  2.20725E+01
 1.20907E+03 -6.65188E-11  1.10386E+01  1.10746E+01  2.21131E+01  1.84014E-03  2.20725E+01
 1.21030E+03 -7.79410E-11  1.10386E+01  1.10746E+01  2.21131E+01  1.84091E-03  2.20725E+01
 1.21152E+03 -1.12244E-10  1.10386E+01  1.10746E+01  2.21132E+01  1.84206E-03  2.20725E+01
 1.21275E+03 -1.63714E-10  1.10386E+01  1.10746E+01  2.21132E+01  1.84337E-03  2.20725E+01
 1.21397E+03 -1.95055E-10  1.10386E+01  1.10746E+01  2.21132E+01  1.84463E-03  2.20725E+01
 1.21520E+03 -1.79028E-10  1.10386E+01  1.10746E+01  2.21132E+01  1.84566E-03  2.20725E+01
 1.21642E+03 -2.15244E-10  1.10386E+01  1.10746E+01  2.21133E+01  1.84635E-03  2.20725E+01
 1.21765E+03 -2.18661E-10  1.10386E+01  1.10746E+01  2.21133E+01  1.84671E-03  2.20725E+01
 1.21887E+03 -2.73998E-10  1.10387E+01  1.10746E+01  2.21133E+01  1.84678E-03  2.20725E+01
 1.22010E+03 -3.53577E-10  1.10387E+01  1.10746E+01  2.21133E+01  1.84661E-03  2.20725E+01
 1.22132E+03 -2.92491E-10  1.10387E+01  1.10745E+01  2.21133E+01  1.84629E-03  2.20725E+01
 1.22255E+03 -2.54743E-10  1.10387E+01  1.10745E+01  2.21132E+01  1.84586E-03  2.20725E+01
 1.22377E+03 -2.63957E-10  1.10387E+01  1.10745E+01  2.21132E+01  1.84540E-03  2.20725E+01
 1.22500E+03 -2.44523E-10  1.10387E+01  1.10745E+01  2.21132E+01  1.84502E-03  2.20725E+01
 1.22622E+03 -2.05410E-10  1.10387E+01  1.10745E+01  2.21132E+01  1.84483E-03  2.20725E+01
 1.22745E+03 -1.79054E-10  1.10387E+01  1.10746E+01  2.21132E+01  1.84493E-03  2.20725E+01
 1.22867E+03 -2.47966E-10  1.10386E+01  1.10746E+01  2.21132E+01  1.84533E-03  2.20725E+01
 1.22990E+03 -2.44416E-10  1.10386E+01  1.10746E+01  2.21132E+01  1.84596E-03  2.20725E+01
 1.23112E+03 -3.07823E-10  1.10386E+01  1.10747E+01  2.21133E+01  1.84664E-03  2.20725E+01
 1.23235E+03 -2.59292E-10  1.10386E+01  1.10747E+01  2.21133E+01  1.84721E-03  2.20725E+01
 1.23357E+03 -1.65342E-10  1.10385E+01  1.10747E+01  2.21133E+01  1.84760E-03  2.20725E+01
 1.23480E+03 -1.46705E-10  1.10385E+01  1.10748E+01  2.21133E+01  1.84781E-03  2.20725E+01
 1.23602E+03 -2.90454E-11  1.10385E+01  1.10748E+01  2.21133E+01  1.84795E-03  2.20725E+01
 1.23725E+03 -8.37662E-11  1.10386E+01  1.10747E+01  2.21133E+01  1.84814E-03  2.20725E+01
 1.23847E+03 -5.97358E-11  1.10386E+01  1.10747E+01  2.21133E+01  1.84846E-03  2.20725E+01
 1.23970E+03 -6.30293E-11  1.10386E+01  1.10747E+01  2.21133E+01  1.84890E-03  2.20725E+01
 1.24092E+03 -4.28484E-11  1.10387E+01  1.10746E+01  2.21133E+01  1.84937E-03  2.20725E+01
 1.24215E+03 -1.49462E-12  1.10388E+01  1.10746E+01  2.21133E+01  1.84977E-03  2.20725E+01
 1.24337E+03 -1.97926E-11  1.10388E+01  1.10745E+01  2.21133E+01  1.85000E-03  2.20725E+01
 1.24460E+03 -6.85354E-11  1.10389E+01  1.10744E+01  2.21133E+01  1.85003E-03  2.20725E+01
 1.24582E+03 -5.59813E-11  1.10389E+01  1.10744E+01  2.21133E+01  1.84991E-03  2.20725E+01
 1.24705E+03 -7.32683E-11  1.10389E+01  1.10744E+01  2.21133E+01  1.84972E-03  2.20725E+01
 1.24827E+03 -1.06323E-10  1.10389E+01  1.10744E+01  2.21133E+01  1.84952E-03  2.20725E+01
 1.24950E+03 -1.37738E-10  1.10388E+01  1.10745E+01  2.21133E+01  1.84935E-03  2.20725E+01
 1.25072E+03 -1.67163E-10  1.10387E+01  1.10746E+01  2.21133E+01  1.84922E-03  2.20725E+01
 1.25195E+03 -2.16105E-10  1.10387E+01  1.10747E+01  2.21133E+01  1.84913E-03  2.20725E+01
 1.25317E+03 -2.62085E-10  1.10386E+01  1.10747E+01  2.21133E+01  1.84918E-03  2.20725E+01
 1.25440E+03 -2.31505E-10  1.10385E+01  1.10748E+01  2.21133E+01  1.84947E-03  2.20725E+01
 1.25562E+03 -1.73898E-10  1.10385E+01  1.10748E+01  2.21133E+01  1.85008E-03  2.20725E+01
 1.25685E+03 -1.61843E-10  1.10385E+01  1.10748E+01  2.21134E+01  1.85098E-03  2.20725E+01
 1.25807E+03 -7.70307E-11  1.10386E+01  1.10748E+01  2.21134E+01  1.85203E-03  2.20725E+01
 1.25930E+03 -1.10969E-10  1.10387E+01  1.10747E+01  2.21134E+01  1.85299E-03  2.20725E+01
 1.26052E+03 -2.92025E-11  1.10388E+01  1.10746E+01  2.21134E+01  1.85367E-03  2.20725E+01
 1.26175E+03 -9.38574E-12  1.10390E+01  1.10744E+01  2.21134E+01  1.85392E-03  2.20725E+01
 1.26297E+03 -2.53474E-11  1.10391E+01  1.10743E+01  2.21134E+01  1.85374E-03  2.20725E+01
 1.26420E+03 -3.18304E-11  1.10392E+01  1.10742E+01  2.21134E+01  1.85325E-03  2.20725E+01
 1.26542E+03 -9.34301E-11  1.10392E+01  1.10742E+01  2.21134E+01  1.85261E-03  2.20725E+01
 1.26665E+03 -7.31626E-11  1.10392E+01  1.10742E+01  2.21134E+01  1.85197E-03  2.20725E+01
 1.26787E+03 -9.39632E-11  1.10391E+01  1.10743E+01  2.21134E+01  1.85146E-03  2.20725E+01
 1.26910E+03 -8.18958E-11  1.10390E+01  1.10744E+01  2.21134E+01  1.85115E-03  2.20725E+01
 1.27032E+03 -6.19473E-11  1.10388E+01  1.10745E+01  2.21134E+01  1.85107E-03  2.20725E+01
 1.27155E+03 -7.68969E-11  1.10387E+01  1.10746E+01  2.21134E+01  1.85125E-03  2.20725E+01
 1.27277E+03 -8.86084E-11  1.10387E+01  1.10747E+01  2.21134E+01  1.85171E-03  2.20725E+01
 1.27400E+03 -1.06874E-10  1.10386E+01  1.10748E+01  2.21134E+01  1.85249E-03  2.20725E+01
 1.27522E+03 -1.18229E-10  1.10386E+01  1.10748E+01  2.21134E+01  1.85355E-03  2.20725E+01
 1.27645E+03 -1.87704E-10  1.10387E+01  1.10748E+01  2.21134E+01  1.85479E-03  2.20725E+01
 1.27767E+03 -1.43004E-10  1.10388E+01  1.10747E+01  2.21135E+01  1.85601E-03  2.20725E+01
 1.27890E+03 -2.19052E-10  1.10389E+01  1.10746E+01  2.21135E+01  1.85698E-03  2.20725E+01
 1.28012E+03 -2.24244E-10  1.10390E+01  1.10745E+01  2.21135E+01  1.85751E-03  2.20725E+01
 1.28135E+03 -2.08457E-10  1.10391E+01  1.10744E+01  2.21135E+01  1.85753E-03  2.20725E+01
 1.28257E+03 -2.57330E-10  1.10392E+01  1.10743E+01  2.21135E+01  1.85709E-03  2.20725E+01
 1.28380E+03 -2.52625E-10  1.10392E+01  1.10743E+01  2.21135E+01  1.85635E-03  2.20725E+01
 1.28502E+03 -2.76262E-10  1.10392E+01  1.10743E+01  2.21135E+01  1.85546E-03  2.20725E+01
 1.28625E+03 -2.43599E-10  1.10392E+01  1.10743E+01  2.21134E+01  1.85457E-03  2.20725E+01
 1.28747E+03 -1.65087E-10  1.10391E+01  1.10743E+01  2.21134E+01  1.85381E-03  2.20725E+01
 1.28870E+03 -1.48704E-10  1.10390E+01  1.10744E+01  2.21134E+01  1.85326E-03  2.20725E+01
 1.28992E+03 -1.58311E-10  1.10389E+01  1.10745E+01  2.21134E+01  1.85302E-03  2.20725E+01
 1.29115E+03 -1.03655E-10  1.10388E+01  1.10746E+01  2.21134E+01  1.85319E-03  2.20725E+01
 1.29237E+03 -1.12196E-10  1.10388E+01  1.10746E+01  2.21134E+01  1.85386E-03  2.20725E+01
 1.29360E+03 -6.16419E-11  1.10387E+01  1.10747E+01  2.21134E+01  1.85508E-03  2.20725E+01
 1.29482E+03 -7.33499E-11  1.10387E+01  1.10748E+01  2.21135E+01  1.85678E-03  2.20725E+01
 1.29605E+03 -1.45252E-10  1.10387E+01  1.10748E+01  2.21135E+01  1.85874E-03  2.20725E+01
 1.29727E+03 -8.48838E-11  1.10388E+01  1.10748E+01  2.21136E+01  1.86064E-03  2.20725E+01
 1.29850E+03 -6.60652E-12  1.10389E+01  1.10747E+01  2.21136E+01  1.86209E-03  2.20725E+01
 1.29972E+03 -1.63095E-11  1.10389E+01  1.10747E+01  2.21136E+01  1.86279E-03  2.20725E+01
 1.30095E+03 -2.14638E-11  1.10390E+01  1.10746E+01  2.21136E+01  1.86258E-03  2.20725E+01
 1.30217E+03  7.75459E-11  1.10391E+01  1.10745E+01  2.21136E+01  1.86153E-03  2.20725E+01
 1.30340E+03  8.33010E-11  1.10391E+01  1.10744E+01  2.21136E+01  1.85990E-03  2.20725E+01
 1.30462E+03  9.66660E-11  1.10391E+01  1.10744E+01  2.21135E+01  1.85801E-03  2.20725E+01
 1.30585E+03  5.17863E-11  1.10391E+01  1.10744E+01  2.21135E+01  1.85625E-03  2.20725E+01
 1.30707E+03  8.31395E-11  1.10391E+01  1.10744E+01  2.21134E+01  1.85491E-03  2.20725E+01
 1.30830E+03  8.35782E-11  1.10390E+01  1.10744E+01  2.21134E+01  1.85423E-03  2.20725E+01
 1.30952E+03  8.27153E-11  1.10389E+01  1.10745E+01  2.21134E+01  1.85433E-03  2.20725E+01
 1.31075E+03  7.38811E-11  1.10389E+01  1.10746E+01  2.21134E+01  1.85525E-03  2.20725E+01
 1.31197E+03  7.80143E-11  1.10388E+01  1.10747E+01  2.21135E+01  1.85689E-03  2.20725E+01
 1.31320E+03  1.16231E-10  1.10388E+01  1.10747E+01  2.21135E+01  1.85907E-03  2.20725E+01
 1.31442E+03  1.90245E-10  1.10388E+01  1.10748E+01  2.21136E+01  1.86150E-03  2.20725E+01
 1.31565E+03  1.61652E-10  1.10389E+01  1.10748E+01  2.21136E+01  1.86382E-03  2.20725E+01
 1.31687E+03  1.57221E-10  1.10389E+01  1.10748E+01  2.21137E+01  1.86564E-03  2.20725E+01
 1.31810E+03  1.31420E-10  1.10390E+01  1.10747E+01  2.21137E+01  1.86664E-03  2.20725E+01
 1.31932E+03  1.40804E-10  1.10390E+01  1.10747E+01  2.21137E+01  1.86662E-03  2.20725E+01
 1.32055E+03  1.20024E-10  1.10391E+01  1.10746E+01  2.21137E+01  1.86559E-03  2.20725E+01
 1.32177E+03  2.89175E-11  1.10391E+01  1.10745E+01  2.21136E+01  1.86380E-03  2.20725E+01
 1.32300E+03  7.96527E-11  1.10391E+01  1.10745E+01  2.21136E+01  1.86166E-03  2.20725E+01
 1.32422E+03  5.87531E-11  1.10390E+01  1.10745E+01  2.21135E+01  1.85961E-03  2.20725E+01
 1.32545E+03  1.02401E-10  1.10390E+01  1.10745E+01  2.21135E+01  1.85807E-03  2.20725E+01
 1.32667E+03  1.10836E-10  1.10389E+01  1.10746E+01  2.21135E+01  1.85733E-03  2.20725E+01
 1.32790E+03  1.74988E-10  1.10389E+01  1.10746E+01  2.21135E+01  1.85753E-03  2.20725E+01
 1.32912E+03  4.20265E-11  1.10388E+01  1.10747E+01  2.21135E+01  1.85862E-03  2.20725E+01
 1.33035E+03  5.32488E-11  1.10388E+01  1.10747E+01  2.21136E+01  1.86042E-03  2.20725E+01
 1.33157E+03  1.60558E-10  1.10389E+01  1.10748E+01  2.21136E+01  1.86263E-03  2.20725E+01
 1.33280E+03  1.44426E-10  1.10389E+01  1.10748E+01  2.21137E+01  1.86486E-03  2.20725E+01
 1.33402E+03  2.08226E-10  1.10389E+01  1.10748E+01  2.21137E+01  1.86674E-03  2.20725E+01
 1.33525E+03  2.57859E-10  1.10390E+01  1.10747E+01  2.21137E+01  1.86795E-03  2.20725E+01
 1.33647E+03  2.26292E-10  1.10391E+01  1.10747E+01  2.21137E+01  1.86836E-03  2.20725E+01
 1.33770E+03  2.44075E-10  1.10391E+01  1.10746E+01  2.21137E+01  1.86796E-03  2.20725E+01
 1.33892E+03  2.14404E-10  1.10391E+01  1.10746E+01  2.21137E+01  1.86694E-03  2.20725E+01
 1.34015E+03  2.75634E-10  1.10391E+01  1.10746E+01  2.21137E+01  1.86557E-03  2.20725E+01
 1.34137E+03  2.60785E-10  1.10390E+01  1.10747E+01  2.21136E+01  1.86419E-03  2.20725E+01
 1.34260E+03  3.36863E-10  1.10389E+01  1.10747E+01  2.21136E+01  1.86313E-03  2.20725E+01
 1.34382E+03  3.20261E-10  1.10388E+01  1.10748E+01  2.21136E+01  1.86259E-03  2.20725E+01
 1.34505E+03  3.25963E-10  1.10388E+01  1.10749E+01  2.21136E+01  1.86266E-03  2.20725E+01
 1.34627E+03  3.30013E-10  1.10387E+01  1.10749E+01  2.21136E+01  1.86329E-03  2.20725E+01
 1.34750E+03  3.60847E-10  1.10387E+01  1.10749E+01  2.21137E+01  1.86435E-03  2.20725E+01
 1.34872E+03  3.92569E-10  1.10387E+01  1.10749E+01  2.21137E+01  1.86565E-03  2.20725E+01
 1.34995E+03  4.74707E-10  1.10388E+01  1.10749E+01  2.21137E+01  1.86700E-03  2.20725E+01
 1.35117E+03  5.03393E-10  1.10389E+01  1.10749E+01  2.21137E+01  1.86820E-03  2.20725E+01
 1.35240E+03  4.65904E-10  1.10390E+01  1.10748E+01  2.21138E+01  1.86906E-03  2.20725E+01
 1.35362E+03  4.16315E-10  1.10390E+01  1.10747E+01  2.21138E+01  1.86944E-03  2.20725E+01
 1.35485E+03  4.05474E-10  1.10391E+01  1.10747E+01  2.21138E+01  1.86927E-03  2.20725E+01
 1.35607E+03  5.72078E-10  1.10391E+01  1.10746E+01  2.21137E+01  1.86866E-03  2.20725E+01
 1.35730E+03  5.80759E-10  1.10391E+01  1.10746E+01  2.21137E+01  1.86783E-03  2.20725E+01
 1.35852E+03  6.05904E-10  1.10390E+01  1.10747E+01  2.21137E+01  1.86704E-03  2.20725E+01
 1.35975E+03  6.28664E-10  1.10390E+01  1.10747E+01  2.21137E+01  1.86656E-03  2.20725E+01
 1.36097E+03  5.70681E-10  1.10389E+01  1.10748E+01  2.21137E+01  1.86652E-03  2.20725E+01
 1.36220E+03  5.86516E-10  1.10388E+01  1.10749E+01  2.21137E+01  1.86691E-03  2.20725E+01
 1.36342E+03  5.87652E-10  1.10388E+01  1.10749E+01  2.21137E+01  1.86761E-03  2.20725E+01
 1.36465E+03  5.41596E-10  1.10388E+01  1.10749E+01  2.21137E+01  1.86845E-03  2.20725E+01
 1.36587E+03  5.10662E-10  1.10388E+01  1.10750E+01  2.21138E+01  1.86922E-03  2.20725E+01
 1.36710E+03  4.50604E-10  1.10388E+01  1.10749E+01  2.21138E+01  1.86982E-03  2.20725E+01
 1.36832E+03  3.41645E-10  1.10389E+01  1.10749E+01  2.21138E+01  1.87019E-03  2.20725E+01
 1.36955E+03  4.41507E-10  1.10389E+01  1.10749E+01  2.21138E+01  1.87039E-03  2.20725E+01
 1.37077E+03  4.54492E-10  1.10390E+01  1.10748E+01  2.21138E+01  1.87049E-03  2.20725E+01
 1.37200E+03  4.52394E-10  1.10390E+01  1.10748E+01  2.21138E+01  1.87057E-03  2.20725E+01
 1.37322E+03  3.70796E-10  1.10390E+01  1.10748E+01  2.21138E+01  1.87066E-03  2.20725E+01
 1.37445E+03  3.74091E-10  1.10390E+01  1.10748E+01  2.21138E+01  1.87075E-03  2.20725E+01
 1.37567E+03  3.47922E-10  1.10390E+01  1.10748E+01  2.21138E+01  1.87084E-03  2.20725E+01
 1.37690E+03  3.51681E-10  1.10390E+01  1.10747E+01  2.21138E+01  1.87094E-03  2.20725E+01
 1.37812E+03  2.48845E-10  1.10391E+01  1.10747E+01  2.21138E+01  1.87106E-03  2.20725E+01
 1.37935E+03  3.11475E-10  1.10391E+01  1.10747E+01  2.21138E+01  1.87122E-03  2.20725E+01
 1.38057E+03  3.27970E-10  1.10391E+01  1.10747E+01  2.21138E+01  1.87141E-03  2.20725E+01
 1.38180E+03  3.26791E-10  1.10391E+01  1.10748E+01  2.21138E+01  1.87159E-03  2.20725E+01
 1.38302E+03  2.60006E-10  1.10391E+01  1.10748E+01  2.21138E+01  1.87170E-03  2.20725E+01
 1.38425E+03  2.52270E-10  1.10390E+01  1.10748E+01  2.21138E+01  1.87173E-03  2.20725E+01
 1.38547E+03  2.55191E-10  1.10390E+01  1.10748E+01  2.21138E+01  1.87170E-03  2.20725E+01
 1.38670E+03  2.34446E-10  1.10389E+01  1.10749E+01  2.21138E+01  1.87167E-03  2.20725E+01
 1.38792E+03  1.72584E-10  1.10389E+01  1.10749E+01  2.21138E+01  1.87172E-03  2.20725E+01
 1.38915E+03  1.39810E-10  1.10389E+01  1.10749E+01  2.21138E+01  1.87195E-03  2.20725E+01
 1.39037E+03  1.82244E-10  1.10389E+01  1.10750E+01  2.21138E+01  1.87241E-03  2.20725E+01
 1.39160E+03  1.43515E-10  1.10389E+01  1.10750E+01  2.21138E+01  1.87308E-03  2.20725E+01
 1.39282E+03  1.33955E-10  1.10389E+01  1.10749E+01  2.21139E+01  1.87386E-03  2.20725E+01
 1.39405E+03  1.35969E-10  1.10390E+01  1.10749E+01  2.21139E+01  1.87461E-03  2.20725E+01
 1.39527E+03  1.67124E-10  1.10391E+01  1.10748E+01  2.21139E+01  1.87520E-03  2.20725E+01
 1.39650E+03  1.68939E-10  1.10391E+01  1.10748E+01  2.21139E+01  1.87553E-03  2.20725E+01
 1.39772E+03  1.48679E-10  1.10392E+01  1.10747E+01  2.21139E+01  1.87560E-03  2.20725E+01
 1.39895E+03  2.52527E-10  1.10392E+01  1.10747E+01  2.21139E+01  1.87547E-03  2.20725E+01
 1.40017E+03  2.95999E-10  1.10392E+01  1.10747E+01  2.21139E+01  1.87521E-03  2.20725E+01
 1.40140E+03  2.31703E-10  1.10392E+01  1.10747E+01  2.21139E+01  1.87489E-03  2.20725E+01
 1.40262E+03  1.85057E-10  1.10391E+01  1.10748E+01  2.21139E+01  1.87456E-03  2.20725E+01
 1.40385E+03  1.90781E-10  1.10390E+01  1.10748E+01  2.21139E+01  1.87427E-03  2.20725E+01
 1.40507E+03  2.93585E-10  1.10390E+01  1.10749E+01  2.21139E+01  1.87408E-03  2.20725E+01
 1.40630E+03  2.91524E-10  1.10389E+01  1.10750E+01  2.21139E+01  1.87409E-03  2.20725E+01
 1.40752E+03  1.88393E-10  1.10389E+01  1.10750E+01  2.21139E+01  1.87435E-03  2.20725E+01
 1.40875E+03  1.62751E-10  1.10388E+01  1.10750E+01  2.21139E+01  1.87488E-03  2.20725E+01
 1.40997E+03  1.36292E-10  1.10389E+01  1.10750E+01  2.21139E+01  1.87565E-03  2.20725E+01
 1.41120E+03  1.36819E-10  1.10389E+01  1.10750E+01  2.21139E+01  1.87653E-03  2.20725E+01
 1.41242E+03  1.26805E-10  1.10390E+01  1.10750E+01  2.21139E+01  1.87737E-03  2.20725E+01
 1.41365E+03  1.00255E-10  1.10390E+01  1.10749E+01  2.21140E+01  1.87802E-03  2.20725E+01
 1.41487E+03  6.79913E-11  1.10391E+01  1.10749E+01  2.21140E+01  1.87845E-03  2.20725E+01
 1.41610E+03  1.09366E-10  1.10391E+01  1.10748E+01  2.21140E+01  1.87866E-03  2.20725E+01
 1.41732E+03  7.78371E-11  1.10391E+01  1.10748E+01  2.21140E+01  1.87877E-03  2.20725E+01
 1.41855E+03  7.95527E-11  1.10391E+01  1.10749E+01  2.21140E+01  1.87886E-03  2.20725E+01
 1.41977E+03  9.86552E-11  1.10391E+01  1.10749E+01  2.21140E+01  1.87895E-03  2.20725E+01
 1.42100E+03  6.43822E-11  1.10390E+01  1.10749E+01  2.21140E+01  1.87900E-03  2.20725E+01
 1.42222E+03  1.20482E-10  1.10390E+01  1.10750E+01  2.21140E+01  1.87894E-03  2.20725E+01
 1.42345E+03  1.83548E-10  1.10390E+01  1.10750E+01  2.21140E+01  1.87873E-03  2.20725E+01
 1.42467E+03  1.97504E-10  1.10389E+01  1.10750E+01  2.21140E+01  1.87839E-03  2.20725E+01
 1.42590E+03  1.80428E-10  1.10389E+01  1.10750E+01  2.21140E+01  1.87803E-03  2.20725E+01
 1.42712E+03  1.90624E-10  1.10389E+01  1.10750E+01  2.21139E+01  1.87778E-03  2.20725E+01
 1.42835E+03  1.79968E-10  1.10389E+01  1.10750E+01  2.21139E+01  1.87776E-03  2.20725E+01
 1.42957E+03  2.17095E-10  1.10389E+01  1.10750E+01  2.21140E+01  1.87805E-03  2.20725E+01
 1.43080E+03  1.72118E-10  1.10390E+01  1.10750E+01  2.21140E+01  1.87864E-03  2.20725E+01
 1.43202E+03  1.24113E-10  1.10390E+01  1.10750E+01  2.21140E+01  1.87948E-03  2.20725E+01
 1.43325E+03  1.03212E-10  1.10390E+01  1.10750E+01  2.21140E+01  1.88048E-03  2.20725E+01
 1.43447E+03  5.91687E-11  1.10390E+01  1.10750E+01  2.21140E+01  1.88154E-03  2.20725E+01
 1.43570E+03  5.94765E-11  1.10390E+01  1.10751E+01  2.21141E+01  1.88257E-03  2.20725E+01
 1.43692E+03  1.38422E-10  1.10390E+01  1.10751E+01  2.21141E+01  1.88348E-03  2.20725E+01
 1.43815E+03  1.28477E-10  1.10390E+01  1.10751E+01  2.21141E+01  1.88416E-03  2.20725E+01
 1.43937E+03  7.47548E-11  1.10389E+01  1.10752E+01  2.21141E+01  1.88449E-03  2.20725E+01
 1.44060E+03  5.47600E-11  1.10389E+01  1.10751E+01  2.21141E+01  1.88438E-03  2.20725E+01
 1.44182E+03  1.36700E-11  1.10389E+01  1.10751E+01  2.21141E+01  1.88379E-03  2.20725E+01
 1.44305E+03  1.86512E-11  1.10390E+01  1.10751E+01  2.21141E+01  1.88283E-03  2.20725E+01
 1.44427E+03  9.01294E-11  1.10390E+01  1.10751E+01  2.21140E+01  1.88169E-03  2.20725E+01
 1.44550E+03  8.95901E-11  1.10390E+01  1.10751E+01  2.21140E+01  1.88063E-03  2.20725E+01
 1.44672E+03  8.57703E-11  1.10389E+01  1.10750E+01  2.21140E+01  1.87989E-03  2.20725E+01
 1.44795E+03  5.61216E-11  1.10389E+01  1.10750E+01  2.21140E+01  1.87967E-03  2.20725E+01
 1.44917E+03  1.55615E-10  1.10389E+01  1.10751E+01  2.21140E+01  1.88007E-03  2.20725E+01
 1.45040E+03  2.07266E-10  1.10389E+01  1.10751E+01  2.21140E+01  1.88109E-03  2.20725E+01
 1.45162E+03  2.06183E-10  1.10389E+01  1.10751E+01  2.21141E+01  1.88260E-03  2.20725E+01
 1.45285E+03  2.21269E-10  1.10389E+01  1.10752E+01  2.21141E+01  1.88440E-03  2.20725E+01
 1.45407E+03  2.41854E-10  1.10389E+01  1.10752E+01  2.21141E+01  1.88620E-03  2.20725E+01
 1.45530E+03  2.58522E-10  1.10389E+01  1.10753E+01  2.21142E+01  1.88772E-03  2.20725E+01
 1.45652E+03  2.87028E-10  1.10389E+01  1.10753E+01  2.21142E+01  1.88873E-03  2.20725E+01
 1.45775E+03  2.80323E-10  1.10389E+01  1.10753E+01  2.21142E+01  1.88909E-03  2.20725E+01
 1.45897E+03  3.01324E-10  1.10389E+01  1.10753E+01  2.21142E+01  1.88879E-03  2.20725E+01
 1.46020E+03  3.11127E-10  1.10389E+01  1.10753E+01  2.21142E+01  1.88791E-03  2.20725E+01
 1.46142E+03  3.30929E-10  1.10389E+01  1.10753E+01  2.21141E+01  1.88665E-03  2.20725E+01
 1.46265E+03  3.74794E-10  1.10389E+01  1.10752E+01  2.21141E+01  1.88526E-03  2.20725E+01
 1.46387E+03  4.16920E-10  1.10389E+01  1.10752E+01  2.21141E+01  1.88403E-03  2.20725E+01
 1.46510E+03  4.67556E-10  1.10389E+01  1.10752E+01  2.21141E+01  1.88318E-03  2.20725E+01
 1.46632E+03  4.34126E-10  1.10389E+01  1.10752E+01  2.21141E+01  1.88288E-03  2.20725E+01
 1.46755E+03  5.07327E-10  1.10389E+01  1.10751E+01  2.21141E+01  1.88316E-03  2.20725E+01
 1.46877E+03  5.61004E-10  1.10389E+01  1.10751E+01  2.21141E+01  1.88401E-03  2.20725E+01
 1.47000E+03  6.18461E-10  1.10390E+01  1.10751E+01  2.21141E+01  1.88532E-03  2.20725E+01
 1.47122E+03  6.34896E-10  1.10390E+01  1.10752E+01  2.21141E+01  1.88692E-03  2.20725E+01
 1.47245E+03  5.91811E-10  1.10390E+01  1.10752E+01  2.21142E+01  1.88857E-03  2.20725E+01
 1.47367E+03  6.65247E-10  1.10389E+01  1.10753E+01  2.21142E+01  1.89005E-03  2.20725E+01
 1.47490E+03  6.33127E-10  1.10389E+01  1.10754E+01  2.21142E+01  1.89113E-03  2.20725E+01
 1.47612E+03  6.73283E-10  1.10388E+01  1.10754E+01  2.21143E+01  1.89169E-03  2.20725E+01
 1.47735E+03  6.66978E-10  1.10388E+01  1.10755E+01  2.21143E+01  1.89170E-03  2.20725E+01
 1.47857E+03  6.49113E-10  1.10388E+01  1.10755E+01  2.21142E+01  1.89125E-03  2.20725E+01
 1.47980E+03  6.41993E-10  1.10387E+01  1.10755E+01  2.21142E+01  1.89048E-03  2.20725E+01
 1.48102E+03  7.25933E-10  1.10387E+01  1.10755E+01  2.21142E+01  1.88958E-03  2.20725E+01
 1.48225E+03  7.18243E-10  1.10388E+01  1.10754E+01  2.21142E+01  1.88873E-03  2.20725E+01
 1.48347E+03  7.18239E-10  1.10388E+01  1.10754E+01  2.21142E+01  1.88809E-03  2.20725E+01
 1.48470E+03  6.61206E-10  1.10388E+01  1.10753E+01  2.21142E+01  1.88775E-03  2.20725E+01
 1.48592E+03  6.51355E-10  1.10389E+01  1.10753E+01  2.21142E+01  1.88774E-03  2.20725E+01
 1.48715E+03  6.40198E-10  1.10390E+01  1.10752E+01  2.21142E+01  1.88806E-03  2.20725E+01
 1.48837E+03  6.15607E-10  1.10390E+01  1.10752E+01  2.21142E+01  1.88865E-03  2.20725E+01
 1.48960E+03  6.50946E-10  1.10390E+01  1.10752E+01  2.21142E+01  1.88945E-03  2.20725E+01
 1.49082E+03  5.92174E-10  1.10390E+01  1.10752E+01  2.21142E+01  1.89037E-03  2.20725E+01
 1.49205E+03  5.93143E-10  1.10390E+01  1.10752E+01  2.21142E+01  1.89130E-03  2.20725E+01
 1.49327E+03  6.93537E-10  1.10389E+01  1.10753E+01  2.21143E+01  1.89213E-03  2.20725E+01
 1.49450E+03  5.80985E-10  1.10389E+01  1.10754E+01  2.21143E+01  1.89274E-03  2.20725E+01
 1.49572E+03  5.06272E-10  1.10388E+01  1.10755E+01  2.21143E+01  1.89310E-03  2.20725E+01
 1.49695E+03  4.49881E-10  1.10388E+01  1.10755E+01  2.21143E+01  1.89326E-03  2.20725E+01
 1.49817E+03  4.46848E-10  1.10387E+01  1.10755E+01  2.21143E+01  1.89332E-03  2.20725E+01
 1.49940E+03  4.71305E-10  1.10387E+01  1.10756E+01  2.21143E+01  1.89337E-03  2.20725E+01
 1.50062E+03  4.68284E-10  1.10387E+01  1.10756E+01  2.21143E+01  1.89347E-03  2.20725E+01
 1.50185E+03  4.97153E-10  1.10388E+01  1.10755E+01  2.21143E+01  1.89360E-03  2.20725E+01
 1.50307E+03  5.10694E-10  1.10388E+01  1.10755E+01  2.21143E+01  1.89369E-03  2.20725E+01
 1.50430E+03  5.04405E-10  1.10389E+01  1.10754E+01  2.21143E+01  1.89366E-03  2.20725E+01
 1.50552E+03  4.21018E-10  1.10389E+01  1.10754E+01  2.21143E+01  1.89347E-03  2.20725E+01
 1.50675E+03  4.24065E-10  1.10390E+01  1.10753E+01  2.21143E+01  1.89317E-03  2.20725E+01
 1.50797E+03  4.20881E-10  1.10390E+01  1.10753E+01  2.21143E+01  1.89285E-03  2.20725E+01
 1.50920E+03  4.23431E-10  1.10391E+01  1.10752E+01  2.21143E+01  1.89262E-03  2.20725E+01
 1.51042E+03  4.97483E-10  1.10390E+01  1.10752E+01  2.21143E+01  1.89256E-03  2.20725E+01
 1.51165E+03  3.84158E-10  1.10390E+01  1.10753E+01  2.21143E+01  1.89273E-03  2.20725E+01
 1.51287E+03  4.50591E-10  1.10390E+01  1.10753E+01  2.21143E+01  1.89312E-03  2.20725E+01
 1.51410E+03  4.03246E-10  1.10389E+01  1.10754E+01  2.21143E+01  1.89370E-03  2.20725E+01
 1.51532E+03  3.32139E-10  1.10389E+01  1.10754E+01  2.21143E+01  1.89443E-03  2.20725E+01
 1.51655E+03  3.66943E-10  1.10389E+01  1.10755E+01  2.21143E+01  1.89527E-03  2.20725E+01
 1.51777E+03  3.08305E-10  1.10388E+01  1.10755E+01  2.21144E+01  1.89619E-03  2.20725E+01
 1.51900E+03  3.24095E-10  1.10388E+01  1.10756E+01  2.21144E+01  1.89713E-03  2.20725E+01
 1.52022E+03  3.07972E-10  1.10388E+01  1.10756E+01  2.21144E+01  1.89799E-03  2.20725E+01
 1.52145E+03  2.48689E-10  1.10388E+01  1.10756E+01  2.21144E+01  1.89863E-03  2.20725E+01
 1.52267E+03  2.59550E-10  1.10388E+01  1.10756E+01  2.21144E+01  1.89890E-03  2.20725E+01
 1.52390E+03  2.17829E-10  1.10389E+01  1.10755E+01  2.21144E+01  1.89872E-03  2.20725E+01
 1.52512E+03  2.16793E-10  1.10389E+01  1.10755E+01  2.21144E+01  1.89812E-03  2.20725E+01
 1.52635E+03  1.92998E-10  1.10389E+01  1.10754E+01  2.21144E+01  1.89726E-03  2.20725E+01
 1.52757E+03  2.28586E-10  1.10390E+01  1.10754E+01  2.21144E+01  1.89635E-03  2.20725E+01
 1.52880E+03  2.49123E-10  1.10390E+01  1.10754E+01  2.21143E+01  1.89557E-03  2.20725E+01
 1.53002E+03  2.80300E-10  1.10390E+01  1.10753E+01  2.21143E+01  1.89510E-03  2.20725E+01
 1.53125E+03  2.13311E-10  1.10390E+01  1.10753E+01  2.21143E+01  1.89503E-03  2.20725E+01
 1.53247E+03  1.47591E-10  1.10390E+01  1.10753E+01  2.21143E+01  1.89537E-03  2.20725E+01
 1.53370E+03  1.66855E-10  1.10390E+01  1.10754E+01  2.21144E+01  1.89607E-03  2.20725E+01
 1.53492E+03  1.43602E-10  1.10390E+01  1.10754E+01  2.21144E+01  1.89706E-03  2.20725E+01
 1.53615E+03  3.21439E-11  1.10390E+01  1.10754E+01  2.21144E+01  1.89820E-03  2.20725E+01
 1.53737E+03 -9.25413E-12  1.10390E+01  1.10755E+01  2.21144E+01  1.89936E-03  2.20725E+01
 1.53860E+03 -1.23594E-11  1.10389E+01  1.10755E+01  2.21144E+01  1.90043E-03  2.20725E+01
 1.53982E+03 -5.03638E-11  1.10389E+01  1.10755E+01  2.21145E+01  1.90131E-03  2.20725E+01
 1.54105E+03 -4.12273E-11  1.10389E+01  1.10756E+01  2.21145E+01  1.90191E-03  2.20725E+01
 1.54227E+03 -4.72895E-11  1.10389E+01  1.10756E+01  2.21145E+01  1.90218E-03  2.20725E+01
 1.54350E+03 -2.58601E-11  1.10389E+01  1.10756E+01  2.21145E+01  1.90212E-03  2.20725E+01
 1.54472E+03 -1.45688E-10  1.10389E+01  1.10756E+01  2.21145E+01  1.90178E-03  2.20725E+01
 1.54595E+03 -9.86782E-11  1.10389E+01  1.10756E+01  2.21145E+01  1.90125E-03  2.20725E+01
 1.54717E+03 -9.81029E-11  1.10389E+01  1.10755E+01  2.21145E+01  1.90064E-03  2.20725E+01
 1.54840E+03 -1.20286E-10  1.10389E+01  1.10755E+01  2.21144E+01  1.90005E-03  2.20725E+01
 1.54962E+03 -1.97101E-10  1.10390E+01  1.10754E+01  2.21144E+01  1.89956E-03  2.20725E+01
 1.55085E+03 -2.38690E-10  1.10390E+01  1.10754E+01  2.21144E+01  1.89926E-03  2.20725E+01
 1.55207E+03 -2.11846E-10  1.10390E+01  1.10754E+01  2.21144E+01  1.89922E-03  2.20725E+01
 1.55330E+03 -2.39880E-10  1.10391E+01  1.10754E+01  2.21144E+01  1.89945E-03  2.20725E+01
 1.55452E+03 -1.55877E-10  1.10391E+01  1.10754E+01  2.21144E+01  1.89993E-03  2.20725E+01
 1.55575E+03 -1.60144E-10  1.10391E+01  1.10754E+01  2.21145E+01  1.90062E-03  2.20725E+01
 1.55697E+03 -9.86631E-11  1.10391E+01  1.10754E+01  2.21145E+01  1.90144E-03  2.20725E+01
 1.55820E+03 -1.29298E-10  1.10390E+01  1.10754E+01  2.21145E+01  1.90235E-03  2.20725E+01
 1.55942E+03 -1.64151E-11  1.10390E+01  1.10755E+01  2.21145E+01  1.90330E-03  2.20725E+01
 1.56065E+03 -4.60388E-12  1.10390E+01  1.10756E+01  2.21145E+01  1.90423E-03  2.20725E+01
 1.56187E+03  3.69196E-11  1.10389E+01  1.10756E+01  2.21145E+01  1.90505E-03  2.20725E+01
 1.56310E+03  5.00897E-11  1.10389E+01  1.10756E+01  2.21146E+01  1.90565E-03  2.20725E+01
 1.56432E+03  2.20509E-11  1.10389E+01  1.10756E+01  2.21146E+01  1.90596E-03  2.20725E+01
 1.56555E+03 -5.54581E-11  1.10390E+01  1.10756E+01  2.21146E+01  1.90591E-03  2.20725E+01
 1.56677E+03 -4.43340E-11  1.10390E+01  1.10756E+01  2.21146E+01  1.90552E-03  2.20725E+01
 1.56800E+03 -9.76360E-11  1.10391E+01  1.10755E+01  2.21145E+01  1.90487E-03  2.20725E+01
 1.56922E+03 -1.32167E-10  1.10391E+01  1.10754E+01  2.21145E+01  1.90409E-03  2.20725E+01
 1.57045E+03 -1.31463E-10  1.10391E+01  1.10754E+01  2.21145E+01  1.90332E-03  2.20725E+01
 1.57167E+03 -3.87356E-11  1.10392E+01  1.10753E+01  2.21145E+01  1.90273E-03  2.20725E+01
 1.57290E+03 -6.71562E-11  1.10392E+01  1.10753E+01  2.21145E+01  1.90243E-03  2.20725E+01
 1.57412E+03 -1.10952E-10  1.10392E+01  1.10753E+01  2.21145E+01  1.90248E-03  2.20725E+01
 1.57535E+03 -7.23615E-11  1.10392E+01  1.10753E+01  2.21145E+01  1.90290E-03  2.20725E+01
 1.57657E+03  3.09260E-11  1.10392E+01  1.10753E+01  2.21145E+01  1.90366E-03  2.20725E+01
 1.57780E+03  3.34802E-11  1.10391E+01  1.10754E+01  2.21145E+01  1.90470E-03  2.20725E+01
 1.57902E+03  7.86480E-11  1.10391E+01  1.10755E+01  2.21146E+01  1.90592E-03  2.20725E+01
 1.58025E+03  1.24827E-10  1.10391E+01  1.10755E+01  2.21146E+01  1.90717E-03  2.20725E+01
 1.58147E+03  5.42805E-11  1.10390E+01  1.10756E+01  2.21146E+01  1.90826E-03  2.20725E+01
 1.58270E+03  2.25021E-11  1.10390E+01  1.10756E+01  2.21146E+01  1.90904E-03  2.20725E+01
 1.58392E+03  8.57679E-11  1.10391E+01  1.10756E+01  2.21146E+01  1.90939E-03  2.20725E+01
 1.58515E+03  1.11845E-10  1.10391E+01  1.10755E+01  2.21146E+01  1.90929E-03  2.20725E+01
 1.58637E+03  1.72295E-10  1.10392E+01  1.10755E+01  2.21146E+01  1.90879E-03  2.20725E+01
 1.58760E+03  1.26857E-10  1.10392E+01  1.10754E+01  2.21146E+01  1.90801E-03  2.20725E+01
 1.58882E+03  1.23949E-10  1.10393E+01  1.10753E+01  2.21146E+01  1.90710E-03  2.20725E+01
 1.59005E+03  1.16807E-10  1.10393E+01  1.10753E+01  2.21146E+01  1.90626E-03  2.20725E+01
 1.59127E+03  1.72806E-10  1.10393E+01  1.10753E+01  2.21146E+01  1.90566E-03  2.20725E+01
 1.59250E+03  1.86841E-10  1.10393E+01  1.10752E+01  2.21146E+01  1.90544E-03  2.20725E+01
 1.59372E+03  1.28927E-10  1.10393E+01  1.10753E+01  2.21146E+01  1.90570E-03  2.20725E+01
 1.59495E+03  9.68579E-11  1.10393E+01  1.10753E+01  2.21146E+01  1.90639E-03  2.20725E+01
 1.59617E+03  9.68112E-11  1.10393E+01  1.10753E+01  2.21146E+01  1.90742E-03  2.20725E+01
 1.59740E+03  8.72497E-11  1.10393E+01  1.10754E+01  2.21146E+01  1.90860E-03  2.20725E+01
 1.59862E+03  9.68140E-11  1.10392E+01  1.10754E+01  2.21147E+01  1.90974E-03  2.20725E+01
 1.59985E+03  1.02998E-10  1.10392E+01  1.10755E+01  2.21147E+01  1.91064E-03  2.20725E+01
 1.60107E+03  1.99900E-10  1.10392E+01  1.10755E+01  2.21147E+01  1.91118E-03  2.20725E+01
 1.60230E+03  2.41984E-10  1.10392E+01  1.10755E+01  2.21147E+01  1.91135E-03  2.20725E+01
 1.60352E+03  1.67941E-10  1.10392E+01  1.10755E+01  2.21147E+01  1.91117E-03  2.20725E+01
 1.60475E+03  2.99004E-11  1.10393E+01  1.10749E+01  2.21141E+01  1.88637E-03  2.20725E+01
