2001
0
3
4
0
19.4999999999905 0 1.62831946782785e-05 107344 55 1950 0 1950 0.500030948877291 0.00253786427398651 -3.78274807079487e-08 0.00115737330880492 
19.4899999999905 0 1.75390175459087e-05 107343 55 1949 0 1949 0.499990935450383 0.0025319245997312 -8.21609425237167e-08 0.00119009551616093 
19.4799999999905 0 1.78258333998803e-05 107342 55 1948 0 1948 0.500014246858579 0.00252711106277464 -1.36780309375608e-07 0.00122330546051978 
19.4699999999905 0 1.91662159331552e-05 107341 55 1947 0 1947 0.499971556204066 0.00252374218895303 -1.86665330021656e-07 0.00125701834183313 
19.4599999999905 0 1.94724426040389e-05 107340 55 1946 0 1946 0.499995752365887 0.00252078507792653 -2.31617051082825e-07 0.00129106323532185 
19.4499999999905 0 1.97867690565935e-05 107339 55 1945 0 1945 0.500021260966708 0.00251932886914498 -2.53139604489765e-07 0.00132577730987575 
19.4399999999906 0 2.12461242028034e-05 107338 55 1944 0 1944 0.499974805917382 0.00251905164205061 -2.59174301389241e-07 0.00136091418166087 
19.4299999999906 0 2.15753214508549e-05 107337 55 1943 0 1943 0.500001487048394 0.0025191436549712 -2.51470820374543e-07 0.00139642258017122 
19.4199999999906 0 2.19177204211904e-05 107336 55 1942 0 1942 0.500029467560063 0.00252065694024447 -2.2266034187938e-07 0.00143270182226397 
19.4099999999906 0 2.35066373614696e-05 107335 55 1941 0 1941 0.499978917503595 0.00252316575209211 -1.89622118729531e-07 0.00146935989847778 
19.3999999999906 0 2.38675038896335e-05 107334 55 1940 0 1940 0.500008113033571 0.00252610811836663 -1.51321955298972e-07 0.00150653233855623 
19.3899999999906 0 2.42333900404559e-05 107333 55 1939 0 1939 0.500039030490263 0.00253019031251886 -1.14741091089574e-07 0.00154446361213351 
19.3799999999906 0 2.59633335946887e-05 107332 55 1938 0 1938 0.499984027499707 0.00253528580948296 -8.08500315968032e-08 0.00158280527245841 
19.3699999999906 0 2.63589106134499e-05 107331 55 1937 0 1937 0.500015974885977 0.00254092055673611 -5.29697281610571e-08 0.00162183075455444 
19.3599999999906 0 2.82053662968903e-05 107330 55 1936 0 1936 0.499957300026074 0.00254796967218855 -3.21492206097925e-08 0.00166155685912426 
19.3499999999907 0 2.86332783730444e-05 107329 55 1935 0 1935 0.499990287991075 0.00255515460190753 -1.53724681320264e-08 0.0017017119230328 
19.3399999999907 0 2.90670110994068e-05 107328 55 1934 0 1934 0.500025251252787 0.00256345490182318 -5.57863470396437e-09 0.0017427168618885 
19.3299999999907 0 3.10780682740109e-05 107327 55 1933 0 1933 0.499961391134775 0.0025730296597581 9.16714367331169e-10 0.00178433510370075 
19.3199999999907 0 3.1535502642949e-05 107326 55 1932 0 1932 0.499997873503353 0.00258268438586185 5.05677935137999e-09 0.001826402236912 
19.3099999999907 0 3.20112944269309e-05 107325 55 1931 0 1931 0.500036147301527 0.00259358573139031 6.13383573081793e-09 0.00186950167212839 
19.2999999999907 0 3.42022699821995e-05 107324 55 1930 0 1930 0.49996662781421 0.00260562564566432 6.51930986934536e-09 0.00191311794644382 
19.2899999999907 0 3.47009474754518e-05 107323 55 1929 0 1929 0.500006673864031 0.00261779602124267 6.11780614707976e-09 0.00195731356047759 
19.2799999999907 0 3.52133238572354e-05 107322 55 1928 0 1928 0.500048896493218 0.00263108966735232 5.24536474950969e-09 0.00200253776193425 
19.2699999999907 0 3.76010812585242e-05 107321 55 1927 0 1927 0.499973197048151 0.00264552311288813 4.31664457719484e-09 0.00204827465746133 
19.2599999999907 0 3.81485732530197e-05 107320 55 1926 0 1926 0.500017055092654 0.00266016158573242 3.37045236339143e-09 0.00209477645942038 
19.2499999999907 0 3.86967814042394e-05 107319 55 1925 0 1925 0.50006376243245 0.00267573404314276 2.5639074241081e-09 0.00214222525197887 
19.2399999999908 0 4.12998030418187e-05 107318 55 1924 0 1924 0.499981314224948 0.0026924999817324 1.84734468805437e-09 0.00219021762232602 
19.2299999999908 0 4.19011968113463e-05 107317 55 1923 0 1923 0.500029360999578 0.00270953602086222 1.31038763015801e-09 0.00223918391386965 
19.2199999999908 0 4.46827844338442e-05 107316 55 1922 0 1922 0.49994133129208 0.00272806056868886 8.99128818943453e-10 0.00228900491236921 
19.2099999999908 0 4.53260854292349e-05 107315 55 1921 0 1921 0.499991224605125 0.00274639299425051 5.66071088502034e-10 0.00233939165262433 
19.1999999999908 0 4.59870104290647e-05 107314 55 1920 0 1920 0.500043873186751 0.00276578360655261 3.57050318516233e-10 0.00239099135339084 
19.1899999999908 0 4.90212416427386e-05 107313 55 1919 0 1919 0.499947951449325 0.00278658818484238 1.95861289932261e-10 0.00244333165900397 
19.1799999999908 0 4.97147097682253e-05 107312 55 1918 0 1918 0.500003061408792 0.00280715377764037 7.67356669854241e-11 0.00249631447859889 
19.1699999999908 0 5.04368213229038e-05 107311 55 1917 0 1917 0.500060909002109 0.0028288505856943 1.06235750630044e-11 0.0025506818209831 
19.1599999999908 0 5.37474338172935e-05 107310 55 1916 0 1916 0.499956372760782 0.00285194298092202 -4.10429694023784e-11 0.00260569966571423 
19.1499999999909 0 5.45101296354879e-05 107309 55 1915 0 1915 0.500016778067485 0.002874858504312 -7.40760097325644e-11 0.00266158602102184 
19.1399999999909 0 5.52843114484938e-05 107308 55 1914 0 1914 0.50008082591358 0.00289876159158996 -9.01640483662077e-11 0.00271875682041055 
19.1299999999909 0 5.88972700958593e-05 107307 55 1913 0 1913 0.499966888553603 0.00292416920200408 -9.96745328990022e-11 0.00277661484412734 
19.1199999999909 0 5.97364882435059e-05 107306 55 1912 0 1912 0.500033107877399 0.00294945748985117 -1.00284046094049e-10 0.0028355923538174 
19.1099999999909 0 6.35997387405923e-05 107305 55 1911 0 1911 0.499911420450546 0.00297666502893347 -9.70532723089557e-11 0.00289574377084894 
19.0999999999909 0 6.4510010824771e-05 107304 55 1910 0 1910 0.499979831461504 0.00300335477537474 -9.20714053018718e-11 0.00295660305351693 
19.0899999999909 0 6.54338365110108e-05 107303 55 1909 0 1909 0.500052431970712 0.00303105434162612 -8.59958094566455e-11 0.00301887045691072 
19.0799999999909 0 6.96518141463862e-05 107302 55 1908 0 1908 0.499919770665078 0.00306066193077974 -8.01358615930365e-11 0.00308217201136457 
19.0699999999909 0 7.06285572153716e-05 107301 55 1907 0 1907 0.499995577173131 0.00308963607421692 -7.43959261217505e-11 0.00314621909989783 
19.0599999999909 0 7.16459523421838e-05 107300 55 1906 0 1906 0.500075178269706 0.00311980594565772 -6.93393094832493e-11 0.00321198324885276 
19.0499999999909 0 7.62519030591087e-05 107299 55 1905 0 1905 0.499930551889196 0.00315188482435366 -6.46449918300903e-11 0.00327861721070345 
19.039999999991 0 7.7320857416136e-05 107298 55 1904 0 1904 0.500013887708089 0.00318332454197691 -6.03080128278333e-11 0.00334621115967248 
19.029999999991 0 7.84206886207976e-05 107297 55 1903 0 1903 0.500101825888403 0.00321590957485864 -5.67284377662563e-11 0.00341550733436288 
19.019999999991 0 8.34508826332058e-05 107296 55 1902 0 1902 0.499944160325754 0.00325053906031402 -5.34650535290957e-11 0.003485660494777 
19.009999999991 0 8.46289320987261e-05 107295 55 1901 0 1901 0.500035528927658 0.00328455635410452 -5.05918559310121e-11 0.00355707245579737 
19.99999999999 0 5.11068579259373e-07 107394 55 2000 0 2000 0.500000569375359 -0.0428763308105289 -1.48065589146909e-05 3.66956874406235e-05 
19.98999999999 0 5.19337773844525e-07 107393 55 1999 0 1999 0.500002770302288 -0.0412666055428034 -6.09278212590492e-05 0.00167630289447822 
19.97999999999 0 1.07794796288304e-06 107392 55 1998 0 1998 0.499979503266903 -0.033910079262079 -0.000271787224063945 0.00917230337744212 
19.96999999999 0 1.60678051733774e-06 107391 55 1997 0 1997 0.499957137965466 -0.0263499177277183 -0.000294873968937191 0.00700126250169493 
19.95999999999 0 9.63640319168006e-07 107390 55 1996 0 1996 0.500007662340472 -0.0187235254028152 -0.000224615765243017 0.00108997203714398 
19.9499999999901 0 1.36121715696089e-06 107389 55 1995 0 1995 0.499976308649838 -0.0115219882554636 -0.000203338642323738 0.00798372176236797 
19.9399999999901 0 1.86088360562033e-06 107388 55 1994 0 1994 0.499961699176272 -0.00419823967558897 -0.000131423554707772 0.00758463210080661 
19.9299999999901 0 1.84226822196737e-06 107387 55 1993 0 1993 0.500000794638535 0.00323347663934167 -1.48146890126345e-05 0.000749391041433914 
19.9199999999901 0 1.90547578642758e-06 107386 55 1992 0 1992 0.500004613401933 0.00411529067208628 5.26062392187411e-05 0.000471407978370188 
19.9099999999901 0 1.9908559492068e-06 107385 55 1991 0 1991 0.500001640578042 0.00457161502654586 7.66056726830591e-05 0.000399005620407294 
19.8999999999901 0 1.96841951244885e-06 107384 55 1990 0 1990 0.499999129719226 0.00471478129452149 3.94592273745284e-05 0.000317914253929292 
19.8899999999901 0 1.96970405162093e-06 107383 55 1989 0 1989 0.500008121036293 0.0048459834141199 3.35468662091531e-05 0.000281187736010703 
19.8799999999901 0 2.3419741975797e-06 107382 55 1988 0 1988 0.499996148301753 0.00492676300385375 2.82863040637416e-05 0.00024984794445219 
19.8699999999901 0 2.4226472517706e-06 107381 55 1987 0 1987 0.500003755611055 0.00488357307521884 9.904456411758e-06 0.000211271116560969 
19.8599999999901 0 2.87346402306609e-06 107380 55 1986 0 1986 0.499989328691691 0.00487294908528683 7.04617799747796e-06 0.000252221495127416 
19.8499999999901 0 2.97546916513611e-06 107379 55 1985 0 1985 0.499997756860452 0.00487287898393147 8.6705569169832e-06 0.00030989494165474 
19.8399999999902 0 3.07388589815358e-06 107378 55 1984 0 1984 0.50000584005912 0.00486263636791274 1.69993467849788e-06 0.000289804622058751 
19.8299999999902 0 3.52456648466254e-06 107377 55 1983 0 1983 0.499991426949213 0.00482306364859426 2.21574607280267e-07 0.000278673932938752 
19.8199999999902 0 3.62336305127255e-06 107376 55 1982 0 1982 0.499999556301089 0.00476098843919857 2.35479058999286e-06 0.000273672043619388 
19.8099999999902 0 3.72334711673181e-06 107375 55 1981 0 1981 0.500007744622349 0.00463484060441433 -5.36260494204231e-08 0.000268562057540492 
19.7999999999902 0 4.20709607974398e-06 107374 55 1980 0 1980 0.499992283158148 0.00449277502485433 -4.41529519621368e-07 0.000268799176924473 
19.7899999999902 0 4.32023152370162e-06 107373 55 1979 0 1979 0.500001547487431 0.00433220079578155 1.46071316807868e-06 0.000275107582345688 
19.7799999999902 0 4.44006111068734e-06 107372 55 1978 0 1978 0.500011951484388 0.00415131372826818 8.3274640658161e-07 0.00029188023158466 
19.7699999999902 0 5.02558433556049e-06 107371 55 1977 0 1977 0.499993238667158 0.00397207782513893 4.76890777567034e-07 0.000313872566979543 
19.7599999999902 0 5.16070217993023e-06 107370 55 1976 0 1976 0.500004301690953 0.0037993246741423 1.14023665394326e-06 0.000343786519334587 
19.7499999999903 0 5.29568065765849e-06 107369 55 1975 0 1975 0.500015926284362 0.00364124648530626 8.5790652161692e-07 0.000377693427745858 
19.7399999999903 0 5.93837601367032e-06 107368 55 1974 0 1974 0.499995388945378 0.00349419899144749 4.73266289020385e-07 0.000413441489008248 
19.7299999999903 0 6.08310556197283e-06 107367 55 1973 0 1973 0.500007243592284 0.00337084851141913 6.6885336495496e-07 0.000451801604862363 
19.7199999999903 0 6.7542953003652e-06 107366 55 1972 0 1972 0.499985800340974 0.00326657755752881 5.27080989807278e-07 0.000489894501458853 
19.7099999999903 0 6.90518779309507e-06 107365 55 1971 0 1971 0.499997897449486 0.00317456336434425 2.48058316640371e-07 0.0005276914416362 
19.6999999999903 0 7.0593145018354e-06 107364 55 1970 0 1970 0.500010512057188 0.00310767880481112 3.51340654845021e-07 0.000563901977463448 
19.6899999999903 0 7.77782428959279e-06 107363 55 1969 0 1969 0.499987564502674 0.00305046282168754 4.16316701356703e-07 0.000597200392290563 
19.6799999999903 0 7.93880101093193e-06 107362 55 1968 0 1968 0.50000072806968 0.00300136738226406 4.47437801511556e-07 0.000627933981285063 
19.6699999999903 0 8.10706068434062e-06 107361 55 1967 0 1967 0.500014608384469 0.00296031733995661 6.89239166683032e-07 0.000654169970165689 
19.6599999999903 0 8.89359270485942e-06 107360 55 1966 0 1966 0.499989496415526 0.0029202159443655 8.75448594908103e-07 0.000679913254650545 
19.6499999999903 0 9.07136463242086e-06 107359 55 1965 0 1965 0.500004026511278 0.0028805617477988 9.70305665332249e-07 0.000705152985629168 
19.6399999999904 0 9.25151794297328e-06 107358 55 1964 0 1964 0.500019424711013 0.00284158884624023 1.01181076892919e-06 0.000731043937544808 
19.6299999999904 0 1.01085780322991e-05 107357 55 1963 0 1963 0.499992066420927 0.00280350138382635 1.00152585893134e-06 0.000757618372425578 
19.6199999999904 0 1.03025343285053e-05 107356 55 1962 0 1962 0.500007914857057 0.00276650771748283 8.83818394861611e-07 0.000785638499236065 
19.6099999999904 0 1.12114818362607e-05 107355 55 1961 0 1961 0.499978906989495 0.0027326404194214 7.4157415061259e-07 0.000814442808360433 
19.5999999999904 0 1.14193327876051e-05 107354 55 1960 0 1960 0.499995225179781 0.00270038640575321 5.86237090229864e-07 0.000843751268818998 
19.5899999999904 0 1.16295948464464e-05 107353 55 1959 0 1959 0.500012396098831 0.00267208185206281 4.12637555740312e-07 0.000874110670649627 
19.5799999999904 0 1.26100557239599e-05 107352 55 1958 0 1958 0.499981117125161 0.00264713212898998 2.70443714712941e-07 0.000904725633321076 
19.5699999999904 0 1.28306635065554e-05 107351 55 1957 0 1957 0.499998962455918 0.00262419273150527 1.51345406711272e-07 0.000935532484046497 
19.5599999999904 0 1.30594435822293e-05 107350 55 1956 0 1956 0.500017617029548 0.0026057720000623 8.38221720428719e-08 0.00096679767678911 
19.5499999999905 0 1.41210571410321e-05 107349 55 1955 0 1955 0.49998376303236 0.002589531248466 4.075021902642e-08 0.000998106084962127 
19.5399999999905 0 1.43602284197845e-05 107348 55 1954 0 1954 0.500003247071724 0.00257518603448103 2.53819568958467e-08 0.00102946474743931 
19.5299999999905 0 1.46057054466386e-05 107347 55 1953 0 1953 0.500023759556451 0.00256368299551988 2.08812553636923e-08 0.0010611214698968 
19.5199999999905 0 1.57594757330586e-05 107346 55 1952 0 1952 0.499986982248797 0.00255363423163328 1.33614276353235e-08 0.00109291629343608 
19.5099999999905 0 1.60212716266411e-05 107345 55 1951 0 1951 0.500008283091097 0.00254496088939257 -2.07501802431023e-09 0.00112491610905191 
1.99000000000801 0 0.167295545169477 117002 45 199 0 199 0.56005625268722 0.779680023628956 -8.22385097248974e-15 -0.42798759036996 
1.98000000000802 0 0.164932295887873 117001 45 198 0 198 0.523769047511715 0.771912316064746 -1.44928305278422e-14 -0.442778893737524 
1.97000000000803 0 0.162518163763386 117000 45 197 0 197 0.458590926313749 0.758575429954893 -1.67285045403075e-14 -0.455870381184387 
1.96000000000804 0 0.160024043696228 116999 45 196 0 196 0.438281160000512 0.744846777979802 -1.72863292941612e-14 -0.46758033552654 
1.95000000000805 0 0.157491742999146 116998 45 195 0 195 0.470019375065455 0.730896693786272 -1.46597577792792e-14 -0.477400962080494 
1.94000000000806 0 0.154976017861788 116997 45 194 0 194 0.529973008515709 0.724038635332388 -1.14594638044883e-14 -0.481100717045957 
1.93000000000807 0 0.152418393424995 116996 45 193 0 193 0.562093092606727 0.718915883949376 -8.49983729549665e-15 -0.485226226124215 
1.92000000000808 0 0.149827635423007 116995 45 192 0 192 0.534960982640253 0.710183815823695 -6.4855140421088e-15 -0.499925137237855 
1.91000000000809 0 0.147161674699877 116994 45 191 0 191 0.464731777973477 0.693663072560087 -7.33519257684372e-15 -0.513389930284506 
1.9000000000081 0 0.144433406391929 116993 45 190 0 190 0.437396068545936 0.678621881239795 -1.04895337005838e-14 -0.523935913889649 
1.89000000000811 0 0.141668943250179 116992 45 189 0 189 0.476686659357128 0.664897953912922 -1.37737926725752e-14 -0.531254708933361 
1.88000000000812 0 0.138941227120881 116991 45 188 0 188 0.540097457871785 0.657281250969177 -1.65943416499666e-14 -0.534340752172554 
1.87000000000813 0 0.136197609145252 116990 45 187 0 187 0.55975769361263 0.653895658679798 -1.94299486155173e-14 -0.53513113998017 
1.86000000000814 0 0.133413726372779 116989 45 186 0 186 0.516169070863939 0.639915053090882 -2.07147382627778e-14 -0.551065457081402 
1.85000000000815 0 0.130562727641743 116988 45 185 0 185 0.448733775842185 0.622969436799737 -2.23712961663415e-14 -0.562032673290273 
1.84000000000816 0 0.127666553878507 116987 45 184 0 184 0.444925662194192 0.606830012767969 -2.18400787369214e-14 -0.570617538051185 
5.99000000000401 0 0.160534989508654 57609 132 599 0 599 0.43803491627285 0.751812901954285 5.6602503427473e-15 -0.428992161504203 
5.98000000000402 0 0.158192031353204 57608 132 598 0 598 0.454067409093008 0.737222864722431 7.54471638992359e-15 -0.43957185545963 
5.97000000000403 0 0.15585311510123 57607 132 597 0 597 0.509662623089353 0.729232727442963 3.72862617697564e-15 -0.442217472784295 
5.96000000000404 0 0.153504792470365 57606 132 596 0 596 0.556960592050872 0.724996281471833 2.79999885339393e-15 -0.444655868554544 
5.95000000000405 0 0.15117045559547 57605 132 595 0 595 0.555851287951836 0.724057975497693 7.0610051612272e-15 -0.451499952370425 
5.94000000000406 0 0.148776598231383 57604 132 594 0 594 0.509022836066459 0.716339536078979 2.39205718411737e-14 -0.464720780947859 
5.93000000000407 0 0.146321199625219 57603 132 593 0 593 0.450571019276206 0.70472469614072 2.8424355299791e-14 -0.475231562816717 
5.92000000000408 0 0.143831228330681 57602 132 592 0 592 0.439427766327632 0.689038916974911 3.05776194371123e-14 -0.485735056617391 
5.91000000000409 0 0.141328469625499 57601 132 591 0 591 0.482748502540634 0.678352075582269 3.10995048820488e-14 -0.491128644992496 
5.9000000000041 0 0.138813523147626 57600 132 590 0 590 0.542033537408044 0.672255148081965 3.06068861586688e-14 -0.493061110315609 
5.89000000000411 0 0.136349450440848 57599 132 589 0 589 0.560687952064487 0.671720724420027 2.70485499764366e-14 -0.493729230953899 
5.88000000000412 0 0.133826624784955 57598 132 588 0 588 0.527646631043829 0.664846658621332 3.2326062939839e-14 -0.504646137581819 
5.87000000000413 0 0.131266756492956 57597 132 587 0 587 0.459856646843587 0.651082776273798 3.77988489830982e-14 -0.516991425562296 
5.86000000000414 0 0.128679964331206 57596 132 586 0 586 0.437325738832637 0.635801348153581 3.97664265662083e-14 -0.526406777811065 
5.85000000000415 0 0.126043727838791 57595 132 585 0 585 0.473652560425965 0.623250321418441 4.22681299120159e-14 -0.53244797408724 
6.000000000004 0 0.162843324055452 62186 48 600 0 600 0.465129478473461 0.764332417584824 6.55811633767982e-15 -0.418020778499638 
6.49000000000351 0 0.203403454493667 62235 48 649 0 649 0.490851536745127 0.915072403481878 -3.50914661086844e-14 0.245759651854946 
6.48000000000352 0 0.204662424355099 62234 48 648 0 648 0.460112518678616 0.930434337523588 -2.77841475872162e-14 0.222103361993387 
6.47000000000353 0 0.205836555529276 62233 48 647 0 647 0.440852435489131 0.939837587503366 -2.40171815407931e-14 0.202768055055408 
6.46000000000354 0 0.206856484907664 62232 48 646 0 646 0.437237543543904 0.944644468853683 -2.24421977344271e-14 0.186571194338162 
6.45000000000355 0 0.207799612381068 62231 48 645 0 645 0.43786190567782 0.94760718445847 -2.08787299248065e-14 0.170959578058851 
6.44000000000356 0 0.208624965476906 62230 48 644 0 644 0.445419047467045 0.950060229490228 -1.90927408664828e-14 0.155217138649285 
6.43000000000357 0 0.209321659139433 62229 48 643 0 643 0.458834197500319 0.952078554597735 -1.71798389791469e-14 0.139387617297949 
6.42000000000358 0 0.209942893180112 62228 48 642 0 642 0.469229900914431 0.953537550034749 -1.59285969204963e-14 0.123456939585617 
6.41000000000359 0 0.210427320386967 62227 48 641 0 641 0.482623579831377 0.954669394583265 -1.49292320471387e-14 0.107513987072209 
6.4000000000036 0 0.210806166502203 62226 48 640 0 640 0.495057354973353 0.955534925726215 -1.44430280488126e-14 0.0915726296853195 
6.39000000000361 0 0.21111202000401 62225 48 639 0 639 0.501895986447278 0.949569974121666 -2.15038065172874e-14 0.0758176723153366 
6.38000000000362 0 0.211270433977748 62224 48 638 0 638 0.508819594674743 0.944087303946131 -2.82214175466642e-14 0.0600529150407709 
6.37000000000363 0 0.211349870772902 62223 48 637 0 637 0.511165243291089 0.941247684298853 -3.24127301395434e-14 0.0443395041350009 
6.36000000000364 0 0.211353807868067 62222 48 636 0 636 0.509203485500556 0.940820956759297 -3.41078794988395e-14 0.0287058539999639 
6.35000000000365 0 0.211215394589246 62221 48 635 0 635 0.507852809408955 0.945201946378381 -3.02074501325763e-14 0.0131264511472722 
6.34000000000366 0 0.211013224832913 62220 48 634 0 634 0.500562332734975 0.951351558529134 -2.3914273478871e-14 -0.00234411615237409 
6.33000000000367 0 0.210722703307528 62219 48 633 0 633 0.490654110147304 0.952412398064002 -2.31056122886429e-14 -0.0177260839928027 
6.32000000000368 0 0.210316846023878 62218 48 632 0 632 0.481584165349454 0.950340192564849 -2.54391145020925e-14 -0.0330207856854015 
6.31000000000369 0 0.209850349528407 62217 48 631 0 631 0.467943027265819 0.947279588389072 -2.81192570806548e-14 -0.0482366740819497 
6.3000000000037 0 0.209283917493194 62216 48 630 0 630 0.456496645583931 0.943547382511404 -3.08268422733787e-14 -0.0634522145701933 
6.29000000000371 0 0.208625558173896 62215 48 629 0 629 0.447584060972787 0.939136485533312 -3.34915139407922e-14 -0.0786394878822579 
6.28000000000372 0 0.207911192307297 62214 48 628 0 628 0.438568249490282 0.933089218165309 -3.65500422420741e-14 -0.0941643764256515 
6.27000000000373 0 0.207087960594418 62213 48 627 0 627 0.436483445636534 0.92607586019817 -3.95167758091061e-14 -0.109845743154203 
6.26000000000374 0 0.206194046886262 62212 48 626 0 626 0.439801552935638 0.917654674192571 -4.2633008259321e-14 -0.12584477691465 
6.25000000000375 0 0.205250310221386 62211 48 625 0 625 0.448634366214071 0.906265458899415 -4.66528047533345e-14 -0.142323617525606 
6.24000000000376 0 0.204192871938415 62210 48 624 0 624 0.470716771845622 0.894890082099249 -5.1082902194899e-14 -0.157577582521689 
6.23000000000377 0 0.203114995951611 62209 48 623 0 623 0.499573405763546 0.883455312138854 -5.8578833390491e-14 -0.170013582889992 
6.22000000000378 0 0.201983847589415 62208 48 622 0 622 0.529581089199236 0.874912356967521 -7.59964890804263e-14 -0.179891190174888 
6.21000000000379 0 0.200771484860352 62207 48 621 0 621 0.552391279996814 0.870039922523503 -8.67016472501928e-14 -0.189545178111666 
6.2000000000038 0 0.199500204030162 62206 48 620 0 620 0.560980237535257 0.86912310140811 -6.97779773197931e-14 -0.203104429020921 
6.19000000000381 0 0.19815458042542 62205 48 619 0 619 0.556347412777638 0.871791323100378 -4.7705270122137e-14 -0.215149233152367 
6.18000000000382 0 0.196727027609593 62204 48 618 0 618 0.536986657955808 0.878404612019732 -2.00677647129624e-14 -0.22651493410016 
6.17000000000383 0 0.195266052739255 62203 48 617 0 617 0.496705931194246 0.886820339351881 1.06821849395844e-14 -0.238623221517004 
6.16000000000384 0 0.193727242499309 62202 48 616 0 616 0.45844501899558 0.878603682089746 1.12317402316296e-14 -0.252312863292817 
6.15000000000385 0 0.192127552896608 62201 48 615 0 615 0.439297461304291 0.869007920509199 1.20891372187375e-14 -0.266204564080831 
6.14000000000386 0 0.190484792259599 62200 48 614 0 614 0.440037993466612 0.856011385448074 1.36170518458926e-14 -0.280637963409707 
6.13000000000387 0 0.188784666211589 62199 48 613 0 613 0.467179408635131 0.843956136237394 1.48311153147411e-14 -0.293143645833406 
6.12000000000388 0 0.187058452969152 62198 48 612 0 612 0.511692992098318 0.83365178355072 1.46086014161086e-14 -0.302727312541411 
6.11000000000389 0 0.185300998841318 62197 48 611 0 611 0.549279903887894 0.828253822163292 -1.89525047635476e-15 -0.308280573225113 
6.1000000000039 0 0.183484420145537 62196 48 610 0 610 0.562091436207857 0.826512496751756 -9.03205084452907e-15 -0.315794544190771 
6.09000000000391 0 0.181613764151221 62195 48 609 0 609 0.545488978215762 0.827338495823193 2.82684777488765e-15 -0.328750319053195 
6.08000000000392 0 0.179691720134263 62194 48 608 0 608 0.498546209378312 0.827772035577447 2.12974737856566e-14 -0.340528605607411 
6.07000000000393 0 0.177701838045923 62193 48 607 0 607 0.452542479322377 0.818203569700357 1.60122021586282e-14 -0.352559393578559 
6.06000000000394 0 0.1756758582704 62192 48 606 0 606 0.436832730390543 0.804465770719968 9.09885983573809e-15 -0.36561521252204 
6.05000000000395 0 0.173607875338453 62191 48 605 0 605 0.459501045746846 0.791340903041316 2.21665508103365e-15 -0.376285308747703 
6.04000000000396 0 0.171504577182021 62190 48 604 0 604 0.510105856589304 0.779888484395249 -3.44352483787285e-15 -0.385101733179699 
6.03000000000397 0 0.169404962594738 62189 48 603 0 603 0.551679127269015 0.777241241432499 -1.3183376374218e-14 -0.385823239282812 
6.02000000000398 0 0.167254619475515 62188 48 602 0 602 0.559831187216582 0.776219427006354 -1.20864906022351e-14 -0.393197951143052 
6.01000000000399 0 0.165068990609004 62187 48 601 0 601 0.527505674365314 0.774088288284788 -6.41775382282544e-16 -0.405868476802208 
10 0 0.152129235451177 73007 136 1000 0 1000 0.562352451662176 0.814873575888141 1.90995053621553e-06 -0.442225094940709 
9.99000000000001 0 0.149639230968386 73006 136 999 0 999 0.532550709659419 0.808693432711434 1.45874004941147e-06 -0.449688317984852 
9.98000000000002 0 0.147147539268143 73005 136 998 0 998 0.465713993224721 0.795604310545769 8.72451832078944e-07 -0.460612221039313 
9.97000000000003 0 0.14466765041265 73004 136 997 0 997 0.437874503056458 0.778441815028811 6.56589621774319e-07 -0.468981182080447 
9.96000000000004 0 0.142204908929518 73003 136 996 0 996 0.461309215929602 0.762662882385092 5.07659390215531e-07 -0.475458780406824 
9.95000000000005 0 0.139771256892954 73002 136 995 0 995 0.521183576239677 0.752952931496029 5.41955837022053e-07 -0.47514339834214 
9.94000000000006 0 0.137392282896461 73001 136 994 0 994 0.561578055113515 0.750538547167842 6.98427096419028e-07 -0.469313283940713 
9.93000000000007 0 0.135073024784769 73000 136 993 0 993 0.551406154344523 0.74688815040369 6.45862859938915e-07 -0.468479286281799 
9.92000000000008 0 0.132742002170782 72999 136 992 0 992 0.497236992541945 0.732529090878982 1.52731239560091e-07 -0.483191520381286 
9.91000000000009 0 0.130388780235434 72998 136 991 0 991 0.446196747572216 0.718051041791969 1.34072600188746e-07 -0.4886268214693 
9.9000000000001 0 0.128019982659739 72997 136 990 0 990 0.440539498118511 0.701876043374283 1.46124888930916e-07 -0.494071091002558 
9.89000000000011 0 0.125593944592352 72996 136 989 0 989 0.486006444058815 0.688150368502896 2.61046519197261e-07 -0.494619059610961 
1e-11 0 -0.139499294615666 56800 127 0 0 0 0.464028326384213 -0.474095452067352 -1.09644162237947e-15 0.233658236253369 
0.49000000000951 0 -0.146503573962783 56849 127 49 0 49 0.546814270852038 -0.486488542160552 -8.42284259292261e-15 -0.149424790147612 
0.48000000000952 0 -0.146997950296071 56848 127 48 0 48 0.537982900663959 -0.490534688107382 -2.36841269995253e-14 -0.141956133919831 
0.47000000000953 0 -0.147469469521717 56847 127 47 0 47 0.527938481971675 -0.49519350400305 -4.16120902284694e-14 -0.134427143342766 
0.46000000000954 0 -0.147905448077458 56846 127 46 0 46 0.515984736652257 -0.500259814183813 -5.54222356939576e-14 -0.126838081609704 
0.45000000000955 0 -0.148323477471183 56845 127 45 0 45 0.504208207813452 -0.505684984409222 -5.93787215223343e-14 -0.119175537948885 
0.44000000000956 0 -0.148713205563624 56844 127 44 0 44 0.492175972978094 -0.508323720751503 -5.84122773783901e-14 -0.111318811730969 
0.43000000000957 0 -0.149072075671332 56843 127 43 0 43 0.481382718273852 -0.509734110468747 -5.63388561634434e-14 -0.103394484475499 
0.42000000000958 0 -0.149412807669585 56842 127 42 0 42 0.473427460508053 -0.510969198184778 -5.46221572562144e-14 -0.0954463562410645 
0.41000000000959 0 -0.149719741395082 56841 127 41 0 41 0.466199121664541 -0.512143910789232 -5.27937465122007e-14 -0.0874968787499941 
0.4000000000096 0 -0.15000069135618 56840 127 40 0 40 0.460174909880478 -0.513222516214404 -5.09163144284785e-14 -0.0795390639533035 
0.39000000000961 0 -0.150263363452999 56839 127 39 0 39 0.456080547443111 -0.5141508406303 -4.91277753836551e-14 -0.0715670392941959 
0.38000000000962 0 -0.150486678479402 56838 127 38 0 38 0.45195432602887 -0.515024475550213 -4.73340680359154e-14 -0.063594520986444 
0.37000000000963 0 -0.150689017222642 56837 127 37 0 37 0.449040095431138 -0.515774910179294 -4.56760798439566e-14 -0.0556128377701812 
0.36000000000964 0 -0.150870260490485 56836 127 36 0 36 0.447211589616241 -0.516402669587481 -4.41711394036275e-14 -0.0476244962729017 
0.35000000000965 0 -0.15101198038506 56835 127 35 0 35 0.4449412373788 -0.516977006672577 -4.27205243323806e-14 -0.0396356487498009 
0.34000000000966 0 -0.15113517894521 56834 127 34 0 34 0.443938299353959 -0.517403372488697 -4.14609414880195e-14 -0.0316395643664041 
0.33000000000967 0 -0.151231902247321 56833 127 33 0 33 0.443224249386562 -0.517736751303819 -4.03026799744512e-14 -0.0236418923882102 
0.32000000000968 0 -0.151294214763945 56832 127 32 0 32 0.442046505466799 -0.518013524888935 -3.92080227643788e-14 -0.0156434121414572 
0.31000000000969 0 -0.151337958468505 56831 127 31 0 31 0.442231276895184 -0.518119479468296 -3.83182659068743e-14 -0.00764136956400362 
0.3000000000097 0 -0.151349863905116 56830 127 30 0 30 0.442064137481178 -0.518159995547195 -3.74983476318082e-14 0.000360069824048709 
0.29000000000971 0 -0.151332584576055 56829 127 29 0 29 0.441791724305874 -0.51812082899239 -3.6766425558009e-14 0.00836208778621092 
0.28000000000972 0 -0.151296720483868 56828 127 28 0 28 0.442717812631223 -0.517923162141987 -3.61828576399634e-14 0.0163609005640313 
0.27000000000973 0 -0.151223753137468 56827 127 27 0 27 0.443021236553612 -0.51767235684357 -3.56295627713302e-14 0.0243586261548039 
0.26000000000974 0 -0.151126928058399 56826 127 26 0 26 0.443810114783339 -0.517317097940009 -3.51393105774713e-14 0.0323536849511595 
0.25000000000975 0 -0.151011591524312 56825 127 25 0 25 0.445653011142961 -0.516830623499801 -3.47390956475369e-14 0.0403426752143481 
0.24000000000976 0 -0.150853928817562 56824 127 24 0 24 0.446841282882063 -0.516295715378037 -3.43464641745089e-14 0.0483313067939282 
0.23000000000977 0 -0.15067780385656 56823 127 23 0 23 0.449264699784853 -0.515629546879277 -3.39962461506269e-14 0.0563125867274112 
0.22000000000978 0 -0.15047800862192 56822 127 22 0 22 0.452526891176142 -0.514859356791243 -3.36328213668623e-14 0.064286958463253 
0.21000000000979 0 -0.150241378016717 56821 127 21 0 21 0.455715506261754 -0.514036042831944 -3.32287735868493e-14 0.0722607614250251 
0.2000000000098 0 -0.149986403654958 56820 127 20 0 20 0.460826196292382 -0.513057566902399 -3.27869794031549e-14 0.0802200554989907 
0.19000000000981 0 -0.149702723564391 56819 127 19 0 19 0.466722216589254 -0.512001642378281 -3.22691952255717e-14 0.0881738223169713 
0.18000000000982 0 -0.149387715605775 56818 127 18 0 18 0.473330452988767 -0.510881774871704 -3.16685923743464e-14 0.0961252643486376 
0.17000000000983 0 -0.149054510611835 56817 127 17 0 17 0.482569322856946 -0.509594064964867 -3.09176386283682e-14 0.104054747753274 
0.16000000000984 0 -0.148687719365823 56816 127 16 0 16 0.492778147759815 -0.508249435508558 -3.00291045093858e-14 0.11198140934229 
0.15000000000985 0 -0.148295076376256 56815 127 15 0 15 0.504678049639704 -0.505284104143785 -2.79408036519421e-14 0.119834188990299 
0.14000000000986 0 -0.147884413772254 56814 127 14 0 14 0.517351732697116 -0.499635386102683 -2.38876376694148e-14 0.127523605395438 
0.13000000000987 0 -0.147435448475481 56813 127 13 0 13 0.528296770579457 -0.494112719631807 -1.89258064995581e-14 0.135151881491908 
0.12000000000988 0 -0.146966028932908 56812 127 12 0 12 0.538549075348141 -0.488986330291601 -9.84543223606158e-15 0.142672859510216 
0.11000000000989 0 -0.146476359506392 56811 127 11 0 11 0.547819044448476 -0.484456029961166 -7.67480017131502e-16 0.150098564512321 
0.1000000000099 0 -0.145948674665062 56810 127 10 0 10 0.554440120934171 -0.480563907721394 8.82180979434246e-15 0.157425772856206 
0.09000000000991 0 -0.145403413898543 56809 127 9 0 9 0.559803766525946 -0.477716181163975 2.10709045004775e-14 0.164607441373566 
0.08000000000992 0 -0.144833145987403 56808 127 8 0 8 0.562711990399598 -0.475536456512677 2.55726762449975e-14 0.172236220070255 
0.07000000000993 0 -0.144230347821199 56807 127 7 0 7 0.562158202130775 -0.4740053369393 2.12515081886803e-14 0.180404183473884 
0.06000000000994 0 -0.143610158604227 56806 127 6 0 6 0.559488981245048 -0.470804405064402 1.50801339413603e-14 0.189367804930518 
0.05000000000995 0 -0.142960346946524 56805 127 5 0 5 0.552776979445013 -0.466179655129109 2.3701341158158e-15 0.198873333082825 
0.04000000000996 0 -0.142283358816387 56804 127 4 0 4 0.541873956573516 -0.459265689919568 -1.87584219519085e-14 0.209022984404498 
0.03000000000997 0 -0.141589339415344 56803 127 3 0 3 0.527496793409689 -0.460393375763894 -3.99246888413622e-14 0.209613768308767 
0.02000000000998 0 -0.140861128335525 56802 127 2 0 2 0.507254108391696 -0.464767325282009 -4.56046180140087e-14 0.21302553707892 
0.01000000000999 0 -0.140067358762511 56801 127 1 0 1 0.4823945791342 -0.473020092369609 -1.07234600851172e-14 0.227272426506882 
0.99000000000901 0 -0.090390396128475 56899 127 99 0 99 0.438960972010551 -0.280410107473928 -1.86196621263036e-14 -0.505220409385581 
0.98000000000902 0 -0.092113835407794 56898 127 98 0 98 0.459053460582629 -0.289808719289332 -1.75686075848061e-14 -0.500342851135375 
0.97000000000903 0 -0.0938146101085346 56897 127 97 0 97 0.502350105658741 -0.295366637094202 -1.35833662954971e-14 -0.490194173769633 
0.96000000000904 0 -0.0954659631618832 56896 127 96 0 96 0.542928024295315 -0.298722524833507 -9.24080738984821e-15 -0.479336421987527 
0.95000000000905 0 -0.0970990765361912 56895 127 95 0 95 0.561454869301656 -0.297102401673618 -4.71705429122784e-15 -0.469237112373043 
0.94000000000906 0 -0.0987186689162993 56894 127 94 0 94 0.558170577205672 -0.298759517282905 -6.35292028052089e-15 -0.465715614946437 
0.93000000000907 0 -0.100322774429929 56893 127 93 0 93 0.533416827139418 -0.307558760256224 -1.24774919333701e-14 -0.4644494407543 
0.92000000000908 0 -0.101899730434216 56892 127 92 0 92 0.490400006255884 -0.323111546149531 -1.99143762109938e-14 -0.46127982883236 
0.91000000000909 0 -0.103444891427745 56891 127 91 0 91 0.454723493760923 -0.330296884063587 -2.29392386131856e-14 -0.45535502552769 
0.9000000000091 0 -0.104965529217558 56890 127 90 0 90 0.438683402235938 -0.337523799270245 -2.5732517473364e-14 -0.449436791205926 
0.89000000000911 0 -0.106469940481171 56889 127 89 0 89 0.442186044188586 -0.345505250947164 -2.74552038366394e-14 -0.443991784498426 
0.88000000000912 0 -0.107939822219392 56888 127 88 0 88 0.463827512307783 -0.352957128460794 -2.94138555196632e-14 -0.437841872634931 
0.87000000000913 0 -0.10939565837648 56887 127 87 0 87 0.500893106148232 -0.35936834743875 -3.20441527401798e-14 -0.430444733817083 
0.86000000000914 0 -0.110822305375957 56886 127 86 0 86 0.537801945855614 -0.360554752878946 -3.20201601686055e-14 -0.416135230346779 
0.85000000000915 0 -0.112201689481903 56885 127 85 0 85 0.557814870403271 -0.360488147073887 -3.24164804443262e-14 -0.404342191211512 
0.84000000000916 0 -0.113583104070501 56884 127 84 0 84 0.562503688563342 -0.358696544958069 -3.46829634701851e-14 -0.401913029444761 
0.83000000000917 0 -0.114940053112659 56883 127 83 0 83 0.551842368503559 -0.362868883827205 -3.44872476625414e-14 -0.398149965341204 
0.82000000000918 0 -0.116266347115398 56882 127 82 0 82 0.526038944191206 -0.373378789214016 -3.43118047710216e-14 -0.39396330172867 
0.81000000000919 0 -0.117573836199824 56881 127 81 0 81 0.488870480094202 -0.386374453262325 -3.40059151160692e-14 -0.389047282703193 
0.8000000000092 0 -0.118853231743263 56880 127 80 0 80 0.458564255507684 -0.392060481017078 -3.13932963938152e-14 -0.382339253771565 
0.79000000000921 0 -0.120106847044027 56879 127 79 0 79 0.441581290103425 -0.397689668430147 -2.75664807192442e-14 -0.375614977631758 
0.78000000000922 0 -0.121343512607042 56878 127 78 0 78 0.438315580292536 -0.403560732061826 -2.31677712897338e-14 -0.369052301888235 
0.77000000000923 0 -0.122548323492722 56877 127 77 0 77 0.446428801329916 -0.409624794099068 -1.85044234789735e-14 -0.362631749580633 
0.76000000000924 0 -0.123733027248603 56876 127 76 0 76 0.46619194929983 -0.415980025877487 -1.40815001101734e-14 -0.356403522543148 
0.75000000000925 0 -0.124899991606536 56875 127 75 0 75 0.497660198015648 -0.420661539389156 -8.75052024715544e-15 -0.347693694644204 
0.74000000000926 0 -0.126027641129348 56874 127 74 0 74 0.528725613932384 -0.423578763976165 -1.67263721995441e-15 -0.337346462245732 
0.73000000000927 0 -0.127130702315588 56873 127 73 0 73 0.54975732102386 -0.423179126464168 1.00716271069707e-14 -0.323499597217625 
0.72000000000928 0 -0.128221483036926 56872 127 72 0 72 0.560966213555189 -0.420771171478571 4.26252257163617e-15 -0.317442946207998 
0.71000000000929 0 -0.1292886609285 56871 127 71 0 71 0.562000145898968 -0.42012136908373 -4.94438942034425e-15 -0.313488026876017 
0.7000000000093 0 -0.130330543936572 56870 127 70 0 70 0.554665300600166 -0.423376102562204 -6.6335756434027e-15 -0.307272581052897 
0.69000000000931 0 -0.131346809354238 56869 127 69 0 69 0.538682221527689 -0.430292842785007 -9.94689378138997e-15 -0.301384876996652 
0.68000000000932 0 -0.132334868915351 56868 127 68 0 68 0.514386190708061 -0.440700095526435 -1.36789477416423e-14 -0.295543066179866 
0.67000000000933 0 -0.133306669499638 56867 127 67 0 67 0.48588855923128 -0.449060373901933 -1.82755177953006e-14 -0.288839340001459 
0.66000000000934 0 -0.134247490900785 56866 127 66 0 66 0.462965043989147 -0.453002997938499 -2.38004010037047e-14 -0.281451267826498 
0.65000000000935 0 -0.135164457309159 56865 127 65 0 65 0.447556233785709 -0.456853138679665 -3.00752957990811e-14 -0.274039739625834 
0.64000000000936 0 -0.136064970882168 56864 127 64 0 64 0.439945465277362 -0.460608320190678 -3.64215144983215e-14 -0.266601781963642 
0.63000000000937 0 -0.136929741376044 56863 127 63 0 63 0.437935190843789 -0.464340028309015 -4.24840655361051e-14 -0.259186365576423 
0.62000000000938 0 -0.137775432815941 56862 127 62 0 62 0.442307501636 -0.468051502329247 -4.7648370786213e-14 -0.251794172425672 
0.61000000000939 0 -0.138602079607235 56861 127 61 0 61 0.452579853172982 -0.471994938043227 -5.08041688210834e-14 -0.244628006815534 
0.6000000000094 0 -0.139393047396358 56860 127 60 0 60 0.466984660043779 -0.47598061288202 -5.33511461029936e-14 -0.23744699402856 
0.59000000000941 0 -0.140167198522028 56859 127 59 0 59 0.486673205588194 -0.480025988171565 -5.59490983119213e-14 -0.229975259511792 
0.58000000000942 0 -0.140920247608 56858 127 58 0 58 0.509266221464851 -0.483461406316035 -5.88547202712852e-14 -0.21920993549951 
0.57000000000943 0 -0.14163060035608 56857 127 57 0 57 0.528056862009934 -0.48630481425043 -6.14483035954954e-14 -0.207169290358054 
0.56000000000944 0 -0.142332280963255 56856 127 56 0 56 0.543097517229738 -0.483822566228287 -4.97733529856439e-14 -0.200494967386701 
0.55000000000945 0 -0.143004673204027 56855 127 55 0 55 0.553335784026732 -0.481578819401682 -4.63435889129552e-14 -0.193458853850466 
0.54000000000946 0 -0.143650381631516 56854 127 54 0 54 0.55940752117872 -0.479681897240013 -4.95995416435907e-14 -0.18611429026472 
0.53000000000947 0 -0.144276904476222 56853 127 53 0 53 0.562839818884194 -0.47889554597083 -2.74511473877739e-14 -0.178666940733971 
0.52000000000948 0 -0.144868990907749 56852 127 52 0 52 0.562365932757482 -0.479268578535539 -1.36175900604711e-14 -0.171338078124664 
0.51000000000949 0 -0.145439103502484 56851 127 51 0 51 0.559351562626704 -0.480721122254355 -1.10053747812982e-14 -0.164156900123021 
0.5000000000095 0 -0.145991457254712 56850 127 50 0 50 0.554614446745785 -0.483208942626635 -6.72119416833193e-15 -0.156829260589728 
1.4000000000086 0 0.00013994855799007 116943 45 140 0 140 0.496458763829231 0.0818546370068118 -2.83888437935978e-14 -0.668292959274036 
1.49000000000851 0 0.0247522766163255 116952 45 149 0 149 0.534933906510445 0.197627276304431 -8.43914898636585e-15 -0.66672309531502 
1.48000000000852 0 0.0219526586880336 116951 45 148 0 148 0.461546191703187 0.177163821362253 -1.66924347937541e-14 -0.675366217567864 
1.47000000000853 0 0.0191560925437096 116950 45 147 0 147 0.440015434147716 0.161843889493023 -2.21655391913051e-14 -0.676495119301289 
1.46000000000854 0 0.0163644569568135 116949 45 146 0 146 0.480766140394458 0.149119230415319 -2.58226551891901e-14 -0.675118655215076 
1.45000000000855 0 0.0136224811895848 116948 45 145 0 145 0.542364866822204 0.147322811812126 -2.80122290610796e-14 -0.662356477825065 
1.44000000000856 0 0.0109079442807133 116947 45 144 0 144 0.560375893154275 0.143955071708823 -2.84886511879014e-14 -0.659932809026903 
1.43000000000857 0 0.00822554876090079 116946 45 143 0 143 0.512505943172618 0.126460619871811 -3.05808230288398e-14 -0.667496590073396 
1.42000000000858 0 0.0055104760422051 116945 45 142 0 142 0.448502251563077 0.109014886115625 -3.20937642804399e-14 -0.670621145339131 
1.41000000000859 0 0.00281787465785847 116944 45 141 0 141 0.44657745988915 0.0948611646837307 -3.10498441155455e-14 -0.670085085310958 
1.39000000000861 0 -0.00248337262855413 56939 127 139 0 139 0.550897798502226 0.0826241831419505 -2.23642365339917e-14 -0.653086091065277 
1.38000000000862 0 -0.00508267666014348 56938 127 138 0 138 0.556992809133946 0.0785409894506076 -1.92278948545849e-14 -0.65028385718539 
1.37000000000863 0 -0.00766804791516062 56937 127 137 0 137 0.504537263886981 0.05972336295323 -2.16535436675938e-14 -0.659444964837425 
1.36000000000864 0 -0.0102564593970012 56936 127 136 0 136 0.446259030165071 0.0447409122837746 -2.39039232369569e-14 -0.660040863008828 
1.35000000000865 0 -0.0128420689771188 56935 127 135 0 135 0.445015570146494 0.0312976878777479 -2.57745958412012e-14 -0.658960092870971 
1.34000000000866 0 -0.0154045153486453 56934 127 134 0 134 0.494855767995165 0.0193441053245437 -2.8010429151485e-14 -0.655392132740355 
1.33000000000867 0 -0.0179250876344462 56933 127 133 0 133 0.550806607672361 0.0180735467830454 -2.58260515130629e-14 -0.642276503690273 
1.32000000000868 0 -0.0203866284039675 56932 127 132 0 132 0.559516227279643 0.0150362492586959 -2.56196482426353e-14 -0.634174316185005 
1.31000000000869 0 -0.0228547012385936 56931 127 131 0 131 0.517348138125141 0.00120745765833899 -3.10679976278447e-14 -0.642883723199893 
1.3000000000087 0 -0.0253188284282189 56930 127 130 0 130 0.454367255988219 -0.0154232106224487 -3.23690576813148e-14 -0.64414405720498 
1.29000000000871 0 -0.0277807598498139 56929 127 129 0 129 0.438366986735954 -0.0284831065870173 -3.11435332971353e-14 -0.642812259584535 
1.28000000000872 0 -0.0302252100940894 56928 127 128 0 128 0.476038834604509 -0.0406921230157164 -2.90572555534484e-14 -0.638942521320323 
1.27000000000873 0 -0.0326165117894599 56927 127 127 0 127 0.534525455519505 -0.0457571093384799 -2.20082182296863e-14 -0.628995368426561 
1.26000000000874 0 -0.0349583836761398 56926 127 126 0 126 0.561431624163235 -0.0460292871986297 -1.37163540231777e-14 -0.615769995460935 
1.25000000000875 0 -0.0373027846280189 56925 127 125 0 125 0.54401428686328 -0.0521243304497156 -1.62153772071163e-14 -0.619136589804189 
1.24000000000876 0 -0.0396299227774322 56924 127 124 0 124 0.483267565711255 -0.0715898368906328 -2.38054945830935e-14 -0.623401359683873 
1.23000000000877 0 -0.0419544208292383 56923 127 123 0 123 0.442043015636778 -0.0836828360352886 -2.60772265771984e-14 -0.621209658149431 
1.22000000000878 0 -0.0442559991650787 56922 127 122 0 122 0.446646548976379 -0.0961988398229434 -2.77661489274244e-14 -0.618339387567483 
1.21000000000879 0 -0.0465234349983353 56921 127 121 0 121 0.490372227797183 -0.106520774952694 -2.85387878917443e-14 -0.613459987198896 
1.2000000000088 0 -0.0487547358428499 56920 127 120 0 120 0.542476446725969 -0.107511316725985 -2.74314735051959e-14 -0.598167967908994 
1.19000000000881 0 -0.050961000057655 56919 127 119 0 119 0.56283966318096 -0.108184997238867 -2.59662745020341e-14 -0.592357285149846 
1.18000000000882 0 -0.0531395150629062 56918 127 118 0 118 0.539730022846463 -0.11671074375774 -2.79671090268273e-14 -0.593157397235037 
1.17000000000883 0 -0.0553295431137932 56917 127 117 0 117 0.481907504457609 -0.135154002329756 -3.2737991945243e-14 -0.595552725401006 
1.16000000000884 0 -0.0574859702925257 56916 127 116 0 116 0.44297426814303 -0.146207917371495 -3.13205050125352e-14 -0.592436782498295 
1.15000000000885 0 -0.0596157388129574 56915 127 115 0 115 0.441902660263245 -0.157705501893927 -2.74609158483393e-14 -0.58935728448222 
1.14000000000886 0 -0.0617348452394146 56914 127 114 0 114 0.481394935268579 -0.167488770803595 -2.45224071736274e-14 -0.583640520010908 
1.13000000000887 0 -0.0638099229582909 56913 127 113 0 113 0.53419487300949 -0.172416142842379 -2.197710848802e-14 -0.57367474467477 
1.12000000000888 0 -0.065839364451319 56912 127 112 0 112 0.56069446998662 -0.172087194067659 -2.13697393372729e-14 -0.55905803448725 
1.11000000000889 0 -0.0678673800893849 56911 127 111 0 111 0.554118604791518 -0.17465453442483 -1.73505631997304e-14 -0.558887710157905 
1.1000000000089 0 -0.0698769722676848 56910 127 110 0 110 0.513305337236775 -0.189692505239487 -1.91550756915235e-14 -0.56124253138084 
1.09000000000891 0 -0.0718717119650016 56909 127 109 0 109 0.460543305707875 -0.202672343078809 -2.29856350083078e-14 -0.558335937529726 
1.08000000000892 0 -0.0738399413419699 56908 127 108 0 108 0.438691296476484 -0.213006780206484 -2.56031598992556e-14 -0.554424841963535 
1.07000000000893 0 -0.0757749030347965 56907 127 107 0 107 0.447717458062206 -0.223222703847256 -2.78811474673939e-14 -0.550318394936674 
1.06000000000894 0 -0.0776953845615692 56906 127 106 0 106 0.489005440956836 -0.231961199759382 -3.0908778203497e-14 -0.543818266171728 
1.05000000000895 0 -0.0795850492684908 56905 127 105 0 105 0.537437975709626 -0.234840842887076 -3.41462438718402e-14 -0.531485824207811 
1.04000000000896 0 -0.0814235022926532 56904 127 104 0 104 0.560811507511865 -0.235434885966458 -3.76856466063168e-14 -0.517885599597537 
1.03000000000897 0 -0.0832661596964783 56903 127 103 0 103 0.556823951110221 -0.23636905138858 -3.57110570571518e-14 -0.517840096855106 
1.02000000000898 0 -0.0850806378365528 56902 127 102 0 102 0.52475286189088 -0.248277438244709 -3.46526103827446e-14 -0.517983061137655 
1.01000000000899 0 -0.0868777063164499 56901 127 101 0 101 0.473810994303139 -0.262707136816192 -3.26420404246287e-14 -0.515147886146681 
1.000000000009 0 -0.0886547680387562 56900 127 100 0 100 0.444159309459474 -0.271498711044429 -2.55522489347872e-14 -0.510185471315998 
1.83000000000817 0 0.124786572039469 116986 45 183 0 183 0.504961328979604 0.59872360562274 -2.04128522681197e-14 -0.571228262765204 
1.82000000000818 0 0.121908418462639 116985 45 182 0 182 0.559775140077606 0.592262011164755 -1.85902234287267e-14 -0.572437134586931 
1.81000000000819 0 0.119040801992913 116984 45 181 0 181 0.544110887818073 0.584540482681358 -1.73558771834145e-14 -0.580427712406949 
1.8000000000082 0 0.116115786601226 116983 45 180 0 180 0.469359676707826 0.563452392141634 -1.71644854896306e-14 -0.594546917284995 
1.79000000000821 0 0.113136388552051 116982 45 179 0 179 0.437547504462514 0.547759248870068 -1.8868836142331e-14 -0.602376909376992 
1.78000000000822 0 0.11013001280835 116981 45 178 0 178 0.483831874611454 0.533848796478511 -2.21440799623305e-14 -0.606492485130993 
1.77000000000823 0 0.107188862718482 116980 45 177 0 177 0.548558582079271 0.528121518629385 -2.88442400250451e-14 -0.604721343482543 
1.76000000000824 0 0.104255689119065 116979 45 176 0 176 0.555410209344206 0.523773439702544 -3.34369147905389e-14 -0.603640405982326 
1.75000000000825 0 0.101293085216051 116978 45 175 0 175 0.490577159350129 0.502773217411144 -2.31161589725143e-14 -0.620923669975588 
1.74000000000826 0 0.0982862237778579 116977 45 174 0 174 0.440846864617661 0.487334610395516 -2.48407953798224e-14 -0.627209692170483 
1.73000000000827 0 0.0952443081529986 116976 45 173 0 173 0.465358714981867 0.471485781471679 -2.48424795695567e-14 -0.632258477514981 
1.72000000000828 0 0.0922521504043017 116975 45 172 0 172 0.533041205943561 0.46757941500343 -1.97992991710115e-14 -0.626056045160444 
1.71000000000829 0 0.0892775738175647 116974 45 171 0 171 0.561190390500649 0.46199698236172 -1.69492651201671e-14 -0.625641562443876 
1.7000000000083 0 0.0863085838776202 116973 45 170 0 170 0.510593061910446 0.444321741585818 -2.0097312927688e-14 -0.639792173631079 
1.69000000000831 0 0.0833035399976735 116972 45 169 0 169 0.443586215911257 0.425997142116908 -2.23114748745553e-14 -0.647000315854815 
1.68000000000832 0 0.0802603248934059 116971 45 168 0 168 0.450548949851453 0.410321003575988 -2.3405860410967e-14 -0.651915031432688 
1.67000000000833 0 0.077245487703179 116970 45 167 0 167 0.519829389092296 0.404534397971949 -2.50162490509874e-14 -0.647606144090816 
1.66000000000834 0 0.0742663484822608 116969 45 166 0 166 0.562922961671097 0.400142156584186 -2.64640363950945e-14 -0.644679633348684 
1.65000000000835 0 0.0713217613495553 116968 45 165 0 165 0.52792935722244 0.386366540046164 -2.68229237284442e-14 -0.651067354576511 
1.64000000000836 0 0.0683250174867022 116967 45 164 0 164 0.452662101170707 0.365240619269939 -2.73430244738871e-14 -0.661325127808167 
1.63000000000837 0 0.0653285297212848 116966 45 163 0 163 0.44724493937917 0.350085430032468 -2.71607019744538e-14 -0.664507104067016 
1.62000000000838 0 0.0623282295798716 116965 45 162 0 162 0.504445838650093 0.336684799637779 -2.57397952949642e-14 -0.665422133891174 
1.61000000000839 0 0.0593668109398328 116964 45 161 0 161 0.558461801132715 0.336627711133507 -2.25034447680149e-14 -0.654846986061867 
1.6000000000084 0 0.0564585449633885 116963 45 160 0 160 0.543783222461509 0.327880261619052 -1.95015309202684e-14 -0.657727736018196 
1.59000000000841 0 0.0535231564833432 116962 45 159 0 159 0.468093280656287 0.306060705445046 -1.98833235702537e-14 -0.670127628169911 
1.58000000000842 0 0.0505767938250528 116961 45 158 0 158 0.440079014859655 0.290190460587698 -2.13303114602e-14 -0.673061228635138 
1.57000000000843 0 0.0476163943760003 116960 45 157 0 157 0.48042929284033 0.276016356979159 -2.25072315898749e-14 -0.674463700242563 
1.56000000000844 0 0.0447139199982355 116959 45 156 0 156 0.543969321035499 0.275237614809186 -2.54474189070398e-14 -0.661951726755166 
1.55000000000845 0 0.0418333452184916 116958 45 155 0 155 0.557613955124687 0.27010804681135 -2.56868353106502e-14 -0.662482959344274 
1.54000000000846 0 0.0389774125275564 116957 45 154 0 154 0.4972319225284 0.248378108402779 -2.58380664685252e-14 -0.673907709953606 
1.53000000000847 0 0.0360796752371433 116956 45 153 0 153 0.441469188551239 0.23234877596965 -2.72207434154003e-14 -0.676904834623143 
1.52000000000848 0 0.0332039833491029 116955 45 152 0 152 0.458869382639607 0.218708334032088 -2.55544782709349e-14 -0.677284339818588 
1.51000000000849 0 0.0303399263658128 116954 45 151 0 151 0.522585948379522 0.208050383310578 -1.97779041661573e-14 -0.675245256762895 
1.5000000000085 0 0.0275146016894086 116953 45 150 0 150 0.562900362718043 0.208440889691376 -1.15837050154388e-14 -0.662886499471134 
2.99000000000701 0 0.0632475076212964 46836 46 299 0 299 0.480230369397894 0.321794992548544 3.57907853311798e-15 0.691128495832739 
2.98000000000702 0 0.0660904971654575 46835 46 298 0 298 0.441190872917575 0.338782190059085 6.75381536717001e-15 0.685296360062362 
2.97000000000703 0 0.0689503421090515 46834 46 297 0 297 0.463755431667493 0.351869093764608 8.77868658217246e-15 0.681246174893118 
2.96000000000704 0 0.0717990625039483 46833 46 296 0 296 0.538499056200588 0.342187836250731 1.8106414506163e-15 0.681827933866543 
2.95000000000705 0 0.0746398998350784 46832 46 295 0 295 0.562079604053385 0.336508951902797 -2.8029411974728e-14 0.699142231375785 
2.94000000000706 0 0.0775026766064804 46831 46 294 0 294 0.514516669211934 0.356922193879936 -3.93116084126282e-14 0.706574636152385 
2.93000000000707 0 0.0803932552159063 46830 46 293 0 293 0.449168128954319 0.400359043217095 8.51914506242467e-15 0.674442060653346 
2.92000000000708 0 0.0832785553771934 46829 46 292 0 292 0.443614792870073 0.415135274468996 1.18642143091744e-14 0.668576340316523 
2.91000000000709 0 0.0861519515540161 46828 46 291 0 291 0.506395074604607 0.423505232929897 1.20503694481036e-14 0.664908807895831 
2.9000000000071 0 0.089009695951195 46827 46 290 0 290 0.55966870712883 0.409358865882283 -1.30165287845249e-14 0.681114769547575 
2.89000000000711 0 0.0918361265293492 46826 46 289 0 289 0.542136077389305 0.426410953438592 -1.41668525168079e-14 0.678614130248091 
2.88000000000712 0 0.0947731469655936 46825 46 288 0 288 0.474087588313754 0.461588449596266 5.67883424328243e-15 0.658057160686579 
2.87000000000713 0 0.0976479229438125 46824 46 287 0 287 0.440130542188621 0.478730998838084 5.86948923707445e-15 0.649351727490015 
2.86000000000714 0 0.100528910337758 46823 46 286 0 286 0.470761222264376 0.491444244289992 6.08969960991817e-15 0.64292758625575 
2.85000000000715 0 0.103386913474174 46822 46 285 0 285 0.544628657816661 0.475766195332308 -1.32966509817981e-14 0.643182309552381 
2.84000000000716 0 0.106230881444051 46821 46 284 0 284 0.560199851227582 0.473226896762909 -3.39985957346185e-14 0.659077189710365 
2.83000000000717 0 0.109091802881043 46820 46 283 0 283 0.506750172981675 0.497680021786364 -2.981884724864e-14 0.65923987278372 
2.82000000000718 0 0.111971812099476 46819 46 282 0 282 0.444473400141296 0.542193349315967 6.56118771941192e-15 0.623030487250165 
2.81000000000719 0 0.114834840569054 46818 46 281 0 281 0.446938459777268 0.555252692851594 7.77314407966005e-15 0.615724334367112 
2.8000000000072 0 0.117674711726125 46817 46 280 0 280 0.514139853163041 0.557983699195938 9.56549408648164e-15 0.610712063616015 
2.79000000000721 0 0.120490913526288 46816 46 279 0 279 0.560985326554687 0.540875588856759 2.27479237345326e-15 0.629966302935755 
2.78000000000722 0 0.123280222723684 46815 46 278 0 278 0.538630530421506 0.561484095318142 1.00882038191785e-15 0.620681044615387 
3.23000000000677 0 -0.00218253042853539 116866 45 323 0 323 0.549794621898749 0.0352764867107886 -3.73822577335587e-14 0.680725360026672 
3.49000000000651 0 -0.0627600166567309 116892 45 349 0 349 0.507254674904323 -0.193163882503666 -3.39146081200103e-14 0.573383496802029 
3.48000000000652 0 -0.0606767634366814 116891 45 348 0 348 0.458203023454076 -0.179570180728774 -1.21781556687692e-14 0.575104698900893 
3.47000000000653 0 -0.0585788694843077 116890 45 347 0 347 0.437979954762763 -0.168662138234906 -1.49878650165614e-15 0.57816065332576 
3.46000000000654 0 -0.0564540694367957 116889 45 346 0 346 0.456314125521192 -0.16058037871386 -2.19943611615389e-16 0.582672611683027 
3.45000000000655 0 -0.0543218065817647 116888 45 345 0 345 0.511551153372573 -0.155630041289037 -5.89447338655018e-15 0.587704308236447 
3.44000000000656 0 -0.0521707488678551 116887 45 344 0 344 0.55497697858242 -0.154122196655196 -5.44940122378847e-14 0.593954520425642 
3.43000000000657 0 -0.0499996780477353 116886 45 343 0 343 0.560027660191463 -0.148460484975226 -1.38539170133384e-13 0.604251628661468 
3.42000000000658 0 -0.0478183492977194 116885 45 342 0 342 0.524287136929601 -0.136380443159487 -7.9248952052524e-14 0.608297599889695 
3.41000000000659 0 -0.0455696766781917 116884 45 341 0 341 0.467460541904053 -0.121794951700343 -1.78085245654332e-15 0.610247853000556 
3.4000000000066 0 -0.0433091013354625 116883 45 340 0 340 0.43881606898311 -0.108966363932407 2.15543220224205e-15 0.611383687414952 
3.39000000000661 0 -0.0410381935139226 116882 45 339 0 339 0.453199591129701 -0.100296655174894 4.23074139845427e-15 0.615040917817314 
3.38000000000662 0 -0.0387468301584174 116881 45 338 0 338 0.509873504269373 -0.0948784111448392 7.8708724567066e-15 0.619664138098787 
3.37000000000663 0 -0.0364469492859309 116880 45 337 0 337 0.555920269828092 -0.0955052053152465 -1.78392387981337e-14 0.627134164924877 
3.36000000000664 0 -0.0341290983876287 116879 45 336 0 336 0.557363646766082 -0.0884399344421141 -3.6077828088505e-14 0.634295070200194 
3.35000000000665 0 -0.0317814718703858 116878 45 335 0 335 0.514329754629728 -0.0734598758254656 -1.34386461204853e-14 0.638623834877842 
3.34000000000666 0 -0.029397494871369 116877 45 334 0 334 0.458938828566792 -0.0581300147517004 -1.68218345354114e-15 0.638632668447244 
3.33000000000667 0 -0.0270029911923479 116876 45 333 0 333 0.438292139858153 -0.0452923664804052 5.86644864353969e-15 0.639597127187042 
3.32000000000668 0 -0.0245896314729339 116875 45 332 0 332 0.468581019021326 -0.0362611271216219 7.08362120193224e-15 0.642571898055652 
3.31000000000669 0 -0.0221747463658833 116874 45 331 0 331 0.534276340977893 -0.0361744716700141 -7.79154026271006e-16 0.647583776128181 
3.3000000000067 0 -0.0197404990100511 116873 45 330 0 330 0.562284254100697 -0.0357031584902038 -3.81797416667014e-14 0.655395021690377 
3.29000000000671 0 -0.0172902825687039 116872 45 329 0 329 0.541620371919744 -0.0231885327205316 -5.5564048944711e-14 0.664857135844276 
3.28000000000672 0 -0.0148077030682152 116871 45 328 0 328 0.480898135747031 -0.0058333547026642 -2.74561696427128e-14 0.663947014227223 
3.27000000000673 0 -0.0123046189619633 116870 45 327 0 327 0.43902479656285 0.0120788379060995 1.14005685590882e-14 0.660384925971881 
3.26000000000674 0 -0.00978779443388549 116869 45 326 0 326 0.452871468450801 0.0226404630849433 1.47799687543695e-14 0.662189510948089 
3.25000000000675 0 -0.00726445935557803 116868 45 325 0 325 0.516588299693916 0.0268566262265418 1.1818250204495e-14 0.665723653615233 
3.24000000000676 0 -0.00472820441998499 116867 45 324 0 324 0.559509070356105 0.0232351356622034 -3.35778252550829e-14 0.674456526317989 
3.22000000000678 0 0.000401408254925348 46859 46 322 0 322 0.490568654103763 0.0538304809634264 -2.04172032512873e-14 0.681345141724248 
3.21000000000679 0 0.00300555327987999 46858 46 321 0 321 0.440766826398545 0.0736495858999193 9.9996194648207e-15 0.676269398794456 
3.2000000000068 0 0.00561739999470629 46857 46 320 0 320 0.44965624224883 0.0845166517581387 9.96739407179851e-15 0.677538577642031 
3.19000000000681 0 0.00823849698827573 46856 46 319 0 319 0.513009694780784 0.0898949820804843 8.4002488602477e-15 0.680023916726493 
3.18000000000682 0 0.0108648485746172 46855 46 318 0 318 0.559531564980144 0.0844813895048854 -4.75059360518307e-14 0.693082872490525 
3.17000000000683 0 0.0134885818062164 46854 46 317 0 317 0.547439692928737 0.0981393338988036 -3.88045208148951e-14 0.695025220193083 
3.16000000000684 0 0.0161867167216504 46853 46 316 0 316 0.485755910432085 0.121031746677153 -2.44296503558043e-15 0.69083088163195 
3.15000000000685 0 0.0188636473446695 46852 46 315 0 315 0.441510451398085 0.138285770141433 9.05127128426126e-15 0.68739083694542 
3.14000000000686 0 0.0215578190004259 46851 46 314 0 314 0.454499344742713 0.149888603478771 1.32700180993308e-14 0.687309713748953 
3.13000000000687 0 0.024260832894692 46850 46 313 0 313 0.523609831439676 0.151118058456104 9.79279514093875e-15 0.689750935288439 
3.12000000000688 0 0.0269634913528393 46849 46 312 0 312 0.562073415026897 0.146506235848964 -4.63000335577836e-14 0.704411781621176 
3.11000000000689 0 0.0296807242768594 46848 46 311 0 311 0.53460878088845 0.161700558693389 -5.69654841997104e-14 0.708618634015329 
3.1000000000069 0 0.0324468615771029 46847 46 310 0 310 0.468936725030941 0.191560724273577 6.18053486122047e-15 0.695507641471188 
3.09000000000691 0 0.0351969725795895 46846 46 309 0 309 0.439520282563698 0.206550998258439 7.06968061167833e-15 0.692812166060424 
3.08000000000692 0 0.0379653346941277 46845 46 308 0 308 0.469725666275998 0.218348593046565 8.21581181169284e-15 0.69129526735319 
3.07000000000693 0 0.0407296436057903 46844 46 307 0 307 0.541959688066455 0.210775626353608 -8.30779802362188e-15 0.694734776754733 
3.06000000000694 0 0.0434922966829387 46843 46 306 0 306 0.561656114507809 0.211035148166556 -4.23480223741953e-14 0.707541731432674 
3.05000000000695 0 0.0462817497524528 46842 46 305 0 305 0.514186364662612 0.230185138136278 -5.32586426833977e-14 0.714539667345739 
3.04000000000696 0 0.049102999072371 46841 46 304 0 304 0.451000427568683 0.262671505337394 5.84159148554491e-16 0.695234069772935 
3.03000000000697 0 0.0519232530282257 46840 46 303 0 303 0.442813642722141 0.278054224402718 1.13775763786743e-14 0.690823601249585 
3.02000000000698 0 0.0547441889521967 46839 46 302 0 302 0.501707671467327 0.288243635155443 1.47890487848308e-14 0.689142461680848 
3.01000000000699 0 0.0575581416152524 46838 46 301 0 301 0.558173407214179 0.275233273952751 -6.05342673677091e-15 0.703966212782863 
3.000000000007 0 0.0603806272003029 46837 46 300 0 300 0.544222462058356 0.289094085717042 -1.42018427882938e-14 0.706706985108578 
3.99000000000601 0 -0.131718812216241 116942 45 399 0 399 0.530333692734921 -0.427739127787511 1.46123667542181e-13 0.226436073965459 
3.98000000000602 0 -0.131009228742112 116941 45 398 0 398 0.544749882824676 -0.420104372279126 1.21892623043112e-13 0.233067823064273 
3.97000000000603 0 -0.130278425899322 116940 45 397 0 397 0.555446890612164 -0.413707707780182 1.03366658393897e-13 0.239627902278806 
3.96000000000604 0 -0.129514835700582 116939 45 396 0 396 0.561072017303136 -0.408608697132344 9.41837514439174e-14 0.246116347474569 
3.95000000000605 0 -0.128735024256682 116938 45 395 0 395 0.56281141674044 -0.40526382691563 1.04314174356062e-13 0.252639265815391 
3.94000000000606 0 -0.127928391709157 116937 45 394 0 394 0.559038254088788 -0.403348186991588 1.24494160556159e-13 0.25942785083968 
3.93000000000607 0 -0.127092567421016 116936 45 393 0 393 0.549051182354704 -0.402927451364002 1.55022383164003e-13 0.266596680768077 
3.92000000000608 0 -0.126243753920862 116935 45 392 0 392 0.534046650198786 -0.406636468288223 2.04477813617525e-13 0.270772343358427 
3.91000000000609 0 -0.125352163576787 116934 45 391 0 391 0.510580571341607 -0.411444183500474 1.90444238584213e-13 0.278629817882535 
3.9000000000061 0 -0.124427377929312 116933 45 390 0 390 0.483492115057344 -0.416446066235736 4.36059755382977e-14 0.294286130869644 
3.89000000000611 0 -0.123477693957843 116932 45 389 0 389 0.46134834503992 -0.413005010833612 2.27893665211078e-15 0.302301174028471 
3.88000000000612 0 -0.122488496470112 116931 45 388 0 388 0.445714565911343 -0.40815618054218 -1.38478873021273e-14 0.308875448224416 
3.87000000000613 0 -0.121478596205308 116930 45 387 0 387 0.438379335260472 -0.404803277226304 -2.48598652639337e-14 0.316530674126594 
3.86000000000614 0 -0.120447759088052 116929 45 386 0 386 0.439969654875029 -0.401464337299372 -3.50358271593255e-14 0.323915917441094 
3.85000000000615 0 -0.119377671616818 116928 45 385 0 385 0.449746476754477 -0.398227091107393 -4.45350731653825e-14 0.331174897714504 
3.84000000000616 0 -0.118288455151413 116927 45 384 0 384 0.470250363650707 -0.395092356470494 -5.39668497905101e-14 0.338303004312436 
3.83000000000617 0 -0.117172550262161 116926 45 383 0 383 0.501288240710588 -0.392110766374106 -6.17282961344247e-14 0.345401533224122 
3.82000000000618 0 -0.116021954908237 116925 45 382 0 382 0.531771767506131 -0.385435794020323 -3.64080415972672e-14 0.352475686353946 
3.81000000000619 0 -0.11485317847247 116924 45 381 0 381 0.552976764862911 -0.378516286254826 -2.17001600809678e-14 0.359371862035768 
3.8000000000062 0 -0.113653403497922 116923 45 380 0 380 0.562412576853278 -0.371529395676633 -1.23210923647759e-14 0.366111504304117 
3.79000000000621 0 -0.112424962214343 116922 45 379 0 379 0.559572069583434 -0.364767307235472 -1.39206910465053e-15 0.372644653438913 
3.78000000000622 0 -0.111189824828641 116921 45 378 0 378 0.545361056347279 -0.361720666324824 4.18333073840956e-16 0.37706427929125 
3.77000000000623 0 -0.109902990678249 116920 45 377 0 377 0.515070153481649 -0.360434708571957 -1.69309700378485e-14 0.383095003226176 
3.76000000000624 0 -0.10858097241112 116919 45 376 0 376 0.478247329054254 -0.360696898163299 -7.34536207325481e-14 0.395676702966624 
3.75000000000625 0 -0.107238808044769 116918 45 375 0 375 0.451128425232236 -0.3556586953447 -8.56842426747195e-14 0.403478720799256 
3.74000000000626 0 -0.105847851973072 116917 45 374 0 374 0.438280973397843 -0.349196353487925 -8.10358582374912e-14 0.409648532284625 
3.73000000000627 0 -0.104444664075095 116916 45 373 0 373 0.442124599796633 -0.344790845383503 -7.62713550443809e-14 0.41702431063145 
3.72000000000628 0 -0.103020989287105 116915 45 372 0 372 0.462738229846731 -0.340619366055415 -7.41117298184057e-14 0.424206947094015 
3.71000000000629 0 -0.101565268462748 116914 45 371 0 371 0.500022371112774 -0.336754400910923 -7.36376829736414e-14 0.431271289511907 
3.7000000000063 0 -0.100093924636056 116913 45 370 0 370 0.538702760324149 -0.332750714888065 -1.44328626554408e-14 0.43755710501752 
3.69000000000631 0 -0.0985950128493184 116912 45 369 0 369 0.559439772496621 -0.329529976645344 1.03706055384201e-14 0.444660849305591 
3.68000000000632 0 -0.0970662508364615 116911 45 368 0 368 0.561106012988944 -0.325881226924188 -1.20171279717129e-14 0.452358462272393 
3.67000000000633 0 -0.0955192488861932 116910 45 367 0 367 0.544106331106972 -0.320200440041378 -7.00588125080908e-14 0.461757804738849 
3.66000000000634 0 -0.0939276154469653 116909 45 366 0 366 0.505218161344232 -0.312420285290441 -1.12598280473674e-13 0.469914854508448 
3.65000000000635 0 -0.0923002085270726 116908 45 365 0 365 0.463350388766095 -0.301787032699788 -7.39576214010202e-14 0.473927466961427 
3.64000000000636 0 -0.0906551894429991 116907 45 364 0 364 0.440764551718903 -0.293417870452534 -6.33228034090611e-14 0.479338574713713 
3.63000000000637 0 -0.0889763698578017 116906 45 363 0 363 0.440835680006176 -0.286343170808219 -5.95681460229221e-14 0.485196504343329 
3.62000000000638 0 -0.0872802330749269 116905 45 362 0 362 0.464721468350025 -0.281117241621626 -5.69363360615144e-14 0.491726329382875 
3.61000000000639 0 -0.0855653510280206 116904 45 361 0 361 0.512169577793953 -0.275768546675099 -5.58744965758004e-14 0.497934127951577 
3.6000000000064 0 -0.0838158766163421 116903 45 360 0 360 0.549614900692009 -0.269137915780336 -5.52049191063189e-14 0.50355632644911 
3.59000000000641 0 -0.0820523241623969 116902 45 359 0 359 0.562966824494403 -0.263569358148869 -7.7851215256002e-14 0.509236101856391 
3.58000000000642 0 -0.0802579327162647 116901 45 358 0 358 0.548840020947258 -0.258118461587376 -8.21424362868511e-14 0.516769939700584 
3.57000000000643 0 -0.0784241787709186 116900 45 357 0 357 0.508617227619412 -0.252408904497069 -4.84852665687634e-14 0.526832211350405 
3.56000000000644 0 -0.076551019118223 116899 45 356 0 356 0.46262583115629 -0.241087330055363 -3.87166635553841e-14 0.530491978538008 
3.55000000000645 0 -0.0746493426356389 116898 45 355 0 355 0.438668463471342 -0.231008855126649 -2.98549507872902e-14 0.534506154514044 
3.54000000000646 0 -0.0727210193634914 116897 45 354 0 354 0.446772462064303 -0.223647403535825 -2.39923861989895e-14 0.540123037500634 
3.53000000000647 0 -0.0707797724756064 116896 45 353 0 353 0.48663655640404 -0.217734784918341 -1.8618815059437e-14 0.545797778842763 
3.52000000000648 0 -0.0688087417075254 116895 45 352 0 352 0.539196843203233 -0.215852771195637 -8.52763273731577e-15 0.551718531456729 
3.51000000000649 0 -0.0668193073064375 116894 45 351 0 351 0.562024518754769 -0.213159237365071 -9.53980285943261e-14 0.559880829722962 
3.5000000000065 0 -0.0648106873095378 116893 45 350 0 350 0.551551864819599 -0.205461487873396 -1.0345544405551e-13 0.567505075168152 
2.000000000008 0 0.169600410790756 46737 46 200 0 200 0.548408837922256 0.784973079792495 -9.03799010211099e-15 -0.418428798497682 
2.49000000000751 0 0.192015059490434 46786 46 249 0 249 0.438319602243223 0.887916619922594 -2.71276091959899e-15 0.287538581595134 
2.48000000000752 0 0.193582717564294 46785 46 248 0 248 0.455670407982927 0.893677934898112 -5.31875782876164e-15 0.273774845888283 
2.47000000000753 0 0.195079566125748 46784 46 247 0 247 0.490162167408745 0.898891510683853 -7.28511649267421e-15 0.259786130807122 
2.46000000000754 0 0.196466028877332 46783 46 246 0 246 0.531103660794745 0.866581533528596 -3.79333126960562e-15 0.247669196789951 
2.45000000000755 0 0.197794576492654 46782 46 245 0 245 0.552579629668641 0.834051680821315 -6.11126267497019e-16 0.235412187869459 
2.44000000000756 0 0.199035321982576 46781 46 244 0 244 0.560707132423377 0.810040731297124 8.71230923157297e-16 0.222437787476613 
2.43000000000757 0 0.200180359001767 46780 46 243 0 243 0.558617982847819 0.794319022487961 6.64840240337178e-16 0.208632794015543 
2.42000000000758 0 0.201259543076315 46779 46 242 0 242 0.543957012905925 0.80801330949028 8.2456453597281e-15 0.229872898214754 
2.41000000000759 0 0.202236108955624 46778 46 241 0 241 0.523803641214812 0.844487780485937 8.39853928826573e-15 0.230273058626757 
2.4000000000076 0 0.203154935414342 46777 46 240 0 240 0.498110258750177 0.907843143866524 -7.54631023202312e-15 0.177196258420559 
2.39000000000761 0 0.203998699496935 46776 46 239 0 239 0.473628257186631 0.930215909499869 -1.00045983297974e-14 0.149410057151667 
2.38000000000762 0 0.204726535580857 46775 46 238 0 238 0.458438937253287 0.94174020066141 -9.26072377416585e-15 0.12826058158253 
2.37000000000763 0 0.205377797878101 46774 46 237 0 237 0.447871645520139 0.946078249646691 -7.6386525295305e-15 0.112404541794086 
2.36000000000764 0 0.205958950910704 46773 46 236 0 236 0.439975767953957 0.949147232259011 -6.40981896092913e-15 0.0969014441469913 
2.35000000000765 0 0.206406417600213 46772 46 235 0 235 0.438590838703788 0.951436396047216 -5.39075604917015e-15 0.0814878841601618 
2.34000000000766 0 0.20679115821407 46771 46 234 0 234 0.43636189018424 0.953205247442162 -4.37768014626758e-15 0.0659041245008963 
2.33000000000767 0 0.207085909652213 46770 46 233 0 233 0.435452188225982 0.954608592132448 -3.53935807242642e-15 0.0501977534597366 
2.32000000000768 0 0.207263758709426 46769 46 232 0 232 0.437611920278188 0.955659020455721 -2.86386294294818e-15 0.0344038214990158 
2.31000000000769 0 0.20737903877309 46768 46 231 0 231 0.436122933015998 0.956267820776902 -2.67669746717922e-15 0.0185535333613359 
2.3000000000077 0 0.207387354590544 46767 46 230 0 230 0.436366065041971 0.956420330451765 -2.85850705552623e-15 0.00267579364695499 
2.29000000000771 0 0.207297590535013 46766 46 229 0 229 0.43746340420432 0.956096833487755 -3.45318688997301e-15 -0.0132202977973755 
2.28000000000772 0 0.207144928975343 46765 46 228 0 228 0.435331051206989 0.954859451649575 -4.62511785689298e-15 -0.0291630511480054 
2.27000000000773 0 0.20686990044481 46764 46 227 0 227 0.436469843424709 0.95299331297937 -6.00863182384255e-15 -0.0451458724912901 
2.26000000000774 0 0.206516085019874 46763 46 226 0 226 0.437894803635739 0.950326618126462 -7.59790083564629e-15 -0.0612055296783186 
2.25000000000775 0 0.206102237732852 46762 46 225 0 225 0.4386540984031 0.946544621972166 -9.10210707678001e-15 -0.077578358010015 
2.24000000000776 0 0.205550465276818 46761 46 224 0 224 0.445848631931502 0.941938312619126 -1.05500388487269e-14 -0.0941106597116397 
2.23000000000777 0 0.204937140190144 46760 46 223 0 223 0.454573951422811 0.935758618821119 -1.15658956729365e-14 -0.11110502649062 
2.22000000000778 0 0.204250829452722 46759 46 222 0 222 0.467662108234875 0.928159404002019 -1.25096305995746e-14 -0.127720366655265 
2.21000000000779 0 0.203448340502185 46758 46 221 0 221 0.490195001513273 0.920231967961295 -1.40830020962846e-14 -0.143667577964522 
2.2000000000078 0 0.202620620257438 46757 46 220 0 220 0.513413780349214 0.91069722572013 -2.08864338272888e-14 -0.15734387938042 
2.19000000000781 0 0.201688322212346 46756 46 219 0 219 0.536052589008646 0.902370158379979 -2.68658960640769e-14 -0.172533857858832 
2.18000000000782 0 0.200646605330337 46755 46 218 0 218 0.554057419852522 0.89613483035322 -3.12627940532767e-14 -0.188383195625801 
2.17000000000783 0 0.199540993788076 46754 46 217 0 217 0.560359970148167 0.890855851804522 -2.7969202258238e-14 -0.202604148928233 
2.16000000000784 0 0.198334606044968 46753 46 216 0 216 0.558000708389389 0.889823993584905 -2.41395347012322e-14 -0.216031683676986 
2.15000000000785 0 0.19705029448431 46752 46 215 0 215 0.542723573362055 0.893189241930323 -2.00521226234115e-14 -0.228950909848961 
2.14000000000786 0 0.195717989087768 46751 46 214 0 214 0.509619337295339 0.90046533564112 -1.62988572819074e-14 -0.242146318405661 
2.13000000000787 0 0.194273695608243 46750 46 213 0 213 0.470172189107188 0.897854786451667 -1.47036387823874e-14 -0.256589487420073 
2.12000000000788 0 0.192768414101405 46749 46 212 0 212 0.44425735054677 0.88895389720952 -1.38026836435423e-14 -0.27172985303007 
2.11000000000789 0 0.191208319394749 46748 46 211 0 211 0.435763653711012 0.878260253906547 -1.26712964828251e-14 -0.287191509829857 
2.1000000000079 0 0.189544698864828 46747 46 210 0 210 0.452309170441343 0.867657644810967 -1.15039190073519e-14 -0.301845704530143 
2.09000000000791 0 0.187827280206039 46746 46 209 0 209 0.491021891657946 0.857538124262443 -1.11381057082444e-14 -0.314317096355895 
2.08000000000792 0 0.186098419432862 46745 46 208 0 208 0.534107652975042 0.849119588922592 -1.74702227739668e-14 -0.325090304263302 
2.07000000000793 0 0.184254413643489 46744 46 207 0 207 0.560620629949683 0.842924449995341 -2.31915198759166e-14 -0.335700428258965 
2.06000000000794 0 0.182347213130837 46743 46 206 0 206 0.55464089755308 0.838492564695393 -1.96823319639995e-14 -0.350118865506351 
2.05000000000795 0 0.180360918312699 46742 46 205 0 205 0.518171166788435 0.835622140189212 -1.34398706711566e-14 -0.362937758723837 
2.04000000000796 0 0.178301018112585 46741 46 204 0 204 0.463261527281785 0.827678997890124 -1.28766480318977e-14 -0.376051356542083 
2.03000000000797 0 0.176200912427302 46740 46 203 0 203 0.437000552752114 0.814379619114677 -1.4566415626039e-14 -0.390015944429075 
2.02000000000798 0 0.174034636421065 46739 46 202 0 202 0.452356208403167 0.80191112479662 -1.5757440963103e-14 -0.402321772089413 
2.01000000000799 0 0.171833178011769 46738 46 201 0 201 0.500646513349708 0.790741946672982 -1.60462758617988e-14 -0.412819832397259 
2.77000000000723 0 0.12613627317627 46814 46 277 0 277 0.471782729030016 0.600182062844494 4.55442739395527e-15 0.593803103070926 
2.76000000000724 0 0.128938754060196 46813 46 276 0 276 0.439472772774756 0.6173088188366 4.82681140346057e-15 0.581743674230946 
2.75000000000725 0 0.131732709065765 46812 46 275 0 275 0.469180303823714 0.629301540533841 4.9106861510795e-15 0.57262756759153 
2.74000000000726 0 0.134482295386969 46811 46 274 0 274 0.541756414152626 0.609188753485163 8.16197627615178e-15 0.569214283247592 
2.73000000000727 0 0.137209743884055 46810 46 273 0 273 0.561448256368073 0.598842388398718 9.87706455603332e-15 0.59057524745925 
2.72000000000728 0 0.139936214206768 46809 46 272 0 272 0.515751982528267 0.623379069703488 9.93080952287974e-15 0.588035545689353 
2.71000000000729 0 0.142660218625443 46808 46 271 0 271 0.451839503644349 0.675715765172716 9.87975857274261e-15 0.541945805269114 
2.7000000000073 0 0.145357679386496 46807 46 270 0 270 0.439747470838765 0.688883964209682 1.18313877808586e-14 0.531023472807092 
2.69000000000731 0 0.148015535093312 46806 46 269 0 269 0.486169359347972 0.699532252301512 1.36156815341975e-14 0.520660719992772 
2.68000000000732 0 0.150625367818749 46805 46 268 0 268 0.550355336469044 0.668290355447399 1.21905540091932e-14 0.522482646690266 
2.67000000000733 0 0.15319734382339 46804 46 267 0 267 0.558929808869333 0.668359271787499 9.18163395589601e-15 0.528974896067919 
2.66000000000734 0 0.155757534705213 46803 46 266 0 266 0.512045356610837 0.698237536619154 6.84440400754317e-15 0.525128759436448 
2.65000000000735 0 0.158313770011279 46802 46 265 0 265 0.453820760398554 0.737521800242794 4.96585282565771e-15 0.488769230254212 
2.64000000000736 0 0.160831292977637 46801 46 264 0 264 0.437863393145513 0.754981556433374 2.424484682778e-15 0.471575437404698 
2.63000000000737 0 0.16327254508049 46800 46 263 0 263 0.476573430609903 0.764840365182318 6.61616885597244e-16 0.459985437234251 
2.62000000000738 0 0.165672604654157 46799 46 262 0 262 0.540239431793984 0.73443443702387 1.533961449268e-15 0.45215999639484 
2.61000000000739 0 0.168031453929563 46798 46 261 0 261 0.56106985732231 0.711777074413982 4.41168851882206e-15 0.46194225778859 
2.6000000000074 0 0.170315895611973 46797 46 260 0 260 0.537706606864644 0.726485980473255 7.44171761739153e-15 0.4896268719636 
2.59000000000741 0 0.17260346985993 46796 46 259 0 259 0.481181537472659 0.776570610046638 2.77051488942892e-15 0.441632163445135 
2.58000000000742 0 0.174835333599593 46795 46 258 0 258 0.440052569058782 0.813272062770315 7.96441234219811e-17 0.40509258817732 
2.57000000000743 0 0.176998773030738 46794 46 257 0 257 0.443484518882819 0.824273726153851 1.00755153593518e-15 0.39106486202905 
2.56000000000744 0 0.179111909615881 46793 46 256 0 256 0.481199467532417 0.831392956122083 1.98840892496679e-15 0.378882363437431 
2.55000000000745 0 0.181145393994763 46792 46 255 0 255 0.53650257124596 0.798638283926483 6.23574666542937e-15 0.370726552168862 
2.54000000000746 0 0.183106081477219 46791 46 254 0 254 0.561266730396771 0.763878694264377 9.57652479373647e-15 0.36129325224754 
2.53000000000747 0 0.185002096489598 46790 46 253 0 253 0.553435304779664 0.766312701583797 1.30172780576878e-14 0.37893417551892 
2.52000000000748 0 0.186838435208818 46789 46 252 0 252 0.517173233990939 0.799299387357626 1.30637443128314e-14 0.388488759575693 
2.51000000000749 0 0.188643857356675 46788 46 251 0 251 0.469978223552723 0.856078788217407 4.4559318717465e-15 0.330124305496437 
2.5000000000075 0 0.190388455085342 46787 46 250 0 250 0.439735989032859 0.879299987472995 -1.22629282938823e-16 0.302528787806024 
4.000000000006 0 -0.13241136255184 52653 131 400 0 400 0.512965849155688 -0.43616740518343 1.69964685336085e-13 0.219612217671949 
4.49000000000551 0 -0.136566556465996 52702 131 449 0 449 0.437777726791364 -0.426303994800595 2.69590985351856e-15 -0.148303139839478 
4.48000000000552 0 -0.137054067257934 52701 131 448 0 448 0.438208531586584 -0.430405461404643 -1.79748713137897e-15 -0.141434176986788 
4.47000000000553 0 -0.137524547813477 52700 131 447 0 447 0.440613436823294 -0.434727773356373 -6.90947186006206e-15 -0.134590891634136 
4.46000000000554 0 -0.137967654005432 52699 131 446 0 446 0.443963764833644 -0.439152048798104 -1.24220081388888e-14 -0.127760459111475 
4.45000000000555 0 -0.138392056493048 52698 131 445 0 445 0.449316038326605 -0.444039187885747 -1.99430717565064e-14 -0.120969111856544 
4.44000000000556 0 -0.13879175064813 52697 131 444 0 444 0.455479951361468 -0.449225524511739 -2.80998938662294e-14 -0.114199299811789 
4.43000000000557 0 -0.13916451093947 52696 131 443 0 443 0.462025875882088 -0.454622207716989 -3.67100881401399e-14 -0.107440607598581 
4.42000000000558 0 -0.139512984977416 52695 131 442 0 442 0.469760766917929 -0.461282682647776 -4.41521153048729e-14 -0.101113846411484 
4.41000000000559 0 -0.139840233274734 52694 131 441 0 441 0.477594725865617 -0.46903508019877 -5.0549323316714e-14 -0.0953157793276971 
4.4000000000056 0 -0.140151902234661 52693 131 440 0 440 0.485865095563677 -0.478303934990639 -5.56628042990882e-14 -0.0902225222115357 
4.39000000000561 0 -0.140450434857435 52692 131 439 0 439 0.495062430873011 -0.489273493081339 -6.08063589428971e-14 -0.0835337607036832 
4.38000000000562 0 -0.140715828588834 52691 131 438 0 438 0.50339655416364 -0.49816999845955 -6.41869875607241e-14 -0.0734212171490149 
4.37000000000563 0 -0.140918861402414 52690 131 437 0 437 0.509169808570626 -0.502058360507048 -6.38561070312628e-14 -0.0557006312847508 
4.36000000000564 0 -0.141119729621943 52689 131 436 0 436 0.515195748019907 -0.502507817154361 -5.19003042295501e-14 -0.04874603302383 
4.35000000000565 0 -0.141293378905665 52688 131 435 0 435 0.51960806602946 -0.502611183707119 -3.09101211055499e-14 -0.0454581845194974 
4.34000000000566 0 -0.141469715885194 52687 131 434 0 434 0.524471171094482 -0.506663356672045 1.67454648332018e-14 -0.0408236336296399 
4.33000000000567 0 -0.14161205515156 52686 131 433 0 433 0.528134299102725 -0.513969536289076 6.24920377655866e-14 -0.0357713107610276 
4.32000000000568 0 -0.141713703480242 52685 131 432 0 432 0.530003207054948 -0.523531517463989 1.07372617384237e-13 -0.0303586595869307 
4.31000000000569 0 -0.141806976208448 52684 131 431 0 431 0.532507617645893 -0.533852250576561 1.60999291915493e-13 -0.0216272150592645 
4.3000000000057 0 -0.141868961775593 52683 131 430 0 430 0.533829845743205 -0.540515666213546 1.93954427011348e-13 -0.0104361557978082 
4.29000000000571 0 -0.141903081804192 52682 131 429 0 429 0.534306867575789 -0.543176738856232 2.0446639799091e-13 0.00353187575091919 
4.28000000000572 0 -0.141900455813301 52681 131 428 0 428 0.53453296827303 -0.534015006639267 1.91266242210238e-13 0.0180328185132511 
4.27000000000573 0 -0.141869290453326 52680 131 427 0 427 0.533674881261676 -0.520141154069961 1.62809637827233e-13 0.0313782430183978 
4.26000000000574 0 -0.141820629006689 52679 131 426 0 426 0.532533939325564 -0.499141109946562 1.08713575991527e-13 0.0423552195208635 
4.25000000000575 0 -0.141757835739339 52678 131 425 0 425 0.531452350887151 -0.477202557532459 4.1821879761864e-14 0.0488443581658496 
4.24000000000576 0 -0.141663149759041 52677 131 424 0 424 0.52892913989497 -0.456243689653403 -2.61881491310296e-14 0.0535065852029798 
4.23000000000577 0 -0.141555288304823 52676 131 423 0 423 0.526414224986175 -0.440627834415658 -8.20804944818108e-14 0.0559915995386827 
4.22000000000578 0 -0.141430093536323 52675 131 422 0 422 0.523465272396903 -0.431458972198939 -1.27394100125132e-13 0.0584031321046955 
4.21000000000579 0 -0.141277925309759 52674 131 421 0 421 0.51919712392393 -0.426425236835334 -1.69814595459295e-13 0.0606959720140228 
4.2000000000058 0 -0.141115342718253 52673 131 420 0 420 0.515047410666843 -0.429681785133224 -2.28302496586003e-13 0.063079961727224 
4.19000000000581 0 -0.140922750536376 52672 131 419 0 419 0.509528299647771 -0.437740035779018 -1.58774017115747e-13 0.0682447588258177 
4.18000000000582 0 -0.140695880348773 52671 131 418 0 418 0.502189366901517 -0.450487037090719 3.37470536197592e-14 0.0760304517117112 
4.17000000000583 0 -0.14045549213995 52670 131 417 0 417 0.495102387845616 -0.455882745205678 1.08031083076444e-13 0.088036480805086 
4.16000000000584 0 -0.140182369078071 52669 131 416 0 416 0.486896684056926 -0.458778690089588 1.5778623147901e-13 0.0984641439565305 
4.15000000000585 0 -0.139885792870991 52668 131 415 0 415 0.478688537656515 -0.458015492790827 1.73222682272329e-13 0.106056432246439 
4.14000000000586 0 -0.139573071196493 52667 131 414 0 414 0.471400205120579 -0.457401301620374 1.82046805836749e-13 0.113858230485388 
4.13000000000587 0 -0.139222480100799 52666 131 413 0 413 0.463391831952086 -0.456683330475802 1.89229449111605e-13 0.121672293377213 
4.12000000000588 0 -0.138851826572812 52665 131 412 0 412 0.456369807504104 -0.455685801149413 1.95027447726731e-13 0.129365939684944 
4.11000000000589 0 -0.138459851640915 52664 131 411 0 411 0.450536399931304 -0.454550284247894 1.9945340126996e-13 0.13703436757572 
4.1000000000059 0 -0.138028397609372 52663 131 410 0 410 0.444662754971911 -0.453311911710596 2.02895863153552e-13 0.14468716653989 
4.09000000000591 0 -0.137578863461906 52662 131 409 0 409 0.440886244626028 -0.451985276972397 2.04008463406276e-13 0.152294832502583 
4.08000000000592 0 -0.137104841707264 52661 131 408 0 408 0.438653665322251 -0.450653439728148 2.02935753686844e-13 0.159837113935973 
4.07000000000593 0 -0.136598808071163 52660 131 407 0 407 0.437588367850979 -0.449322270315065 2.00158770868169e-13 0.16733323608592 
4.06000000000594 0 -0.136075849536257 52659 131 406 0 406 0.439711158562614 -0.447924210477448 1.96180208675031e-13 0.174818508249511 
4.05000000000595 0 -0.135523999357606 52658 131 405 0 405 0.443824392880934 -0.446533936374215 1.92769298912454e-13 0.182324368014038 
4.04000000000596 0 -0.134945820696275 52657 131 404 0 404 0.450483529450673 -0.445187490594655 1.9021678333168e-13 0.189857705279316 
4.03000000000597 0 -0.134344738640447 52656 131 403 0 403 0.461162820871721 -0.443992276996181 1.8717481241699e-13 0.197483588631649 
4.02000000000598 0 -0.133716416672445 52655 131 402 0 402 0.474737654994001 -0.442860515750034 1.84091787150037e-13 0.205029134793419 
4.01000000000599 0 -0.133071130476409 52654 131 401 0 401 0.492220663969812 -0.441774833154838 1.81157861937366e-13 0.212461092634097 
4.99000000000501 0 -0.0829876295162002 52752 131 499 0 499 0.558806716553997 -0.186979424052065 3.79953613618676e-14 -0.461943569627896 
4.98000000000502 0 -0.0846111719203486 52751 131 498 0 498 0.535467236978902 -0.189454010832758 4.56834636277098e-14 -0.461737004897676 
4.97000000000503 0 -0.0862203736502566 52750 131 497 0 497 0.491747340781657 -0.200769090320019 4.86213654133285e-14 -0.460130873178913 
4.96000000000504 0 -0.0878091747864369 52749 131 496 0 496 0.454537767746469 -0.20871589502993 4.70826248946476e-14 -0.455753155403543 
4.95000000000505 0 -0.0893815136303498 52748 131 495 0 495 0.438736143901071 -0.21898900633499 4.54656601316298e-14 -0.452371488574168 
4.94000000000506 0 -0.0909326450913055 52747 131 494 0 494 0.442713613350775 -0.231776411471247 4.45156660819762e-14 -0.450132873425069 
4.93000000000507 0 -0.0924605778549302 52746 131 493 0 493 0.46556479135623 -0.245433685442893 4.43507871479145e-14 -0.448135530978017 
4.92000000000508 0 -0.093995741418011 52745 131 492 0 492 0.507554382519408 -0.255312899307195 4.14183835608885e-14 -0.439062682030456 
4.91000000000509 0 -0.0954590146644448 52744 131 491 0 491 0.543442863116903 -0.259139295162804 4.40605830752649e-14 -0.424830782833198 
4.9000000000051 0 -0.0968611323462177 52743 131 490 0 490 0.559996015381224 -0.257831217480184 5.08835949529461e-14 -0.407151398698057 
4.89000000000511 0 -0.0982652157015915 52742 131 489 0 489 0.561402678764403 -0.251862502291199 5.49827457593489e-14 -0.404704203648329 
4.88000000000512 0 -0.0996473808021191 52741 131 488 0 488 0.546444477045055 -0.251318335378704 5.66059150371203e-14 -0.402769842516252 
4.87000000000513 0 -0.101018942166297 52740 131 487 0 487 0.516448140919712 -0.258181162658582 5.58319892519737e-14 -0.399871061088542 
4.86000000000514 0 -0.102374267056488 52739 131 486 0 486 0.477386437088236 -0.267175408498232 5.38360247537676e-14 -0.395856518953755 
4.85000000000515 0 -0.10370121592952 52738 131 485 0 485 0.450418829568121 -0.274189182462864 5.16296990834379e-14 -0.390867521724926 
4.84000000000516 0 -0.105016384511119 52737 131 484 0 484 0.438617095597387 -0.282712879317847 4.8577670257846e-14 -0.386461884963498 
4.83000000000517 0 -0.106314398988828 52736 131 483 0 483 0.440793308201559 -0.293492859960063 4.42321975792939e-14 -0.383183519880856 
4.82000000000518 0 -0.107590125980055 52735 131 482 0 482 0.456041017177096 -0.305035442591799 3.95116929672065e-14 -0.380081713851273 
4.81000000000519 0 -0.108860214993654 52734 131 481 0 481 0.485782707500486 -0.319598755001777 3.1308693919329e-14 -0.375929217120512 
4.8000000000052 0 -0.110106661489778 52733 131 480 0 480 0.521212070031393 -0.327353065327714 2.57660104102884e-14 -0.363275784017487 
4.79000000000521 0 -0.11128903468231 52732 131 479 0 479 0.546184115917437 -0.329540372073283 2.27739021007439e-14 -0.34489854130665 
4.78000000000522 0 -0.112440488200996 52731 131 478 0 478 0.559833543968886 -0.324375805719117 2.52548157483133e-14 -0.338599883084373 
4.77000000000523 0 -0.113576307406471 52730 131 477 0 477 0.562275841246406 -0.320375063728902 3.07398690154521e-14 -0.33355299754509 
4.76000000000524 0 -0.114705661126984 52729 131 476 0 476 0.554407731519747 -0.318606573451312 3.81225730503831e-14 -0.328780853085814 
4.75000000000525 0 -0.115815113968918 52728 131 475 0 475 0.537047218409319 -0.320999036234543 4.21949879419873e-14 -0.323942042825681 
4.74000000000526 0 -0.116888070837766 52727 131 474 0 474 0.509432736546077 -0.327274900244687 4.19421107203951e-14 -0.319197594790277 
4.73000000000527 0 -0.117949859295432 52726 131 473 0 473 0.478358605544015 -0.333577188267349 3.98473526199043e-14 -0.313516870080096 
4.72000000000528 0 -0.118991138337607 52725 131 472 0 472 0.456271480493753 -0.339316305942587 3.83431337330794e-14 -0.307536597994399 
4.71000000000529 0 -0.120001191215878 52724 131 471 0 471 0.44247654302997 -0.345332842284737 3.70716229295911e-14 -0.301624802477564 
4.7000000000053 0 -0.120994995128379 52723 131 470 0 470 0.437902575047317 -0.352406115259709 3.53939176268866e-14 -0.296083909044635 
4.69000000000531 0 -0.121966987200454 52722 131 469 0 469 0.441000553061703 -0.360625553243973 3.31800270553061e-14 -0.291081045238766 
4.68000000000532 0 -0.122914933741656 52721 131 468 0 468 0.451102561261595 -0.369474848387947 3.07593922515091e-14 -0.286345892168458 
4.67000000000533 0 -0.123853412203501 52720 131 467 0 467 0.469064300496772 -0.383024882510927 2.73256281178812e-14 -0.283770319212355 
4.66000000000534 0 -0.124765587302288 52719 131 466 0 466 0.493334269621543 -0.39431173898148 1.95809804763739e-14 -0.276394071129856 
4.65000000000535 0 -0.125660555815701 52718 131 465 0 465 0.51921451514654 -0.402891178930525 7.27991886212123e-15 -0.263774309298001 
4.64000000000536 0 -0.126498051304805 52717 131 464 0 464 0.539036094186379 -0.403734633722543 1.28810898928395e-14 -0.249289491437242 
4.63000000000537 0 -0.127311753475287 52716 131 463 0 463 0.552209869154652 -0.401414856604093 2.09469499788551e-14 -0.23845413620908 
4.62000000000538 0 -0.128116361227823 52715 131 462 0 462 0.560145202318023 -0.395377256338317 2.83466478292148e-14 -0.234035046451267 
4.61000000000539 0 -0.128903515562031 52714 131 461 0 461 0.563050074521831 -0.391513295153816 3.2134220092814e-14 -0.22798085185584 
4.6000000000054 0 -0.129660643711823 52713 131 460 0 460 0.560302484789272 -0.389619549509046 3.52790800604148e-14 -0.221609509533211 
4.59000000000541 0 -0.130402229427625 52712 131 459 0 459 0.553682784112387 -0.389703615128394 4.00322434531608e-14 -0.215699320504112 
4.58000000000542 0 -0.131124081754558 52711 131 458 0 458 0.542891313092053 -0.391540095655231 4.22860760090565e-14 -0.209606392914564 
4.57000000000543 0 -0.131820056193122 52710 131 457 0 457 0.527756870584309 -0.394828881881357 4.21939422491824e-14 -0.203342162982767 
4.56000000000544 0 -0.132500007258681 52709 131 456 0 456 0.510213291052819 -0.399529441310748 3.97073889537759e-14 -0.196872646027174 
4.55000000000545 0 -0.133152314820802 52708 131 455 0 455 0.490139269526887 -0.403936591066612 3.48117106935531e-14 -0.190116428182369 
4.54000000000546 0 -0.133779265516792 52707 131 454 0 454 0.472993027892334 -0.407452218494957 3.01255191253111e-14 -0.18316217762241 
4.53000000000547 0 -0.13439189403709 52706 131 453 0 453 0.460426167975561 -0.411101706373193 2.47289994504695e-14 -0.176162858156238 
4.52000000000548 0 -0.134969962316998 52705 131 452 0 452 0.450402995548308 -0.414779522364439 1.92117185752592e-14 -0.1691667070536 
4.51000000000549 0 -0.135525503095918 52704 131 451 0 451 0.443551188817375 -0.418519843625974 1.33816824130308e-14 -0.162173735417262 
4.5000000000055 0 -0.136064780656916 52703 131 450 0 450 0.440001741986369 -0.422388301539228 7.8444732705802e-15 -0.155222955151938 
5.38000000000462 0 -0.00155609158524829 52791 131 538 0 538 0.538689715295787 0.12690918191915 5.79963274550323e-14 -0.628081181436521 
5.37000000000463 0 -0.00404145819428286 52790 131 537 0 537 0.561746964706152 0.129476624527035 6.00000131622279e-14 -0.611795228601667 
5.36000000000464 0 -0.00651203275117388 52789 131 536 0 536 0.535641195526413 0.124305154626879 6.51264837476558e-14 -0.617319865116633 
5.35000000000465 0 -0.00894507700784167 52788 131 535 0 535 0.468932698423723 0.10760175354647 6.60621914255238e-14 -0.622592060689124 
5.34000000000466 0 -0.0114134821084707 52787 131 534 0 534 0.437984970126928 0.0919603249217594 6.28301944615658e-14 -0.624276859799974 
5.33000000000467 0 -0.0138732997286749 52786 131 533 0 533 0.461191065035455 0.0753322467521259 6.04574459736169e-14 -0.623947017621312 
5.32000000000468 0 -0.0163258753260234 52785 131 532 0 532 0.519348248075252 0.0617044265160145 5.997805256846e-14 -0.621248317211154 
5.31000000000469 0 -0.0187061552029507 52784 131 531 0 531 0.558571410096226 0.0656304043546957 6.30095150058551e-14 -0.600105139097636 
5.3000000000047 0 -0.0210459452637849 52783 131 530 0 530 0.553835327910604 0.0653352759324635 6.46083180019804e-14 -0.59773263786168 
5.29000000000471 0 -0.0233428666754009 52782 131 529 0 529 0.502959203791009 0.052558948962755 6.37968804194787e-14 -0.604097788563929 
5.28000000000472 0 -0.0256690833622095 52781 131 528 0 528 0.449256999631313 0.0385528431945378 5.92125133378921e-14 -0.604686958011225 
5.27000000000473 0 -0.0279833999922903 52780 131 527 0 527 0.440745828235748 0.023323957873614 5.58589076070694e-14 -0.604787295783049 
5.26000000000474 0 -0.0302919582707934 52779 131 526 0 526 0.474922867910091 0.00650111398168047 5.43105410549073e-14 -0.604806076113996 
5.25000000000475 0 -0.0325760235386478 52778 131 525 0 525 0.532300359593115 0.00258109672537978 5.34255341145857e-14 -0.588893893335557 
5.24000000000476 0 -0.0347947301279259 52777 131 524 0 524 0.5624251043262 0.00218191735173813 5.58725049409545e-14 -0.577683570148023 
5.23000000000477 0 -0.0369454262938508 52776 131 523 0 523 0.549306993846684 0.00179706950009225 6.0820433124399e-14 -0.575913488065705 
5.22000000000478 0 -0.0391117493438463 52775 131 522 0 522 0.498255452922647 -0.0117507842130428 6.18338990298825e-14 -0.580451304227985 
5.21000000000479 0 -0.0412841869119451 52774 131 521 0 521 0.449175421153772 -0.0226115414328011 5.8965165596395e-14 -0.578681859110826 
5.2000000000048 0 -0.0434371739663858 52773 131 520 0 520 0.438562258937593 -0.0382497381241798 5.72157040462282e-14 -0.579132148302004 
5.19000000000481 0 -0.0455799899261064 52772 131 519 0 519 0.469137628781023 -0.0532744667341606 5.49225989899805e-14 -0.576768090746994 
5.18000000000482 0 -0.0477154568566566 52771 131 518 0 518 0.523251947186676 -0.0659770874540496 5.34183352283761e-14 -0.572552386445429 
5.17000000000483 0 -0.049771280204916 52770 131 517 0 517 0.558154368830648 -0.062379095016921 5.16916709527364e-14 -0.550259591701755 
5.16000000000484 0 -0.0517925690848141 52769 131 516 0 516 0.558788164812029 -0.0602844408209151 5.30093885731977e-14 -0.544145243874569 
5.15000000000485 0 -0.0537824549901239 52768 131 515 0 515 0.525623917981761 -0.0656035983346172 5.55759376618841e-14 -0.54741163355912 
5.14000000000486 0 -0.0557865582571977 52767 131 514 0 514 0.470300479955765 -0.0791902682935208 5.47355389150245e-14 -0.547698585377761 
5.13000000000487 0 -0.0577693640606456 52766 131 513 0 513 0.440460295830902 -0.0909353801078538 5.18625817257823e-14 -0.545870570282113 
5.12000000000488 0 -0.0597394027031168 52765 131 512 0 512 0.443001340202114 -0.105630458606766 4.98907723113083e-14 -0.545322222919983 
5.11000000000489 0 -0.0616997027754822 52764 131 511 0 511 0.480023403580766 -0.120212204596119 4.67476866793254e-14 -0.541674590613488 
5.1000000000049 0 -0.06363875756716 52763 131 510 0 510 0.53088705514184 -0.129716621335198 4.75760412024323e-14 -0.533368344318084 
5.09000000000491 0 -0.0654987853434658 52762 131 509 0 509 0.559062634956101 -0.127698918152649 5.90053434817848e-14 -0.512812676122578 
5.08000000000492 0 -0.067337298344211 52761 131 508 0 508 0.559645725304247 -0.124525816956338 6.2106257182394e-14 -0.508214543131107 
5.07000000000493 0 -0.0691395619278337 52760 131 507 0 507 0.531909170076331 -0.127632751764813 6.09092928454581e-14 -0.508936187813706 
5.06000000000494 0 -0.0709524662905284 52759 131 506 0 506 0.48171446079313 -0.139372450494149 5.92590526742252e-14 -0.508223071584442 
5.05000000000495 0 -0.0727413219041663 52758 131 505 0 505 0.446841539691328 -0.149464493892485 5.72835017440896e-14 -0.505238995158794 
5.04000000000496 0 -0.0745079343489772 52757 131 504 0 504 0.437888974834345 -0.16073988500199 5.4689421994812e-14 -0.502646197269308 
5.03000000000497 0 -0.076272701478691 52756 131 503 0 503 0.455922190359709 -0.176711068152262 5.13157797782055e-14 -0.50171270191228 
5.02000000000498 0 -0.0780045581664401 52755 131 502 0 502 0.496872858897079 -0.187689096792872 4.33606793079547e-14 -0.494005696656902 
5.01000000000499 0 -0.0797197032390245 52754 131 501 0 501 0.539512634350548 -0.19225739037064 3.02734618775098e-14 -0.47857586366239 
5.000000000005 0 -0.0813906220269586 52753 131 500 0 500 0.562269566112983 -0.188963229282158 3.18234632604823e-14 -0.467562803304492 
5.39000000000461 0 0.000987346069648473 57549 132 539 0 539 0.477786759197501 0.134010588203812 5.86427643031958e-14 -0.637007160576446 
5.49000000000451 0 0.0272064696019633 57559 132 549 0 549 0.562804995052503 0.254477908962335 5.97097106812428e-14 -0.62973758843535 
5.48000000000452 0 0.0245732779337908 57558 132 548 0 548 0.530801034575067 0.247295212336928 6.3904401413237e-14 -0.634322597724772 
5.47000000000453 0 0.0219150871183372 57557 132 547 0 547 0.460293035884023 0.228961037171351 6.39262444488016e-14 -0.641655275393409 
5.46000000000454 0 0.0192355014412466 57556 132 546 0 546 0.439069542095655 0.213670980060327 6.33606577793079e-14 -0.644151958187689 
5.45000000000455 0 0.0165434833443987 57555 132 545 0 545 0.478226551373555 0.195979131156775 6.28565805712849e-14 -0.645278768751254 
5.44000000000456 0 0.0138984156706915 57554 132 544 0 544 0.540321888592296 0.192405302099179 5.93919490013338e-14 -0.632899055149305 
5.43000000000457 0 0.0113060488974606 57553 132 543 0 543 0.561582314319439 0.191740251098699 5.86412411695072e-14 -0.621718864983891 
5.42000000000458 0 0.00875508998009062 57552 132 542 0 542 0.526072945666774 0.184415088732186 6.35261093663423e-14 -0.630041634277906 
5.41000000000459 0 0.00618483143849948 57551 132 541 0 541 0.458472150239359 0.16631064373754 6.49560681760706e-14 -0.635583022963289 
5.4000000000046 0 0.00359673193119225 57550 132 540 0 540 0.437896604014876 0.150730404967455 6.17844617737444e-14 -0.637703246208608 
5.84000000000416 0 0.123425504366735 57594 132 584 0 584 0.535417666574732 0.618730766816348 4.37808257769091e-14 -0.529776129873462 
5.83000000000417 0 0.12082501009646 57593 132 583 0 583 0.562579552068971 0.617474695062536 4.20677320567683e-14 -0.531508823338648 
5.82000000000418 0 0.118243930910946 57592 132 582 0 582 0.529168500875686 0.609655852480018 4.64600505632377e-14 -0.541006228047191 
5.81000000000419 0 0.115597709699472 57591 132 581 0 581 0.458717422997422 0.593266676057194 5.22643352783143e-14 -0.553892990467412 
5.8000000000042 0 0.112914405983311 57590 132 580 0 580 0.439948996692416 0.578059276571366 5.48646932160357e-14 -0.561981069274048 
5.79000000000421 0 0.110191311920997 57589 132 579 0 579 0.478483429483993 0.563103327810975 5.90323669079432e-14 -0.56902850011284 
5.78000000000422 0 0.107500953845663 57588 132 578 0 578 0.540306803274041 0.561578356012772 6.25966535663257e-14 -0.561560562729141 
5.77000000000423 0 0.104820821477795 57587 132 577 0 577 0.560900265671599 0.559363018426059 5.5074893349194e-14 -0.563702491845118 
5.76000000000424 0 0.102158568229398 57586 132 576 0 576 0.517087460520591 0.548327137804391 5.47658287979685e-14 -0.575728885572535 
5.75000000000425 0 0.0994458523833968 57585 132 575 0 575 0.448912245661077 0.530733454362206 6.07466739655543e-14 -0.586073212733963 
5.74000000000426 0 0.0966582719781969 57584 132 574 0 574 0.444875566685881 0.515379124167483 6.40550273349564e-14 -0.592617756333159 
5.73000000000427 0 0.0938465298546751 57583 132 573 0 573 0.498024227983916 0.500586012766699 7.10774063843742e-14 -0.596524788598517 
5.72000000000428 0 0.0910843358847604 57582 132 572 0 572 0.554317588513042 0.49995922307069 6.17055825544279e-14 -0.588112329380122 
5.71000000000429 0 0.0883547707835099 57581 132 571 0 571 0.553384788374108 0.49686716624708 6.06822725745672e-14 -0.588204174943594 
5.7000000000043 0 0.0856125591084466 57580 132 570 0 570 0.489070088684971 0.48034387981083 7.40842307453144e-14 -0.603825397277849 
5.69000000000431 0 0.0828227660106208 57579 132 569 0 569 0.439448809616323 0.464500400098814 7.3933125073998e-14 -0.610433851548017 
5.68000000000432 0 0.0799823522705978 57578 132 568 0 568 0.455023884845203 0.448414103710451 7.568175693183e-14 -0.616366853908679 
5.67000000000433 0 0.0771455965999595 57577 132 567 0 567 0.522615486711961 0.442757619756501 8.08169099842616e-14 -0.610385504579136 
5.66000000000434 0 0.0743580210018978 57576 132 566 0 566 0.563017918502948 0.440292740030086 7.80289862713937e-14 -0.606780386663049 
5.65000000000435 0 0.07161780538236 57575 132 565 0 565 0.534570229962016 0.432371435415569 7.44850762188928e-14 -0.611214838863509 
5.64000000000436 0 0.0688294253651288 57574 132 564 0 564 0.460821463077246 0.413307704552505 7.42128872409039e-14 -0.623185939213049 
5.63000000000437 0 0.0660071736627297 57573 132 563 0 563 0.441123587175899 0.397503632838563 7.18400168602598e-14 -0.628202350265241 
5.62000000000438 0 0.0631529222653902 57572 132 562 0 562 0.483897594202986 0.381082893099781 7.09557342388794e-14 -0.631838671606506 
5.61000000000439 0 0.0603434939395818 57571 132 561 0 561 0.546048927233688 0.379999522476611 6.56340536465062e-14 -0.620461065832121 
5.6000000000044 0 0.0575754192409341 57570 132 560 0 560 0.558369203020477 0.377524594883641 6.46680143290667e-14 -0.617983430595132 
5.59000000000441 0 0.0548301075260561 57569 132 559 0 559 0.503778018835614 0.36265476261566 6.82305294292053e-14 -0.631102057473787 
5.58000000000442 0 0.0520442329396497 57568 132 558 0 558 0.443173201944013 0.34591510688714 6.44414274377642e-14 -0.6370122364852 
5.57000000000443 0 0.0492148441659042 57567 132 557 0 557 0.448305707987306 0.329992275421322 6.20845707471571e-14 -0.6414782048094 
5.56000000000444 0 0.0463721674908945 57566 132 556 0 556 0.512475016911553 0.321278486913773 6.1114319244076e-14 -0.639281618151701 
5.55000000000445 0 0.0436000456677374 57565 132 555 0 555 0.561768196017779 0.318204071441379 6.0817121559712e-14 -0.630528567589302 
5.54000000000446 0 0.0408962230235835 57564 132 554 0 554 0.544854400726417 0.312333421817492 6.18377056039428e-14 -0.627720534672752 
5.53000000000447 0 0.0381632828025676 57563 132 553 0 553 0.474090763605755 0.294776024326764 6.23702103296319e-14 -0.640405863853164 
5.52000000000448 0 0.035410966841088 57562 132 552 0 552 0.439175995529588 0.278860089071354 6.01367384012811e-14 -0.644131076927091 
5.51000000000449 0 0.0326383732503721 57561 132 551 0 551 0.465748007598633 0.261450796734673 5.85008733924438e-14 -0.64750411351413 
5.5000000000045 0 0.0298981172382446 57560 132 550 0 550 0.530895221768874 0.256925634281943 5.80880349274584e-14 -0.635776837793883 
6.99000000000301 0 0.0703540513541337 62285 48 699 0 699 0.501305403908588 0.38161772422447 5.08785767720916e-13 0.639178148022001 
6.98000000000302 0 0.0733412590275818 62284 48 698 0 698 0.559575629728142 0.365036926223532 3.81346674906915e-13 0.654152612115368 
6.97000000000303 0 0.0763461247679533 62283 48 697 0 697 0.53708681091549 0.377576909673631 3.01900145443342e-13 0.660769180714816 
6.96000000000304 0 0.079381219290996 62282 48 696 0 696 0.468104866750461 0.41495837591896 2.8475922643473e-13 0.638606682052264 
6.95000000000305 0 0.0824264604274783 62281 48 695 0 695 0.440191344571168 0.430452953908064 2.31593375335818e-13 0.633285688562313 
6.94000000000306 0 0.0854648280634372 62280 48 694 0 694 0.485499649880006 0.442792145963804 1.87641871525457e-13 0.628691985622268 
6.93000000000307 0 0.0884897364417724 62279 48 693 0 693 0.554990185760676 0.428455769498316 -2.27108389286457e-13 0.643884633552147 
6.92000000000308 0 0.0915037590532356 62278 48 692 0 692 0.54725137223166 0.44225359846235 -2.02604071551128e-13 0.641900125416711 
6.91000000000309 0 0.0945632985080707 62277 48 691 0 691 0.48066138308428 0.473267732302569 7.66264754231183e-14 0.627168653259748 
6.9000000000031 0 0.0976183006808087 62276 48 690 0 690 0.440083301437365 0.49207452699741 8.85230234780702e-14 0.618390232365107 
6.89000000000311 0 0.100664542940909 62275 48 689 0 689 0.474255037613374 0.504363281024259 8.66593794418075e-14 0.613419594307827 
6.88000000000312 0 0.103696984877416 62274 48 688 0 688 0.549238951003553 0.490558331107971 -1.09609443446001e-13 0.618138333919405 
6.87000000000313 0 0.106715511546951 62273 48 687 0 687 0.5557125329068 0.497350883467262 -1.36028021190535e-13 0.62726281729801 
6.86000000000314 0 0.109759495331926 62272 48 686 0 686 0.491677308786696 0.522596945194242 -5.44969692804951e-14 0.620733425996776 
6.85000000000315 0 0.112821080053369 62271 48 685 0 685 0.43832461172226 0.554727198649692 5.63435120768193e-14 0.598703160812931 
6.84000000000316 0 0.115868874114807 62270 48 684 0 684 0.464605768628804 0.567317845686913 5.81566073053028e-14 0.592961145902304 
6.83000000000317 0 0.118898678957848 62269 48 683 0 683 0.542308916912948 0.555194235212292 -8.06589498780047e-14 0.594216813528365 
6.82000000000318 0 0.121907244610165 62268 48 682 0 682 0.558975639898336 0.552079352831941 -3.35007378480367e-13 0.61957637375786 
6.81000000000319 0 0.124899709658224 62267 48 681 0 681 0.503481340897018 0.581861981045992 -1.63800637147046e-13 0.599940582281295 
7.25000000000275 0 -0.00196729443022888 48016 47 725 0 725 0.543918841929855 0.0829471804826674 4.79152340921253e-11 0.644624650103977 
7.49000000000251 0 -0.054757539107313 48040 47 749 0 749 0.497819983369288 -0.112637391871473 1.78386438383964e-11 0.566567441257084 
7.48000000000252 0 -0.0528117951018753 48039 47 748 0 748 0.545780542698668 -0.114989546739732 1.45105663748667e-10 0.572021353117711 
7.47000000000253 0 -0.0508549790300259 48038 47 747 0 747 0.562754149393438 -0.110658354771458 3.04202426032645e-10 0.578297020662194 
7.46000000000254 0 -0.0488819382468026 48037 47 746 0 746 0.546805159025959 -0.0998623866712837 4.22785857836551e-10 0.586411571539596 
7.45000000000255 0 -0.0468915346536945 48036 47 745 0 745 0.500911468479997 -0.0859039544844722 1.8302750010382e-10 0.586057977799946 
7.44000000000256 0 -0.0448593747696249 48035 47 744 0 744 0.453342387538629 -0.0719052196567133 3.99975434115227e-12 0.585466574641672 
7.43000000000257 0 -0.0427965874648364 48034 47 743 0 743 0.437689568998339 -0.0605919816077074 3.06588431503472e-12 0.586223906041471 
7.42000000000258 0 -0.0407234156722221 48033 47 742 0 742 0.45865490316262 -0.0531875752863494 4.92500576845117e-12 0.589566362104631 
7.41000000000259 0 -0.0386260691582069 48032 47 741 0 741 0.513561298820953 -0.0480132767855892 2.31753442451363e-11 0.593080484862349 
7.4000000000026 0 -0.0365106681534142 48031 47 740 0 740 0.555138646224541 -0.0469685366029311 6.115624006861e-11 0.596056982926532 
7.39000000000261 0 -0.0343825085640674 48030 47 739 0 739 0.560807945106343 -0.0415412538571948 -7.94131749411778e-11 0.603908247164823 
7.38000000000262 0 -0.0322091228984657 48029 47 738 0 738 0.524519171716352 -0.0309091678130668 -2.76220078566791e-10 0.61311580417125 
7.37000000000263 0 -0.0300097130891092 48028 47 737 0 737 0.469693688010572 -0.014410948330158 -9.76934877367723e-11 0.609779613771504 
7.36000000000264 0 -0.0277919107816817 48027 47 736 0 736 0.43897654790084 -0.00127473114042304 -1.78179066384235e-11 0.609132457010278 
7.35000000000265 0 -0.0255383600838415 48026 47 735 0 735 0.450954661927303 0.00864910982111277 -8.1261203705034e-12 0.610504552070209 
7.34000000000266 0 -0.0232796059731781 48025 47 734 0 734 0.505246312281563 0.014529177634574 -5.67488464422213e-12 0.613286294567388 
7.33000000000267 0 -0.0210065666154614 48024 47 733 0 733 0.553953626372356 0.012044294126169 -1.37679632038848e-11 0.618706367227936 
7.32000000000268 0 -0.0187146355247218 48023 47 732 0 732 0.559428821131638 0.0174818555960247 -5.61309833415546e-12 0.629694985872341 
7.31000000000269 0 -0.0164094551687348 48022 47 731 0 731 0.520106627563705 0.0326495791831519 -3.69756610268705e-12 0.628855606158049 
7.3000000000027 0 -0.0140579651278635 48021 47 730 0 730 0.462572166063313 0.0501861771152568 -1.05093567426845e-12 0.626054103309841 
7.29000000000271 0 -0.0116802516859812 48020 47 729 0 729 0.438078523645124 0.0635503283185497 2.38122040426733e-13 0.624807665075423 
7.28000000000272 0 -0.00928984097954974 48019 47 728 0 728 0.462327479501448 0.0722728668026746 1.95388881069871e-13 0.626485066419346 
7.27000000000273 0 -0.0068690023175804 48018 47 727 0 727 0.526905955201876 0.0733574274179269 1.47375907273261e-11 0.629534998146401 
7.26000000000274 0 -0.00443011862793419 48017 47 726 0 726 0.561645294895889 0.0712858736457305 5.35457033025722e-11 0.64056234339795 
7.24000000000276 0 0.000548152100684153 62310 48 724 0 724 0.485722345162226 0.104993928490093 3.79083578631067e-12 0.639762197705968 
7.23000000000277 0 0.00309041572853575 62309 48 723 0 723 0.44322049593111 0.119952933508819 1.92425262191727e-12 0.637788399656728 
7.22000000000278 0 0.00564987662570453 62308 48 722 0 722 0.45051064866649 0.131482498364131 1.0881130703263e-12 0.637431042466815 
7.21000000000279 0 0.0082361015162907 62307 48 721 0 721 0.512896949210335 0.135777489126965 3.44341068473895e-12 0.639398381380199 
7.2000000000028 0 0.0108275560680283 62306 48 720 0 720 0.559811172017245 0.12915444893383 1.54320745475292e-11 0.650315714541875 
7.19000000000281 0 0.0134520134730596 62305 48 719 0 719 0.545564821303509 0.139208914293751 1.8020247922412e-11 0.659038162805202 
7.18000000000282 0 0.0161150608875172 62304 48 718 0 718 0.486586293813269 0.166443316255304 2.80962414394102e-12 0.648588163954256 
7.17000000000283 0 0.0188063882011508 62303 48 717 0 717 0.442700033113505 0.181619388122776 1.63361550709664e-12 0.646134220988606 
7.16000000000284 0 0.0215194388131655 62302 48 716 0 716 0.453936062851516 0.194141955126053 1.14820194322105e-12 0.644203992191747 
7.15000000000285 0 0.0242460122154593 62301 48 715 0 715 0.523290942058895 0.19379715257779 3.20367520496356e-12 0.645798166175487 
7.14000000000286 0 0.0269716249309868 62300 48 714 0 714 0.562767776911843 0.18560047649157 1.08969129768481e-11 0.656685767035871 
7.13000000000287 0 0.0297391381302393 62299 48 713 0 713 0.53462896430678 0.196730410440648 1.58312177537571e-11 0.672497209828352 
7.12000000000288 0 0.0325323173818854 62298 48 712 0 712 0.470213355769197 0.226028840171807 5.73530176955139e-12 0.656799979454139 
7.11000000000289 0 0.03534119861097 62297 48 711 0 711 0.438278640448954 0.246515037472804 1.01173394404902e-12 0.648343717700815 
7.1000000000029 0 0.0381810798203975 62296 48 710 0 710 0.475028962494817 0.257996713231457 9.44616615801349e-13 0.646553408969402 
7.09000000000291 0 0.0410137758526201 62295 48 709 0 709 0.54718305888213 0.251351411202115 3.63518311668908e-12 0.654596613047131 
7.08000000000292 0 0.0438664761466072 62294 48 708 0 708 0.555263029037852 0.256980543000222 4.85975908578749e-12 0.662867035282101 
7.07000000000293 0 0.0467389380616786 62293 48 707 0 707 0.503853426966025 0.283855620067026 1.26778276661592e-12 0.653383556455027 
7.06000000000294 0 0.0496581131959203 62292 48 706 0 706 0.448089753366614 0.300087816916701 1.10813268012207e-12 0.649637871221192 
7.05000000000295 0 0.0525800127017475 62291 48 705 0 705 0.45089088268611 0.314115699655017 9.44696113302357e-13 0.645983209381907 
7.04000000000296 0 0.0555093360383649 62290 48 704 0 704 0.523555924708339 0.314714321581407 1.13959343972345e-12 0.646175041311481 
7.03000000000297 0 0.0584312508949297 62289 48 703 0 703 0.562967558822833 0.307198723139066 1.55024359081928e-12 0.656856200051647 
7.02000000000298 0 0.0613869054353913 62288 48 702 0 702 0.525716861250921 0.320649040318059 1.40946903650664e-12 0.669548992025122 
7.01000000000299 0 0.0643675890223293 62287 48 701 0 701 0.459172139519414 0.351917086858734 8.44576988026758e-13 0.650678829499399 
7.000000000003 0 0.0673526618213047 62286 48 700 0 700 0.441546139916974 0.37106579724304 5.92032762391229e-13 0.642001551804684 
7.99000000000201 0 -0.127450312515784 48090 47 799 0 799 0.553985610224113 -0.42039646099031 5.03829383526094e-10 0.255185653694895 
7.98000000000202 0 -0.1264503324857 48089 47 798 0 798 0.53808417757535 -0.406615356654956 4.98503986244235e-10 0.252925785923391 
7.97000000000203 0 -0.125424541870345 48088 47 797 0 797 0.512513481804096 -0.399855376693873 3.60321209791937e-10 0.257860791182622 
7.96000000000204 0 -0.124361608241993 48087 47 796 0 796 0.481500615941275 -0.39840442676011 1.27815078254755e-10 0.268098021909614 
7.95000000000205 0 -0.123267169017489 48086 47 795 0 795 0.457115071632258 -0.392477098145166 1.12388449408905e-10 0.274071505973155 
7.94000000000206 0 -0.1221638369508 48085 47 794 0 794 0.442393175484813 -0.38798080542636 9.73347909874997e-11 0.280945393866128 
7.93000000000207 0 -0.121047309234919 48084 47 793 0 793 0.43751909217721 -0.385206078722628 8.32376384298893e-11 0.289101278583926 
7.92000000000208 0 -0.119926687546437 48083 47 792 0 792 0.44333636170348 -0.382441424271664 7.29441164484913e-11 0.296852477413321 
7.91000000000209 0 -0.118792759127779 48082 47 791 0 791 0.459378177257528 -0.379947372309397 6.45182643216642e-11 0.304625137955902 
7.9000000000021 0 -0.117648543881149 48081 47 790 0 790 0.486195915954975 -0.377642265257275 5.91864659184099e-11 0.312418906696197 
7.89000000000211 0 -0.116498632053914 48080 47 789 0 789 0.520539195291667 -0.368417885981622 1.19211786902559e-10 0.318758429073101 
7.88000000000212 0 -0.115330289070674 48079 47 788 0 788 0.545461086713051 -0.35924968323026 1.77817385369301e-10 0.323662387580393 
7.87000000000213 0 -0.114152707980895 48078 47 787 0 787 0.559572785998511 -0.356488127897561 4.84433954415146e-11 0.329596081748862 
7.86000000000214 0 -0.112961730131481 48077 47 786 0 786 0.562506292192524 -0.357463010832433 -2.34827121337046e-10 0.337230227490366 
7.85000000000215 0 -0.111746221156997 48076 47 785 0 785 0.55290276607842 -0.360878317034108 -5.79521450122328e-10 0.347146220462707 
7.84000000000216 0 -0.110512404057811 48075 47 784 0 784 0.531182770357771 -0.359485283079348 -4.07640172945412e-10 0.362079243904885 
7.83000000000217 0 -0.109256202693841 48074 47 783 0 783 0.497284271993578 -0.353871182141933 -2.01232589050409e-10 0.372299105549758 
7.82000000000218 0 -0.107949915333973 48073 47 782 0 782 0.462733048467332 -0.343996907306728 2.41150913230604e-11 0.377148716250297 
7.81000000000219 0 -0.106639292453084 48072 47 781 0 781 0.443351883761463 -0.337126024924672 3.10617457053599e-11 0.38419025354538 
7.8000000000022 0 -0.105313138610851 48071 47 780 0 780 0.437837243816133 -0.331104657371842 3.67286771315738e-11 0.391500280778484 
7.79000000000221 0 -0.103972769715267 48070 47 779 0 779 0.446727364848991 -0.326331398300059 3.98479635983783e-11 0.399373942879952 
7.78000000000222 0 -0.102622724032694 48069 47 778 0 778 0.471234810254758 -0.321518328038361 4.35716666471587e-11 0.40694952005392 
7.77000000000223 0 -0.101247960626053 48068 47 777 0 777 0.509967144638142 -0.319148184413037 2.32250716807567e-11 0.414550358492928 
7.76000000000224 0 -0.0998569582280481 48067 47 776 0 776 0.542828236245587 -0.322704281811659 -4.28665081003503e-11 0.423312965784237 
7.75000000000225 0 -0.098454666635311 48066 47 775 0 775 0.56042090766204 -0.322143649970779 -4.67354790244767e-11 0.432214800564049 
7.74000000000226 0 -0.0970261894956741 48065 47 774 0 774 0.560988817250385 -0.316748282230974 -2.32226798618838e-12 0.441386801092333 
7.73000000000227 0 -0.0955901905000456 48064 47 773 0 773 0.54522209971932 -0.305301436781487 1.60239159188306e-11 0.452343256588869 
7.72000000000228 0 -0.0941363234634876 48063 47 772 0 772 0.510804417353469 -0.292171686168208 2.91606957912922e-11 0.457764523209779 
7.71000000000229 0 -0.0926559741531466 48062 47 771 0 771 0.470045200527131 -0.278386017501634 3.57668396812328e-11 0.458226401259635 
7.7000000000023 0 -0.091155280348141 48061 47 770 0 770 0.444909845590531 -0.269118710961892 3.22246085539334e-11 0.463126158139357 
7.69000000000231 0 -0.0896340773188174 48060 47 769 0 769 0.438079694761488 -0.261270563007627 2.99242371330719e-11 0.468663500345636 
7.68000000000232 0 -0.0880897578816428 48059 47 768 0 768 0.450126614614531 -0.255193377434683 2.88570561452994e-11 0.47528867157316 
7.67000000000233 0 -0.0865323028709743 48058 47 767 0 767 0.482910902785591 -0.249263072480615 3.98861879920188e-11 0.481290636112703 
7.66000000000234 0 -0.0849527863228332 48057 47 766 0 766 0.527869316648601 -0.239295665051376 1.65528817692997e-10 0.486918734882548 
7.65000000000235 0 -0.08335672050377 48056 47 765 0 765 0.555438065183035 -0.227143976065177 7.09821352512694e-10 0.492186272658751 
7.64000000000236 0 -0.0817447580941647 48055 47 764 0 764 0.562667213015589 -0.2177400466434 1.03951243123024e-09 0.494376808555791 
7.63000000000237 0 -0.0801045763089306 48054 47 763 0 763 0.546284171502015 -0.2118586721799 1.01219807854255e-09 0.496649625957219 
7.62000000000238 0 -0.0784511856496024 48053 47 762 0 762 0.509314957672877 -0.211570862739806 2.55239274014998e-10 0.508237833051688 
7.61000000000239 0 -0.0767738294912654 48052 47 761 0 761 0.466434353416603 -0.205183080999867 -1.50026070362789e-11 0.514585837721233 
7.6000000000024 0 -0.0750530725182004 48051 47 760 0 760 0.440432507888846 -0.195616874318723 2.05030493657156e-11 0.517755304362436 
7.59000000000241 0 -0.0733342471707492 48050 47 759 0 759 0.441120554104926 -0.188687170100395 4.18198502881138e-11 0.522983359572617 
7.58000000000242 0 -0.071589346341984 48049 47 758 0 758 0.46651106611823 -0.182426575867482 5.81818641327997e-11 0.528071865512201 
7.57000000000243 0 -0.0698123011588325 48048 47 757 0 757 0.515014082816742 -0.175398204868124 -3.45746769796866e-11 0.531510910515941 
7.56000000000244 0 -0.0680228732738402 48047 47 756 0 756 0.55231143890777 -0.17206532686386 -7.64644666316714e-10 0.531365053119654 
7.55000000000245 0 -0.066206730138368 48046 47 755 0 755 0.562730396863271 -0.174456895724692 -1.59211283492942e-09 0.538427055961226 
7.54000000000246 0 -0.0643673206523299 48045 47 754 0 754 0.545585455210791 -0.173596462847342 -1.8210504210291e-09 0.562784135912509 
7.53000000000247 0 -0.0624860579878672 48044 47 753 0 753 0.499984812000044 -0.157042694565419 -9.78622483684192e-10 0.562776359030772 
7.52000000000248 0 -0.060574117779897 48043 47 752 0 752 0.453893613959032 -0.137654529363303 1.06887088140688e-11 0.558193140993134 
7.51000000000249 0 -0.0586411134279059 48042 47 751 0 751 0.437617391513583 -0.126782178563109 2.24843968095174e-11 0.559894953158972 
7.5000000000025 0 -0.0567055736481008 48041 47 750 0 750 0.452392744665039 -0.118902075260553 2.2441647975087e-11 0.562930344384217 
6.8000000000032 0 0.127973741536927 62266 48 680 0 680 0.442054162951962 0.617445662094364 6.39886035504677e-14 0.574136421660897 
6.79000000000321 0 0.130998684326613 62265 48 679 0 679 0.455541960248062 0.632102283787183 7.7057327093198e-14 0.565080594824564 
6.78000000000322 0 0.1339930623086 62264 48 678 0 678 0.531632647691492 0.624775874150048 -4.08334528077081e-15 0.565635410266333 
6.77000000000323 0 0.136966682740165 62263 48 677 0 677 0.558369080553172 0.617911488427233 -1.39543323663876e-13 0.58141698507989 
6.76000000000324 0 0.139910155478762 62262 48 676 0 676 0.5184828121652 0.651841095775454 7.30208641260286e-15 0.559794319410792 
6.75000000000325 0 0.142904048253264 62261 48 675 0 675 0.453471765824254 0.678199251083628 7.73194575043182e-14 0.542761640970935 
6.74000000000326 0 0.145848615925768 62260 48 674 0 674 0.444275147942689 0.69546287560397 8.68770030633075e-14 0.530425450372237 
6.73000000000327 0 0.148760503114971 62259 48 673 0 673 0.509278328962637 0.69857163432453 6.3577410025394e-14 0.523510754352331 
6.72000000000328 0 0.151639312496206 62258 48 672 0 672 0.5594305369743 0.666342552949707 -1.0888845305952e-13 0.531412403025551 
6.71000000000329 0 0.154469059740518 62257 48 671 0 671 0.541850039382929 0.675766225735965 -2.15427077375366e-13 0.559714024399385 
6.7000000000033 0 0.157324986209548 62256 48 670 0 670 0.475280811297225 0.717619240261159 -6.97249899484476e-14 0.523768515576225 
6.69000000000331 0 0.160140292464665 62255 48 669 0 669 0.436796464856785 0.755852005253067 5.9690259892984e-14 0.489768350357855 
6.68000000000332 0 0.162914617108954 62254 48 668 0 668 0.468582634590939 0.768301944598478 5.51683852059449e-14 0.478680703869645 
6.67000000000333 0 0.165638410581496 62253 48 667 0 667 0.538908474842954 0.747964299075971 -4.530080548778e-14 0.480373858213007 
6.66000000000334 0 0.168297928127503 62252 48 666 0 666 0.559236587095383 0.740170374078453 -1.39962603850515e-13 0.492097558198059 
6.65000000000335 0 0.170894280486563 62251 48 665 0 665 0.525753681926565 0.780282401185684 -2.77290336830546e-14 0.465174655957982 
6.64000000000336 0 0.173525229795383 62250 48 664 0 664 0.462036916287496 0.806235404092533 6.82815135359928e-15 0.444433631276613 
6.63000000000337 0 0.176048970060901 62249 48 663 0 663 0.437046940448005 0.824948063862576 1.2485689078569e-14 0.425967643963606 
6.62000000000338 0 0.178520426302681 62248 48 662 0 662 0.467226229140381 0.834500177193299 7.40393209062512e-15 0.413719832193763 
6.61000000000339 0 0.180929670208388 62247 48 661 0 661 0.530870783621381 0.812837467740215 -6.18035486827433e-14 0.40751789767046 
6.6000000000034 0 0.183225547607695 62246 48 660 0 660 0.56130509369381 0.785848090824724 -1.64296510308091e-13 0.412478135230261 
6.59000000000341 0 0.185455025273357 62245 48 659 0 659 0.547231926521918 0.806849297633706 -1.30999309566009e-13 0.409117458064866 
6.58000000000342 0 0.187663641222071 62244 48 658 0 658 0.494660146624758 0.842736420768536 -6.96600847308573e-14 0.389931400869064 
6.57000000000343 0 0.189778127057437 62243 48 657 0 657 0.448271699596146 0.879727797993095 -1.72785799879831e-14 0.351303477284876 
6.56000000000344 0 0.191835764293571 62242 48 656 0 656 0.436308654897062 0.889355466059224 -1.90714931592729e-14 0.336498763290008 
6.55000000000345 0 0.193782699237372 62241 48 655 0 655 0.458638953691266 0.897115041197631 -1.93158096990596e-14 0.321818689426609 
6.54000000000346 0 0.195628646267561 62240 48 654 0 654 0.509256459716844 0.892464202333869 -3.1676539045373e-14 0.308455282234315 
6.53000000000347 0 0.197410069315931 62239 48 653 0 653 0.546090204743518 0.847350283067474 -1.01320180443528e-13 0.297668319465579 
6.52000000000348 0 0.199047179119279 62238 48 652 0 652 0.560993366951766 0.821379834910947 -1.55328386802988e-13 0.292690770844341 
6.51000000000349 0 0.200590394687794 62237 48 651 0 651 0.554058131346642 0.822768458952333 -1.8996096621713e-13 0.313902373337408 
6.5000000000035 0 0.202065366983093 62236 48 650 0 650 0.525956352862398 0.860540360901664 -1.32789670642604e-13 0.290942535928916 
8.000000000002 0 -0.128437520789613 37807 49 800 0 800 0.562345137356955 -0.43295232756498 5.8748879345317e-10 0.242761233635184 
8.49000000000151 0 -0.143921796524926 37856 49 849 0 849 0.561292761963527 -0.468524258583737 4.59944919446835e-09 -0.0996919407928085 
8.48000000000152 0 -0.144354722094318 37855 49 848 0 848 0.562881915176007 -0.464413721442352 4.14518835763492e-09 -0.09195785162452 
8.47000000000153 0 -0.144752419036524 37854 49 847 0 847 0.563305946587793 -0.459079479090856 3.85569945898526e-09 -0.0840122308206921 
8.46000000000154 0 -0.145095910968366 37853 49 846 0 846 0.561308443864199 -0.453601922554237 3.67040282812316e-09 -0.0762183535634202 
8.45000000000155 0 -0.145420259889415 37852 49 845 0 845 0.559717046228961 -0.447193715899171 3.61870964935335e-09 -0.0694112398046019 
8.44000000000156 0 -0.14571932004067 37851 49 844 0 844 0.557245508564659 -0.442011588884508 3.57555790660573e-09 -0.0633719499347957 
8.43000000000157 0 -0.145990365239943 37850 49 843 0 843 0.553818457163845 -0.437889781468152 3.53580082257292e-09 -0.057805758772143 
8.42000000000158 0 -0.146237758314492 37849 49 842 0 842 0.551259999924067 -0.436302459840846 3.49408056245886e-09 -0.052775041576179 
8.41000000000159 0 -0.146450835038191 37848 49 841 0 841 0.547885414268727 -0.436073260610011 3.42932696260179e-09 -0.0476267070334101 
8.4000000000016 0 -0.146637806484543 37847 49 840 0 840 0.544524010065587 -0.43722359461859 3.33981739638475e-09 -0.0424202763438641 
8.39000000000161 0 -0.146812356906271 37846 49 839 0 839 0.542580051746481 -0.439584710853397 3.16700532834449e-09 -0.0365811872941286 
8.38000000000162 0 -0.146925263689389 37845 49 838 0 838 0.539574221087558 -0.441933445015208 3.02949032110383e-09 -0.0304809819902339 
8.37000000000163 0 -0.147003763479307 37844 49 837 0 837 0.537977646127576 -0.444327690799376 2.877913196704e-09 -0.0240361333308655 
8.36000000000164 0 -0.147051189232257 37843 49 836 0 836 0.537817747990171 -0.446300896314967 2.72620197164533e-09 -0.0174491884374844 
8.35000000000165 0 -0.147039659212727 37842 49 835 0 835 0.536990663858182 -0.448131455019683 2.63739135773365e-09 -0.0107963049697371 
8.34000000000166 0 -0.147004914830401 37841 49 834 0 834 0.538123992434301 -0.449175137965043 2.55495309225452e-09 -0.00383011590001576 
8.33000000000167 0 -0.14693374931276 37840 49 833 0 833 0.539857629100183 -0.449438171825137 2.52417023077965e-09 0.00324762479494922 
8.32000000000168 0 -0.146815373484079 37839 49 832 0 832 0.541176996915394 -0.449084366478907 2.5490691689462e-09 0.0104803226498553 
8.31000000000169 0 -0.146674739022169 37838 49 831 0 831 0.544396219877043 -0.446923686083076 2.6042845544379e-09 0.0174066402286184 
8.3000000000017 0 -0.146498598996106 37837 49 830 0 830 0.547269868850708 -0.44391073160808 2.68135251525169e-09 0.0241084278426588 
8.29000000000171 0 -0.146289669700629 37836 49 829 0 829 0.549948091302065 -0.439658780971165 2.77153076921948e-09 0.030462507445044 
8.28000000000172 0 -0.146061443945007 37835 49 828 0 828 0.553630353098827 -0.434943611540293 2.86613207367035e-09 0.0362001711998974 
8.27000000000173 0 -0.145797633163436 37834 49 827 0 827 0.556301340457814 -0.429961365054765 2.98528912930687e-09 0.0415782408490105 
8.26000000000174 0 -0.14551040873359 37833 49 826 0 826 0.558770341642021 -0.425626601114146 3.1260724333256e-09 0.0462886468603489 
8.25000000000175 0 -0.145209000240413 37832 49 825 0 825 0.561306747484963 -0.423752783318245 3.3783075737137e-09 0.050698022899741 
8.24000000000176 0 -0.144872064329285 37831 49 824 0 824 0.562252637893048 -0.423501343506644 3.67140656566598e-09 0.0547927593961794 
8.23000000000177 0 -0.14451455510065 37830 49 823 0 823 0.562889451149557 -0.427220449834538 3.87464581996631e-09 0.0588116979336774 
8.22000000000178 0 -0.144129814837886 37829 49 822 0 822 0.562561089497085 -0.434578752835142 4.08990352821689e-09 0.0629017893356181 
8.21000000000179 0 -0.143703433355751 37828 49 821 0 821 0.55979917493917 -0.445132301758662 4.33237352180904e-09 0.0671555028929963 
8.2000000000018 0 -0.14325372133627 37827 49 820 0 820 0.556321549389234 -0.458820799713371 4.63096077765874e-09 0.0744306020125406 
8.19000000000181 0 -0.142769275335344 37826 49 819 0 819 0.550331194121267 -0.471825659429323 4.77189513353044e-09 0.082755858035548 
8.18000000000182 0 -0.142246986656118 37825 49 818 0 818 0.541160442033895 -0.483978920770151 4.72806431624737e-09 0.0922721523656007 
8.17000000000183 0 -0.141701067916948 37824 49 817 0 817 0.53031953625222 -0.477077678458849 4.59352375027081e-09 0.118960120376218 
8.16000000000184 0 -0.141107984644257 37823 49 816 0 816 0.514613368244688 -0.463479947344654 3.54507859281111e-09 0.135263330098397 
8.15000000000185 0 -0.140482304571991 37822 49 815 0 815 0.495904487653207 -0.440304278235625 9.19227600816358e-10 0.130032644050928 
8.14000000000186 0 -0.139808170838346 37821 49 814 0 814 0.477101630571646 -0.429222000537915 4.02372084744943e-10 0.130673197589849 
8.13000000000187 0 -0.139104321759459 37820 49 813 0 813 0.460983679501219 -0.421924978912487 3.32032824648753e-10 0.13345249924148 
8.12000000000188 0 -0.138383305488583 37819 49 812 0 812 0.448993625396676 -0.419509548496466 3.05535742586752e-10 0.140199845047356 
8.11000000000189 0 -0.137650827037168 37818 49 811 0 811 0.441455075064126 -0.417656579413314 2.83827671673893e-10 0.146975984483854 
8.1000000000019 0 -0.136895313098396 37817 49 810 0 810 0.437701909733881 -0.416200056574546 2.6419061969432e-10 0.153786948237417 
8.09000000000191 0 -0.136132887248475 37816 49 809 0 809 0.439117871211721 -0.415184284304098 2.45646812680069e-10 0.160761532785993 
8.08000000000192 0 -0.135357472140318 37815 49 808 0 808 0.445419545905553 -0.41452464079205 2.27951037098543e-10 0.167880429227319 
8.07000000000193 0 -0.134565148689062 37814 49 807 0 807 0.456520425112208 -0.414202477753085 2.10473870864374e-10 0.17511266473753 
8.06000000000194 0 -0.133761560918078 37813 49 806 0 806 0.473842368118638 -0.414193951346576 1.95081572221611e-10 0.182706591748468 
8.05000000000195 0 -0.132933304568755 37812 49 805 0 805 0.496681527352214 -0.414395068262783 1.7994154678412e-10 0.19048681762081 
8.04000000000196 0 -0.132082762022826 37811 49 804 0 804 0.521278220073384 -0.414420042878994 5.08099948029642e-10 0.195026330752039 
8.03000000000197 0 -0.131216418523696 37810 49 803 0 803 0.541456985191399 -0.421143606890371 7.42098326013506e-10 0.201545491762423 
8.02000000000198 0 -0.13031243172166 37809 49 802 0 802 0.554801084225298 -0.43170125338732 7.99187059213484e-10 0.211781252746538 
8.01000000000199 0 -0.12938386485855 37808 49 801 0 801 0.561791801712315 -0.437990142607273 6.79852864921563e-10 0.227548270668116 
8.99000000000101 0 -0.0840928290348042 37906 49 899 0 899 0.545029590832324 -0.236527450769195 -4.79193026014505e-07 -0.50455858853952 
8.98000000000102 0 -0.0858627447054641 37905 49 898 0 898 0.50247631058935 -0.247131097547613 -2.73881882454178e-08 -0.500766601656206 
8.97000000000103 0 -0.087624993925482 37904 49 897 0 897 0.457847248424546 -0.259433905246156 -4.19432690124066e-09 -0.494340123958576 
8.96000000000104 0 -0.0893785562396389 37903 49 896 0 896 0.438415876407875 -0.272382487489465 -2.77411665706602e-09 -0.488084072565914 
8.95000000000105 0 -0.0911242759168075 37902 49 895 0 895 0.44428270973079 -0.289550211911285 -1.92978604413839e-09 -0.4840825486279 
8.94000000000106 0 -0.0928657269755103 37901 49 894 0 894 0.477293620460165 -0.305330200724714 -1.23357887269817e-08 -0.47649278839027 
8.93000000000107 0 -0.0946080518061331 37900 49 893 0 893 0.524140002541031 -0.318503643267365 -2.61372160897363e-08 -0.466668938285243 
8.92000000000108 0 -0.0962757577110628 37899 49 892 0 892 0.554759284847727 -0.318098772753512 -1.57910321121524e-07 -0.44146398209267 
8.91000000000109 0 -0.097924205153618 37898 49 891 0 891 0.562491791404629 -0.315175077615837 -1.86291560446594e-07 -0.428885699878969 
8.9000000000011 0 -0.0995537362815834 37897 49 890 0 890 0.547821667206801 -0.313436655117431 -1.28665664417757e-07 -0.424976484362467 
8.89000000000111 0 -0.101181021108296 37896 49 889 0 889 0.512098016272743 -0.320501852457928 -2.40866310705436e-08 -0.420431117636618 
8.88000000000112 0 -0.102788423681555 37895 49 888 0 888 0.467106196630917 -0.329636069970267 4.9409136610966e-09 -0.413687716061807 
8.87000000000113 0 -0.104385879211818 37894 49 887 0 887 0.442510141701486 -0.338863423108664 4.65161333946877e-09 -0.40674576220493 
8.86000000000114 0 -0.105968389627623 37893 49 886 0 886 0.438986432001269 -0.351664636273679 4.24901232686239e-09 -0.401785059537045 
8.85000000000115 0 -0.107524632353757 37892 49 885 0 885 0.455620203812568 -0.365148992544193 3.4491286522319e-09 -0.396360596872755 
8.84000000000116 0 -0.109064664570612 37891 49 884 0 884 0.491392504500825 -0.380519073199431 1.02794755883544e-09 -0.389076642352351 
8.83000000000117 0 -0.110589666004765 37890 49 883 0 883 0.533069262751053 -0.385794064680421 -3.26934288409313e-08 -0.370327901853199 
8.82000000000118 0 -0.112013693889562 37889 49 882 0 882 0.555960418218102 -0.385334694065728 -6.81709146898522e-08 -0.34954970474449 
8.81000000000119 0 -0.113417146828812 37888 49 881 0 881 0.562798530313263 -0.376911816337038 -6.26709104846605e-08 -0.343445842867043 
8.8000000000012 0 -0.114799356918834 37887 49 880 0 880 0.553428808859692 -0.371979041742492 -4.40395441082958e-08 -0.337201683656643 
8.79000000000121 0 -0.11616172442461 37886 49 879 0 879 0.528602374571532 -0.371771284406912 -1.75638905560819e-08 -0.331285675269483 
8.78000000000122 0 -0.117514650389715 37885 49 878 0 878 0.490906350647164 -0.377389142004161 4.18608214284648e-09 -0.325676775666463 
8.77000000000123 0 -0.118828382870117 37884 49 877 0 877 0.458968769037266 -0.382730363181534 4.21334834863839e-09 -0.318576282761908 
8.76000000000124 0 -0.120115276053984 37883 49 876 0 876 0.441617781159153 -0.389059300859223 4.24099801743476e-09 -0.311978738766284 
8.75000000000125 0 -0.121388979447498 37882 49 875 0 875 0.438487509685208 -0.398065530918984 4.31912958265482e-09 -0.306566181034704 
8.74000000000126 0 -0.122628376223702 37881 49 874 0 874 0.44732908540124 -0.408648758124265 4.409484377312e-09 -0.30178398736004 
8.73000000000127 0 -0.123855175146442 37880 49 873 0 873 0.469068779028794 -0.42349692177902 4.54523147614321e-09 -0.298877412722342 
8.72000000000128 0 -0.125063835584538 37879 49 872 0 872 0.502447609435604 -0.433446229732894 4.1805217515942e-09 -0.285269979386764 
8.71000000000129 0 -0.126219374302585 37878 49 871 0 871 0.533108799880472 -0.438577528495087 3.66215650851578e-09 -0.268604839105906 
8.7000000000013 0 -0.127296881372309 37877 49 870 0 870 0.552105175505671 -0.432418601842114 3.1294834624693e-09 -0.253126339233525 
8.69000000000131 0 -0.128363028296434 37876 49 869 0 869 0.561559537808241 -0.423440569695462 3.35199940147537e-09 -0.244080066514056 
8.68000000000132 0 -0.129412878642158 37875 49 868 0 868 0.561478364677997 -0.414535741159097 3.83871885337887e-09 -0.2386758539137 
8.67000000000133 0 -0.130442611024042 37874 49 867 0 867 0.553481957324185 -0.410109410275351 4.3622365033561e-09 -0.232337392975851 
8.66000000000134 0 -0.131439606039024 37873 49 866 0 866 0.536690629467483 -0.409809037767052 4.20412290381181e-09 -0.226357253682203 
8.65000000000135 0 -0.13241117995861 37872 49 865 0 865 0.512365974037858 -0.413538466012676 3.33606669404893e-09 -0.220561762179459 
8.64000000000136 0 -0.133368384345471 37871 49 864 0 864 0.484408726727749 -0.418075777245082 2.67727305716598e-09 -0.213903034836915 
8.63000000000137 0 -0.134286565118278 37870 49 863 0 863 0.462072212293377 -0.421199950082689 2.55170662209511e-09 -0.206718562092432 
8.62000000000138 0 -0.135184096943026 37869 49 862 0 862 0.447485945693243 -0.424856945047588 2.42807787097082e-09 -0.199654664228099 
8.61000000000139 0 -0.136059067348133 37868 49 861 0 861 0.440092143000833 -0.429196696733662 2.31336440818768e-09 -0.192750915757354 
8.6000000000014 0 -0.136891977380907 37867 49 860 0 860 0.43780614341497 -0.433868831604263 2.2084583477617e-09 -0.185958952836227 
8.59000000000141 0 -0.137701755264872 37866 49 859 0 859 0.441919428344121 -0.439764291681808 2.13911318522726e-09 -0.179619937238377 
8.58000000000142 0 -0.138479081806143 37865 49 858 0 858 0.450818170682201 -0.447481691044593 2.11006159562153e-09 -0.174249562407947 
8.57000000000143 0 -0.139214691086452 37864 49 857 0 857 0.463043288754412 -0.456132770534247 2.10511257571799e-09 -0.169350874416431 
8.56000000000144 0 -0.139945660718543 37863 49 856 0 856 0.480766008591534 -0.470582060120982 2.17822455562726e-09 -0.166437402963735 
8.55000000000145 0 -0.140639898641761 37862 49 855 0 855 0.501193624409145 -0.480779627114205 2.76750311623557e-09 -0.155296981302788 
8.54000000000146 0 -0.141272548005426 37861 49 854 0 854 0.519047249058632 -0.487037999221595 3.80974833574651e-09 -0.136910719048872 
8.53000000000147 0 -0.141840438169714 37860 49 853 0 853 0.533022657687152 -0.484946425063594 4.77061836258171e-09 -0.127224949980606 
8.52000000000148 0 -0.142391714442039 37859 49 852 0 852 0.543849929212708 -0.481122305504204 5.33598750457277e-09 -0.119727586731095 
8.51000000000149 0 -0.142938699660087 37858 49 851 0 851 0.552346203530434 -0.475810113678167 5.37866322708517e-09 -0.11430748071311 
8.5000000000015 0 -0.143456723464681 37857 49 850 0 850 0.558651247643317 -0.471984139409882 5.02770653451808e-09 -0.107219837079798 
9.38000000000062 0 -0.00204266350582246 37945 49 938 0 938 0.547735303502804 0.151503032827721 -5.3600656491325e-07 -0.586095990241796 
9.37000000000063 0 -0.00470672393380399 37944 49 937 0 937 0.559578655348463 0.163284076865053 -1.00650502060762e-06 -0.569020053394689 
9.36000000000064 0 -0.00735977863190571 37943 49 936 0 936 0.514593671555793 0.148620364886396 -7.65201376384978e-08 -0.588612152439647 
9.35000000000065 0 -0.00998121287655275 37942 49 935 0 935 0.449630638716622 0.133355360642237 5.21115250725141e-08 -0.595418501576815 
9.34000000000066 0 -0.0126918756621762 37941 49 934 0 934 0.442049534393657 0.118005352041184 6.54336966151246e-08 -0.600705600319737 
9.33000000000067 0 -0.0153538373413833 37940 49 933 0 933 0.494154876395322 0.112690993371772 3.7224127550171e-07 -0.595286504244334 
9.32000000000068 0 -0.0179633532403884 37939 49 932 0 932 0.552542522378733 0.111560614918432 6.59284809357686e-07 -0.588415001455557 
9.31000000000069 0 -0.0204234085218862 37938 49 931 0 931 0.559447146760571 0.116727015107575 1.27623780161304e-06 -0.581241136835772 
9.3000000000007 0 -0.0228745788987586 37937 49 930 0 930 0.516934034569145 0.105163873397149 4.28993122513167e-07 -0.593092926145547 
9.29000000000071 0 -0.0253159539496792 37936 49 929 0 929 0.454415999810672 0.0917078743783537 5.57162094828132e-08 -0.599583458476273 
9.28000000000072 0 -0.0277585541899362 37935 49 928 0 928 0.439386503781853 0.0756658747109237 5.7734561077104e-08 -0.605656171831455 
9.27000000000073 0 -0.0301354320372206 37934 49 927 0 927 0.473369660810058 0.0636559378711714 1.67296231413851e-07 -0.607875753595548 
9.26000000000074 0 -0.0324768964495015 37933 49 926 0 926 0.530997808692648 0.0565141742244488 3.71804301970327e-07 -0.606208590291064 
9.25000000000075 0 -0.0347381909088957 37932 49 925 0 925 0.564555651874079 0.0546436393732281 6.62696586152248e-07 -0.595638430228001 
9.24000000000076 0 -0.0368595669092258 37931 49 924 0 924 0.550794495816687 0.0512336828405084 5.41508290383754e-07 -0.595470351884795 
9.23000000000077 0 -0.0390177446731595 37930 49 923 0 923 0.501835120768932 0.0408428368711805 3.36261433728459e-08 -0.605112237626565 
9.22000000000078 0 -0.0411539751969337 37929 49 922 0 922 0.451671645587181 0.0276738618752382 2.13669099583775e-08 -0.608350621709267 
9.21000000000079 0 -0.0432559937533996 37928 49 921 0 921 0.438248786746665 0.0134468615591518 2.32200533031462e-08 -0.611361692114009 
9.2000000000008 0 -0.0453179736875066 37927 49 920 0 920 0.462007184468485 -0.00488759046083909 2.75356179545854e-08 -0.615277610541369 
9.19000000000081 0 -0.0473352617438182 37926 49 919 0 919 0.512539804920147 -0.0169438274887682 -1.27610374590175e-07 -0.610423437657462 
9.18000000000082 0 -0.04930531176049 37925 49 918 0 918 0.553325516876388 -0.0249002124283318 -3.02094714713442e-07 -0.602346595296476 
9.17000000000083 0 -0.051219178035663 37924 49 917 0 917 0.561911307796137 -0.0276453214214596 -5.38651404306375e-07 -0.598142177724628 
9.16000000000084 0 -0.0531212319613517 37923 49 916 0 916 0.540228030853237 -0.0335553581596091 -3.79052429879351e-07 -0.598698413025423 
9.15000000000085 0 -0.0550162225455368 37922 49 915 0 915 0.490067507024572 -0.0459105836635225 2.50009277588072e-08 -0.600735818014336 
9.14000000000086 0 -0.0568883131133216 37921 49 914 0 914 0.449623110898458 -0.0604224260629734 2.7063867789556e-08 -0.600070668087505 
9.13000000000087 0 -0.0587489806852218 37920 49 913 0 913 0.437674668723418 -0.0764301442882881 2.74109095921814e-08 -0.599663008041451 
9.12000000000088 0 -0.0606029108306373 37919 49 912 0 912 0.454049050013824 -0.0950096459996472 2.33895780805689e-08 -0.599953363425963 
9.11000000000089 0 -0.0624580404272417 37918 49 911 0 911 0.498910793625847 -0.109074263477595 -1.37098546389687e-07 -0.594341549698177 
9.1000000000009 0 -0.0643084135498132 37917 49 910 0 910 0.544645758725541 -0.119637892452069 -3.6081364990006e-07 -0.585124436731513 
9.09000000000091 0 -0.0661018403891639 37916 49 909 0 909 0.562061049816598 -0.12502301722765 -7.71516010331115e-07 -0.568611837062745 
9.08000000000092 0 -0.0679040276485046 37915 49 908 0 908 0.553210761327749 -0.130253176859564 -7.72481431379925e-07 -0.565406728295737 
9.07000000000093 0 -0.0697113223289725 37914 49 907 0 907 0.517749814418091 -0.141702430750652 -2.8629485656863e-07 -0.565163132398767 
9.06000000000094 0 -0.0715242641737398 37913 49 906 0 906 0.467218578116868 -0.157520731850644 -1.15780567516178e-08 -0.561549099334092 
9.05000000000095 0 -0.0733380321114455 37912 49 905 0 905 0.440662146857858 -0.173228014519 -1.67526725729577e-08 -0.557524098556208 
9.04000000000096 0 -0.0751524796039627 37911 49 904 0 904 0.441060961694367 -0.190074415731021 -2.13012119785641e-08 -0.553781087924492 
9.03000000000097 0 -0.0769753324763053 37910 49 903 0 903 0.470816858490084 -0.210044251998125 -3.84705609548349e-08 -0.549658972151137 
9.02000000000098 0 -0.0787913066332938 37909 49 902 0 902 0.518445202283606 -0.224074756687666 -2.67069003284348e-07 -0.538362344976048 
9.01000000000099 0 -0.0805739646189476 37908 49 901 0 901 0.553009475611349 -0.231085610966327 -6.9018304143221e-07 -0.51944654410932 
9.000000000001 0 -0.0823473816098949 37907 49 900 0 900 0.562719122235744 -0.232401748014903 -7.18662475504152e-07 -0.510230783872721 
9.39000000000061 0 0.000689751949990547 72946 136 939 0 939 0.485334118275492 0.149403963794772 -1.44155583776394e-07 -0.598328762860055 
9.49000000000051 0 0.0276672151985023 72956 136 949 0 949 0.562181160643598 0.248738563434866 -1.32465859452744e-06 -0.597457849971074 
9.48000000000052 0 0.0250600531752378 72955 136 948 0 948 0.540699811087528 0.244886941974814 -1.49069253074999e-06 -0.596235184079927 
9.47000000000053 0 0.022420656816375 72954 136 947 0 947 0.470822957314051 0.229041561474752 -3.20610167449709e-08 -0.603774120247809 
9.46000000000054 0 0.0197418850148198 72953 136 946 0 946 0.438506652862864 0.214155821298796 -5.35159516760722e-08 -0.605873353671226 
9.45000000000055 0 0.0170218191638532 72952 136 945 0 945 0.467112773745508 0.196281024723898 -1.06821296664985e-07 -0.607333316367243 
9.44000000000056 0 0.0143094892265307 72951 136 944 0 944 0.530933465528518 0.195312114924246 -2.08992756208708e-06 -0.592465696540698 
9.43000000000057 0 0.0116084882102624 72950 136 943 0 943 0.562083530141475 0.197911752315983 -3.42888445933967e-06 -0.57898793897525 
9.42000000000058 0 0.00895402464578928 72949 136 942 0 942 0.530102626260162 0.195223411600552 -1.77314714789732e-06 -0.587279290265811 
9.41000000000059 0 0.00625080351204453 72948 136 941 0 941 0.459292090425603 0.174786380167201 -6.75132811932782e-08 -0.597122803230987 
9.4000000000006 0 0.00350807816833544 72947 136 940 0 940 0.437965696403035 0.161230244565867 -5.48884765519683e-08 -0.6004559802976 
9.88000000000012 0 0.123191071949398 72995 136 988 0 988 0.543688259583866 0.685194418362841 5.10987420672497e-07 -0.486565822638777 
9.87000000000013 0 0.120805022160552 72994 136 987 0 987 0.561392493312513 0.691409251710808 8.06281580036983e-07 -0.472225257365946 
9.86000000000014 0 0.118387665110764 72993 136 986 0 986 0.531552507979508 0.681355884013155 3.50610694658706e-07 -0.487000161653493 
9.85000000000015 0 0.11592040788071 72992 136 985 0 985 0.465363310626391 0.655377486679212 -1.43949805919469e-08 -0.500319641613849 
9.84000000000016 0 0.11334729507635 72991 136 984 0 984 0.436407557977854 0.638786923499469 -1.69553816017564e-08 -0.505861318105602 
9.83000000000017 0 0.110705876295169 72990 136 983 0 983 0.469152694899824 0.626053805481291 1.98141320203243e-08 -0.505997610543303 
9.82000000000018 0 0.10797589361594 72989 136 982 0 982 0.535969194430608 0.618477644777783 6.65526602382841e-08 -0.503322062689246 
9.81000000000019 0 0.105351916860636 72988 136 981 0 981 0.560877333443505 0.636596531533747 4.69382696243414e-07 -0.480789203272453 
9.8000000000002 0 0.102681435586354 72987 136 980 0 980 0.529834160053108 0.627862220679225 1.56384396699681e-07 -0.495347276595559 
9.79000000000021 0 0.0999724489323794 72986 136 979 0 979 0.459129765189681 0.607802779420155 -6.09591895818239e-08 -0.508855416009947 
9.78000000000022 0 0.097128193250543 72985 136 978 0 978 0.440410486010443 0.596164968064004 -4.94317532935072e-08 -0.513779534791818 
9.77000000000023 0 0.0943358585505021 72984 136 977 0 977 0.486107175201339 0.595397843755654 -1.11375373974629e-07 -0.509089930573635 
9.76000000000024 0 0.0915694621945203 72983 136 976 0 976 0.547163967230989 0.605361345509843 -2.22131751687364e-07 -0.497199765946545 
9.75000000000025 0 0.0889077201824028 72982 136 975 0 975 0.562726099448795 0.618793604595508 -5.12913447164776e-07 -0.496844350719276 
9.74000000000026 0 0.0864194756169711 72981 136 974 0 974 0.514825650183097 0.612370238683334 -2.24585953059933e-07 -0.511192433145387 
9.73000000000027 0 0.0838912490086156 72980 136 973 0 973 0.452701709725023 0.604800547844319 -7.44175511641838e-08 -0.520771375362889 
9.72000000000028 0 0.0814297853883997 72979 136 972 0 972 0.441260116654663 0.597388420277153 -1.08511780818065e-07 -0.527678177136265 
9.71000000000029 0 0.0790664931644194 72978 136 971 0 971 0.475302636109083 0.591234334246053 -3.45156586901587e-07 -0.532049493770682 
9.7000000000003 0 0.076813480151293 72977 136 970 0 970 0.532442802736296 0.594890728130374 -1.91594675613301e-06 -0.52480489102862 
9.69000000000031 0 0.0746729166337777 72976 136 969 0 969 0.563673037089688 0.597511021101464 -3.61694330452491e-06 -0.524518429106274 
9.68000000000032 0 0.0726582276597055 72975 136 968 0 968 0.552534985394107 0.592906047786646 -3.82482656507375e-06 -0.530446853584819 
9.67000000000033 0 0.070619029240258 72974 136 967 0 967 0.508932674486389 0.572229011222399 -9.39102400853076e-07 -0.545437834085805 
9.66000000000034 0 0.0685589878792018 72973 136 966 0 966 0.456177571787255 0.552700238212567 -2.247066057149e-07 -0.552849749731947 
9.65000000000035 0 0.0664842144519067 72972 136 965 0 965 0.437340619130663 0.532185094834114 -2.22295901504752e-07 -0.559835710303297 
9.64000000000036 0 0.0643753229887686 72971 136 964 0 964 0.456200825846269 0.507992673584762 -1.82930967763481e-07 -0.566939177094062 
9.63000000000037 0 0.0622456063374275 72970 136 963 0 963 0.506425433785462 0.486647539105493 6.13658859444675e-07 -0.569880708419886 
9.62000000000038 0 0.0600847921587317 72969 136 962 0 962 0.550696654905269 0.469457455212615 2.36590952097514e-06 -0.567224787560764 
9.61000000000039 0 0.057876984600423 72968 136 961 0 961 0.558690350019114 0.453477974829727 4.02095432060284e-06 -0.571139593985491 
9.6000000000004 0 0.0555803004180828 72967 136 960 0 960 0.524772030199675 0.435607783840093 2.03136824621442e-06 -0.577821006212565 
9.59000000000041 0 0.0532224743265117 72966 136 959 0 959 0.460846594121479 0.412891847046438 1.4369676555356e-07 -0.585331419982589 
9.58000000000042 0 0.0508099839862547 72965 136 958 0 958 0.436478257154668 0.387826914051734 1.50859791769086e-07 -0.592728543621389 
9.57000000000043 0 0.0483240834128267 72964 136 957 0 957 0.463040155097553 0.363885439246699 1.92464340203897e-07 -0.599329307828484 
9.56000000000044 0 0.0458146095826879 72963 136 956 0 956 0.524584035044918 0.346275193876711 1.11385916848808e-06 -0.597517086484825 
9.55000000000045 0 0.0432921177370509 72962 136 955 0 955 0.561881340106262 0.33364105258243 1.52309361300073e-06 -0.594845087351147 
9.54000000000046 0 0.0407595054319751 72961 136 954 0 954 0.542356695483926 0.322655591778455 1.06895546220411e-06 -0.595339778488843 
9.53000000000047 0 0.0381883795787197 72960 136 953 0 953 0.474303567850455 0.306400049823516 8.41739695551526e-08 -0.603008822869196 
9.52000000000048 0 0.0355789096400213 72959 136 952 0 952 0.43870747539564 0.286791035590774 8.18873272159739e-08 -0.60749145907111 
9.51000000000049 0 0.0329414184956153 72958 136 951 0 951 0.458845867326341 0.266275029186805 7.32026930706354e-08 -0.611721487905769 
9.5000000000005 0 0.0303061750618865 72957 136 950 0 950 0.521729589737945 0.254630212726858 -5.96300251116838e-07 -0.604078687299591 
10.999999999999 0 0.0255348650032701 78747 50 1100 0 1100 0.551767137114987 0.203071752351641 3.12836793683558e-05 0.641263306515128 
10.989999999999 0 0.0284289517232471 78746 50 1099 0 1099 0.554002731606279 0.213580357401378 5.21566307934414e-05 0.655096808500814 
10.979999999999 0 0.0313854652570964 78745 50 1098 0 1098 0.497131862543235 0.237086085089696 2.21013389395034e-05 0.653224695452874 
10.969999999999 0 0.0343916239543763 78744 50 1097 0 1097 0.44345457825076 0.259798990021964 1.12381703346976e-06 0.650589949032402 
10.959999999999 0 0.0374789158728661 78743 50 1096 0 1096 0.459728767434693 0.2771696898236 4.91061923454306e-07 0.64986463458594 
10.949999999999 0 0.0405702664486981 78742 50 1095 0 1095 0.539825842476699 0.281401064225561 9.17114763121795e-06 0.657404770159156 
10.9399999999991 0 0.0437073231795298 78741 50 1094 0 1094 0.554955385170197 0.291435873647571 1.55777583628788e-05 0.668486241770823 
10.9299999999991 0 0.0468995206704467 78740 50 1093 0 1093 0.499188276188915 0.319101428594852 1.7009637223163e-06 0.665335309879101 
10.9199999999991 0 0.0501283970106466 78739 50 1092 0 1092 0.445579668320817 0.340857373292728 7.11479936325204e-07 0.664572838429217 
10.9099999999991 0 0.0533964331178214 78738 50 1091 0 1091 0.465993550732937 0.359632553456538 4.26595745050522e-07 0.664177329943764 
10.8999999999991 0 0.0566870301516704 78737 50 1090 0 1090 0.547911751520126 0.36262539835282 3.76684762915165e-06 0.675960508039041 
10.8899999999991 0 0.0599967881853804 78736 50 1089 0 1089 0.549030909180281 0.378587069438852 4.20394372672645e-06 0.683510068661997 
10.8799999999991 0 0.0634141289298528 78735 50 1088 0 1088 0.478572053639399 0.410418910076515 4.90857539353069e-07 0.678076805646182 
10.8699999999991 0 0.0668572203673916 78734 50 1087 0 1087 0.443067381248597 0.433891968345546 3.80337507060217e-07 0.675089615724578 
10.8599999999991 0 0.0703210791340403 78733 50 1086 0 1086 0.501162442350242 0.451814185474052 3.18310519429711e-07 0.674315171753963 
10.8499999999991 0 0.0738227514577576 78732 50 1085 0 1085 0.558249812083967 0.449982753225908 9.1348923780876e-07 0.693223872034863 
10.8399999999992 0 0.0773380878929935 78731 50 1084 0 1084 0.5186734814779 0.477612738554123 5.96582590876214e-07 0.687673253080857 
10.8299999999992 0 0.080952632366692 78730 50 1083 0 1083 0.448411210060619 0.510257264163103 1.65432463534682e-07 0.675996813716827 
10.8199999999992 0 0.0845746898626697 78729 50 1082 0 1082 0.46401135975133 0.532158809490746 9.6075049139235e-08 0.668902269307251 
10.8099999999992 0 0.0881856476010812 78728 50 1081 0 1081 0.552094379457987 0.527250833569465 -3.23469529550006e-07 0.677504404142547 
10.7999999999992 0 0.0918412708502157 78727 50 1080 0 1080 0.536423565952229 0.539773143973398 -9.80020015489474e-07 0.69113757578395 
10.7899999999992 0 0.0955472244922015 78726 50 1079 0 1079 0.459416379098833 0.583704727572377 -5.42545581738217e-07 0.663959276836414 
10.7799999999992 0 0.0992570392955686 78725 50 1078 0 1078 0.448568865169058 0.606851580684642 -6.52510916112968e-07 0.652977978571317 
10.7699999999992 0 0.10295320310472 78724 50 1077 0 1077 0.535388874561105 0.609241301808371 -1.07745370502195e-06 0.652166903757944 
10.7599999999992 0 0.106626476681209 78723 50 1076 0 1076 0.555652566180194 0.619219190630299 -1.30990146261467e-06 0.656126420069782 
10.7499999999992 0 0.110351803155641 78722 50 1075 0 1075 0.479598212311457 0.647086436412268 -1.15982248520458e-06 0.646766133295389 
10.7399999999993 0 0.114003489579618 78721 50 1074 0 1074 0.439197912616659 0.676890444921072 -8.71130207054875e-07 0.628979603516113 
10.7299999999993 0 0.117620345579151 78720 50 1073 0 1073 0.512205256833821 0.68626222942861 -7.27920368956203e-07 0.625662635276598 
10.7199999999993 0 0.121189997119726 78719 50 1072 0 1072 0.55581421654751 0.683314774285828 -8.76040701771363e-07 0.635845984938152 
10.7099999999993 0 0.124677660783495 78718 50 1071 0 1071 0.508404541385985 0.71859024651951 -5.77525840145736e-08 0.62052471260419 
11.0899999999989 0 0.00218614106905242 78756 50 1109 0 1109 0.453749828288399 0.106382650619243 9.09619654222092e-06 0.613696252183696 
11.0799999999989 0 0.0047497772237303 78755 50 1108 0 1108 0.439339347253981 0.119647031622941 2.63704226340295e-06 0.611265424794601 
11.0699999999989 0 0.00725801171553874 78754 50 1107 0 1107 0.483458568299343 0.12860445825876 1.90937653047896e-06 0.611574706321929 
11.0599999999989 0 0.00973598850080913 78753 50 1106 0 1106 0.546905458668922 0.131034684040085 5.67461231964268e-05 0.616384814446793 
11.0499999999989 0 0.0122411708919029 78752 50 1105 0 1105 0.55973986168602 0.138680878452647 8.55513003261183e-05 0.623028049472217 
11.039999999999 0 0.0147665455628013 78751 50 1104 0 1104 0.523039186959927 0.153975523713634 2.12410095494523e-05 0.62700029210244 
11.029999999999 0 0.0173524641101723 78750 50 1103 0 1103 0.463371870972557 0.171450093938039 7.01060552103664e-06 0.628582411743675 
11.019999999999 0 0.0200282834560579 78749 50 1102 0 1102 0.439399220893954 0.188164609148122 1.80855621227295e-06 0.629725908894638 
11.009999999999 0 0.0227621478955889 78748 50 1101 0 1101 0.480956757384638 0.200166330688997 1.30937738467868e-06 0.633747803397352 
11.0999999999989 0 -0.000422954792467034 31554 135 1110 0 1110 0.510981359850494 0.0900431714497953 1.86928205486694e-05 0.617950567346966 
11.4999999999985 0 -0.0772765186499282 31594 135 1150 0 1150 0.477513124195914 -0.308907467222911 -2.21745738304655e-06 0.312246937362672 
11.4899999999985 0 -0.0762111189968804 31593 135 1149 0 1149 0.454015606996661 -0.30075352082509 -1.69229862539416e-05 0.324108867555465 
11.4799999999985 0 -0.0750899202448744 31592 135 1148 0 1148 0.441367227671952 -0.292757020748173 -1.09711256909049e-05 0.334982259372259 
11.4699999999985 0 -0.0739131342273348 31591 135 1147 0 1147 0.439440290015998 -0.285141587623348 -3.62825496254578e-06 0.344649307773999 
11.4599999999985 0 -0.0726614093239561 31590 135 1146 0 1146 0.447858674299373 -0.277917041002746 4.17205586073295e-06 0.353542349493515 
11.4499999999985 0 -0.0713913032834625 31589 135 1145 0 1145 0.471304807607413 -0.271299638319738 6.80406038604764e-06 0.361324042031057 
11.4399999999986 0 -0.0700957916321336 31588 135 1144 0 1144 0.507918034283221 -0.265331476276631 -2.7003619680791e-05 0.3681195287876 
11.4299999999986 0 -0.0687795403431859 31587 135 1143 0 1143 0.540185287545657 -0.265527141948515 -0.000156132625978876 0.371531827514262 
11.4199999999986 0 -0.0674580207286423 31586 135 1142 0 1142 0.558876915688903 -0.273615970805026 -0.000240912936734056 0.375896671999807 
11.4099999999986 0 -0.0661255723457804 31585 135 1141 0 1141 0.562933054680853 -0.283799669262397 -0.000275450339478676 0.388205996840589 
11.3999999999986 0 -0.0647892200353752 31584 135 1140 0 1140 0.552544564953337 -0.287248833261535 -0.000252212021025796 0.419257291344296 
11.3899999999986 0 -0.0634308394215902 31583 135 1139 0 1139 0.525698624803312 -0.26629179563189 -0.000139496829772844 0.424341299937462 
11.3799999999986 0 -0.0620583562035913 31582 135 1138 0 1138 0.488117268115619 -0.237711015707683 -9.10246594858724e-06 0.421243684141845 
11.3699999999986 0 -0.0606519800757955 31581 135 1137 0 1137 0.456252053720839 -0.223470250698843 -3.44140770417057e-06 0.423270277372715 
11.3599999999986 0 -0.059226977581039 31580 135 1136 0 1136 0.440420032313016 -0.213716925173598 -1.13768429449614e-06 0.429102429868827 
11.3499999999986 0 -0.0577584450783893 31579 135 1135 0 1135 0.441052305571395 -0.206585911920364 -5.80748231220407e-07 0.43706516394843 
11.3399999999987 0 -0.0562679173653176 31578 135 1134 0 1134 0.460824057159869 -0.200594702654967 -2.60273212357139e-07 0.445539572696337 
11.3299999999987 0 -0.054735368582444 31577 135 1133 0 1133 0.499997896872922 -0.194975593364702 -1.0543573046885e-08 0.454273574444109 
11.3199999999987 0 -0.0531494133660692 31576 135 1132 0 1132 0.539701494407644 -0.206667514071957 3.50961288919718e-05 0.469606306712517 
11.3099999999987 0 -0.0515327928357885 31575 135 1131 0 1131 0.561645021636162 -0.20446315653008 5.81945891032108e-05 0.48379756487074 
11.2999999999987 0 -0.0498386173154386 31574 135 1130 0 1130 0.559855906909349 -0.191402431116864 6.35237623033733e-05 0.495262304804909 
11.2899999999987 0 -0.0480743395904904 31573 135 1129 0 1129 0.532701839712534 -0.171904824611993 4.41719841110223e-05 0.502295357470614 
11.2799999999987 0 -0.0462458039229963 31572 135 1128 0 1128 0.485952577477875 -0.1559246519864 2.71526256809615e-05 0.509498982035499 
11.2699999999987 0 -0.0442812549499623 31571 135 1127 0 1127 0.446468066079008 -0.140512158669405 1.17129480723371e-05 0.516869412637557 
11.2599999999987 0 -0.0422297423683238 31570 135 1126 0 1126 0.441830599407502 -0.128461077968559 1.44254925518152e-05 0.52743148665951 
11.2499999999987 0 -0.040117981232903 31569 135 1125 0 1125 0.476144536187856 -0.118279412468447 1.61494803397542e-05 0.538745263019651 
11.2399999999988 0 -0.0378493723768983 31568 135 1124 0 1124 0.535482868098761 -0.106929336931571 3.53699924165857e-05 0.549731817469415 
11.2299999999988 0 -0.0355092897839046 31567 135 1123 0 1123 0.564236635632218 -0.09411043057274 8.7462654344645e-05 0.560534681948658 
11.2199999999988 0 -0.0330871241087394 31566 135 1122 0 1122 0.542569508526028 -0.0808366338865142 9.18250106124551e-05 0.572547646429818 
11.2099999999988 0 -0.0305353589840621 31565 135 1121 0 1121 0.481334436298276 -0.0667916517842408 1.77973334031818e-05 0.585680913937773 
11.1999999999988 0 -0.027917256250698 31564 135 1120 0 1120 0.442227667831788 -0.0477722243120435 1.32214137331066e-05 0.590770396738926 
11.1899999999988 0 -0.0252484273852461 31563 135 1119 0 1119 0.456701822538255 -0.0318526545585161 9.30873045683707e-06 0.596184929345906 
11.1799999999988 0 -0.0225218807641925 31562 135 1118 0 1118 0.525889582776881 -0.0227310271641972 3.83540446387215e-05 0.603240897946164 
11.1699999999988 0 -0.0197746613450534 31561 135 1117 0 1117 0.563110150803174 -0.0136795028752624 0.000126918355100918 0.613703374349781 
11.1599999999988 0 -0.0169772841907279 31560 135 1116 0 1116 0.530628191221864 0.00307757358950991 0.000160158841523748 0.624821092992854 
11.1499999999988 0 -0.0141340257939023 31559 135 1115 0 1115 0.464437735142361 0.0278787547827014 3.73723181080929e-05 0.620458836891789 
11.1399999999989 0 -0.0112845139420694 31558 135 1114 0 1114 0.437007747361615 0.0467444349616184 6.44203190519694e-06 0.617683226086873 
11.1299999999989 0 -0.00850072796112488 31557 135 1113 0 1113 0.479182569391405 0.0610832942162773 4.72011188671561e-06 0.615431049406487 
11.1199999999989 0 -0.00575587300937088 31556 135 1112 0 1112 0.547793641346775 0.0629949887074683 7.37651350204837e-05 0.61861849193788 
11.1099999999989 0 -0.0030512473618231 31555 135 1111 0 1111 0.556062895089571 0.0719409676502056 9.42967950003985e-05 0.620995865000668 
11.999999999998 0 -0.0787504487488778 31644 135 1200 0 1200 0.518057444867252 -0.357068521866611 4.15785915514179e-10 -0.0634479221877449 
11.989999999998 0 -0.0792592011551652 31643 135 1199 0 1199 0.530947800434509 -0.357942329334664 9.52603232349128e-10 -0.0490496082499904 
11.979999999998 0 -0.0797803875888559 31642 135 1198 0 1198 0.541773296804967 -0.349144716190866 2.13647717573237e-08 -0.0474750607428714 
11.969999999998 0 -0.0802969312073049 31641 135 1197 0 1197 0.550230647548328 -0.341273465237869 5.46829093241495e-08 -0.043598741074449 
11.959999999998 0 -0.0808104152480181 31640 135 1196 0 1196 0.556393565979294 -0.334312467543047 9.27472300310598e-08 -0.0389431025745391 
11.949999999998 0 -0.0813279869231301 31639 135 1195 0 1195 0.56055135347061 -0.328266930554965 1.51085301230659e-07 -0.0357946491020282 
11.9399999999981 0 -0.0818402213132655 31638 135 1194 0 1194 0.562442388893437 -0.323632575929914 1.94572424568897e-07 -0.0321825423503289 
11.9299999999981 0 -0.0823472238449089 31637 135 1193 0 1193 0.5621070696165 -0.320231871654902 2.2350824532029e-07 -0.0281955864811868 
11.9199999999981 0 -0.0828451152026802 31636 135 1192 0 1192 0.560136442975081 -0.31855351239481 2.36011177583251e-07 -0.0239910341145748 
11.9099999999981 0 -0.0833244877172074 31635 135 1191 0 1191 0.555897692372153 -0.317788220488799 2.05577599984269e-07 -0.0193422247358167 
11.8999999999981 0 -0.0837905467443424 31634 135 1190 0 1190 0.549977865430616 -0.317900555234401 1.39058084063027e-07 -0.0141877281292213 
11.8899999999981 0 -0.0842371453142751 31633 135 1189 0 1189 0.543285589005393 -0.318668194021338 3.50435170158957e-08 -0.00849003159755934 
11.8799999999981 0 -0.0846504976268664 31632 135 1188 0 1188 0.534681695537324 -0.319980851338457 -3.25726671146489e-08 -0.00255151028178689 
11.8699999999981 0 -0.0850480452561108 31631 135 1187 0 1187 0.525630416846482 -0.321835599417139 -5.45275599168964e-08 0.00377136394330499 
11.8599999999981 0 -0.0854194549849701 31630 135 1186 0 1186 0.516558078821646 -0.324362607275702 -2.79168497686141e-08 0.0104309192036602 
11.8499999999981 0 -0.0857446856933009 31629 135 1185 0 1185 0.506300453607002 -0.327647323062179 3.01864593038501e-08 0.01730684505404 
11.8399999999982 0 -0.0860442533327719 31628 135 1184 0 1184 0.497503309735723 -0.331601993207772 5.98583574802508e-08 0.0248077791451035 
11.8299999999982 0 -0.0863007352637142 31627 135 1183 0 1183 0.490171672573814 -0.335583025712176 3.2832903688994e-08 0.0327668997521335 
11.8199999999982 0 -0.0865020671687722 31626 135 1182 0 1182 0.483300554572278 -0.339403322446733 3.313427270387e-09 0.0409416911098041 
11.8099999999982 0 -0.0866731161295885 31625 135 1181 0 1181 0.479966194178869 -0.342652563781389 -6.29062390395054e-09 0.049614856428946 
11.7999999999982 0 -0.0867838843401827 31624 135 1180 0 1180 0.476977801416883 -0.345443139597928 -3.40447450390284e-09 0.0584173008401393 
11.7899999999982 0 -0.0868397423253158 31623 135 1179 0 1179 0.474694469572166 -0.347737312435156 1.35345281196222e-08 0.0673776091432888 
11.7799999999982 0 -0.0868543007614555 31622 135 1178 0 1178 0.475651245010559 -0.349017490150337 4.48672957785356e-08 0.0761926991773096 
11.7699999999982 0 -0.0867997940386911 31621 135 1177 0 1177 0.476263514808335 -0.34987646770825 7.4743897362486e-08 0.0848058761116798 
11.7599999999982 0 -0.0866997064956648 31620 135 1176 0 1176 0.478416802318766 -0.350104796563283 9.90461380021365e-08 0.0930709833466181 
11.7499999999982 0 -0.0865652635781575 31619 135 1175 0 1175 0.48251684624385 -0.349838616100964 1.10014690107935e-07 0.100698832252943 
11.7399999999983 0 -0.0863872087141237 31618 135 1174 0 1174 0.486722052806449 -0.349409960160616 1.15707745290015e-07 0.107966133335883 
11.7299999999983 0 -0.0861872709083424 31617 135 1173 0 1173 0.492466211403864 -0.348839465162332 1.15274059886302e-07 0.114564175903116 
11.7199999999983 0 -0.0859793780093348 31616 135 1172 0 1172 0.499058578479158 -0.348398668396582 1.36149403782342e-07 0.12067507000679 
11.7099999999983 0 -0.0857562038410593 31615 135 1171 0 1171 0.505699376366226 -0.346758679040851 5.99440758417884e-07 0.126506565370684 
11.6999999999983 0 -0.0855318166308398 31614 135 1170 0 1170 0.512133278110769 -0.345221546901663 1.46704631769053e-06 0.13170814153121 
11.6899999999983 0 -0.08531863698548 31613 135 1169 0 1169 0.518033534222908 -0.344126166771633 2.54202398408072e-06 0.136790338242081 
11.6799999999983 0 -0.0851171890942876 31612 135 1168 0 1168 0.523529625417213 -0.343462746086317 3.81741100245236e-06 0.141738590939545 
11.6699999999983 0 -0.0849297784299064 31611 135 1167 0 1167 0.528077804542068 -0.343575640365612 5.09175749521237e-06 0.147141360748076 
11.6599999999983 0 -0.084745554844526 31610 135 1166 0 1166 0.532323949869538 -0.343722968504845 6.49724658816457e-06 0.152964695821609 
11.6499999999983 0 -0.0845657900474404 31609 135 1165 0 1165 0.536318953886083 -0.343840769102286 7.90569255499093e-06 0.159381384720666 
11.6399999999984 0 -0.0843813864627324 31608 135 1164 0 1164 0.541063729431287 -0.343223690376853 9.82064334726028e-06 0.166951209450025 
11.6299999999984 0 -0.0841519103266057 31607 135 1163 0 1163 0.544679302803983 -0.34141790151058 1.14618279421664e-05 0.174914361869031 
11.6199999999984 0 -0.0839001345523822 31606 135 1162 0 1162 0.548816428578385 -0.338225078867236 1.08598787641398e-05 0.183102883602452 
11.6099999999984 0 -0.0836153929864709 31605 135 1161 0 1161 0.553521389513354 -0.333749087401279 7.05897342350165e-06 0.191033258405324 
11.5999999999984 0 -0.0832734433847005 31604 135 1160 0 1160 0.556437415111518 -0.327822995043815 9.61369658859852e-07 0.198911463477205 
11.5899999999984 0 -0.0829107734035696 31603 135 1159 0 1159 0.559732804062539 -0.320513846111155 -5.51740525301568e-06 0.206999905293582 
11.5799999999984 0 -0.0825302679454127 31602 135 1158 0 1158 0.56201545709907 -0.313042013585203 -1.18027890716767e-05 0.214925361670486 
11.5699999999984 0 -0.0821237137141832 31601 135 1157 0 1157 0.562541973000775 -0.305493624946045 -1.65540585374552e-05 0.222494293688132 
11.5599999999984 0 -0.0816990699278518 31600 135 1156 0 1156 0.563478227161085 -0.300653241910069 2.7401615586921e-05 0.231967119531249 
11.5499999999984 0 -0.0811804873898475 31599 135 1155 0 1155 0.56057817819325 -0.29565990210306 0.000144001281323425 0.24328467564238 
11.5399999999985 0 -0.0805790327508652 31598 135 1154 0 1154 0.553804077164532 -0.291297996814624 0.000368854483113484 0.257299447659841 
11.5299999999985 0 -0.0798897469189876 31597 135 1153 0 1153 0.544854537582391 -0.291560079429956 0.0005810435866514 0.260412360681575 
11.5199999999985 0 -0.0790889711479722 31596 135 1152 0 1152 0.526886531670276 -0.296855186826053 0.000606882478917248 0.268861892569987 
11.5099999999985 0 -0.0782125872250563 31595 135 1151 0 1151 0.502408979461625 -0.311362297733969 0.000131688176650855 0.296310877470937 
10.01 0 0.154625803313862 78648 50 1001 0 1001 0.538009137688134 0.820955552757556 1.79255251149454e-06 -0.441768327689833 
10.4999999999995 0 0.205596990331923 78697 50 1050 0 1050 0.453543339814204 1.24949460811988 -1.0517767487102e-07 0.42677412092327 
10.4899999999995 0 0.209542356227463 78696 50 1049 0 1049 0.460986586430181 1.28039912718195 -1.43653672356474e-07 0.397221866028721 
10.4799999999995 0 0.213312538036816 78695 50 1048 0 1048 0.5502578828827 1.23338496789445 -1.50184345928909e-07 0.415436899347717 
10.4699999999995 0 0.216932839410896 78694 50 1047 0 1047 0.531841243750006 1.24030016696193 -1.44811315597126e-07 0.423278393256211 
10.4599999999995 0 0.220366744634606 78693 50 1046 0 1046 0.458020904822824 1.33481343411947 -1.38136161934035e-07 0.327858829488154 
10.4499999999995 0 0.223429031219 78692 50 1045 0 1045 0.43358402199777 1.35081729518236 -1.21216533998705e-07 0.297790576615157 
10.4399999999996 0 0.2260437348265 78691 50 1044 0 1044 0.472374747159015 1.36107412749731 -1.03811996677735e-07 0.267862243342491 
10.4299999999996 0 0.228105128934408 78690 50 1043 0 1043 0.538947039074561 1.28363124332162 -8.70881771463064e-08 0.245150296939547 
10.4199999999996 0 0.229830939063438 78689 50 1042 0 1042 0.550120818090316 1.20856634739742 -6.27990825917319e-08 0.21890070522526 
10.4099999999996 0 0.230976980338663 78688 50 1041 0 1041 0.554791931425686 1.16896711490243 -3.19715930714704e-08 0.187904793252971 
10.3999999999996 0 0.231673409905843 78687 50 1040 0 1040 0.554329245314101 1.15105790750702 1.17398080169673e-09 0.153584913775215 
10.3899999999996 0 0.232053853135959 78686 50 1039 0 1039 0.54386666956253 1.14278145808605 3.57022990383761e-08 0.118320558166073 
10.3799999999996 0 0.231902008117121 78685 50 1038 0 1038 0.550772687772201 1.1534554923076 6.85362840329288e-08 0.0827880701572411 
10.3699999999996 0 0.231452145619147 78684 50 1037 0 1037 0.555890067478143 1.17166926879988 1.02903716324745e-07 0.047887904676356 
10.3599999999996 0 0.230806514523543 78683 50 1036 0 1036 0.554856585386311 1.19768326843477 1.17543104862893e-07 0.0151444983798383 
10.3499999999996 0 0.22976647564764 78682 50 1035 0 1035 0.559141743858844 1.23561056316188 1.06840899195772e-07 -0.0180121166434107 
10.3399999999997 0 0.228601717876762 78681 50 1034 0 1034 0.544996151569966 1.272346607218 7.64685141532513e-08 -0.0527206254510499 
10.3299999999997 0 0.22726259889801 78680 50 1033 0 1033 0.515216049222505 1.30481875654587 3.02366760588087e-08 -0.0879707924396806 
10.3199999999997 0 0.22569251765546 78679 50 1032 0 1032 0.475046155002527 1.30912578782408 3.87914499314818e-09 -0.120715182747066 
10.3099999999997 0 0.224020100658878 78678 50 1031 0 1031 0.442976021471778 1.28878587083889 4.9575169003451e-09 -0.148536756792257 
10.2999999999997 0 0.222235971185654 78677 50 1030 0 1030 0.436591089360991 1.26806589480286 5.2369154645572e-09 -0.173439491701165 
10.2899999999997 0 0.220341104791066 78676 50 1029 0 1029 0.459461835788002 1.24745136127643 5.1666888406168e-09 -0.195078268585175 
10.2799999999997 0 0.218484011861061 78675 50 1028 0 1028 0.506869179752215 1.23370760563777 1.2104421524553e-08 -0.206579898553142 
10.2699999999997 0 0.216622526545505 78674 50 1027 0 1027 0.549504063011568 1.22468438197778 2.92784203377176e-08 -0.216947140040897 
10.2599999999997 0 0.214772714004986 78673 50 1026 0 1026 0.561748788412207 1.2181304195635 5.32417032365699e-08 -0.227802538252091 
10.2499999999997 0 0.212848900758044 78672 50 1025 0 1025 0.542637510900482 1.2047147960654 5.63302514535123e-08 -0.249037499420961 
10.2399999999998 0 0.2107653452954 78671 50 1024 0 1024 0.493488317310925 1.17634663125092 4.40594788755834e-08 -0.270365328581088 
10.2299999999998 0 0.208604720680698 78670 50 1023 0 1023 0.446449643547926 1.15444526622177 5.77024172058435e-08 -0.284750503373762 
10.2199999999998 0 0.206376327053773 78669 50 1022 0 1022 0.438058748696829 1.13199779193639 7.61762680092547e-08 -0.296965258569239 
10.2099999999998 0 0.204043073129049 78668 50 1021 0 1021 0.475566179803404 1.11268538585525 1.07854260421206e-07 -0.305652660806218 
10.1999999999998 0 0.201737364024729 78667 50 1020 0 1020 0.532441723306932 1.10614042015976 1.94283283776485e-07 -0.301161913289375 
10.1899999999998 0 0.199433185400053 78666 50 1019 0 1019 0.56230895372914 1.10229776466904 3.01461443298902e-07 -0.304821254505335 
10.1799999999998 0 0.197131451088745 78665 50 1018 0 1018 0.544507308182038 1.09079097666907 3.78693451792872e-07 -0.316530383744336 
10.1699999999998 0 0.194685426436838 78664 50 1017 0 1017 0.480179067614897 1.06368353038035 4.19651164558828e-07 -0.334342617427138 
10.1599999999998 0 0.192177149700396 78663 50 1016 0 1016 0.439230885548411 1.04460925623231 5.21892436113077e-07 -0.343220698458178 
10.1499999999998 0 0.189611316889095 78662 50 1015 0 1015 0.451013331983651 1.02477443283058 6.59812547012395e-07 -0.350817936886793 
10.1399999999999 0 0.187097140776965 78661 50 1014 0 1014 0.510390133058997 1.01325726576544 9.97299495943943e-07 -0.349521821458572 
10.1299999999999 0 0.184642970704123 78660 50 1013 0 1013 0.558388781728773 1.00515727202884 1.34023123558954e-06 -0.349600705885428 
10.1199999999999 0 0.182240819481656 78659 50 1012 0 1012 0.554441250506656 0.997702032886781 1.58670166831086e-06 -0.353957254727519 
10.1099999999999 0 0.179781879747905 78658 50 1011 0 1011 0.501282794412897 0.980046689022205 1.32658520292431e-06 -0.368790036673708 
10.0999999999999 0 0.177257021848788 78657 50 1010 0 1010 0.446313760096828 0.960824709086386 1.20213557331627e-06 -0.377945956831588 
10.0899999999999 0 0.174725041685769 78656 50 1009 0 1009 0.442418494113485 0.938730870049062 9.41456087873876e-07 -0.387337374120517 
10.0799999999999 0 0.172220113791584 78655 50 1008 0 1008 0.49200633721226 0.921664156411082 6.37910462185319e-07 -0.391927156126195 
10.0699999999999 0 0.169743830498494 78654 50 1007 0 1007 0.549608790124879 0.908463422121091 6.38619375853315e-07 -0.395219098019907 
10.0599999999999 0 0.167305505930742 78653 50 1006 0 1006 0.559736257544736 0.899847175655742 2.2028388762325e-06 -0.397590508763786 
10.0499999999999 0 0.164812216309653 78652 50 1005 0 1005 0.520674461215473 0.888692631968529 2.93948908329514e-06 -0.40899392153935 
10.04 0 0.162268244770393 78651 50 1004 0 1004 0.455691323050044 0.871524485801726 3.24427597414185e-06 -0.420346799087139 
10.03 0 0.159702655506406 78650 50 1003 0 1003 0.438833370913651 0.850487559724248 2.92304075669709e-06 -0.431036550459172 
10.02 0 0.157157601789123 78649 50 1002 0 1002 0.478085280118276 0.833288705037062 2.43917241496563e-06 -0.438212157071095 
10.6999999999993 0 0.128190669791964 78717 50 1070 0 1070 0.446759853931162 0.741255085780118 2.42412429875251e-07 0.611749384286404 
10.6899999999993 0 0.131621102737006 78716 50 1069 0 1069 0.466111877102732 0.760914214475159 4.74096126111704e-07 0.603762557086057 
10.6799999999993 0 0.134974863791856 78715 50 1068 0 1068 0.55001767553418 0.755291921894322 3.14920572709309e-07 0.616493675810417 
10.6699999999993 0 0.138296741572161 78714 50 1067 0 1067 0.547222706743361 0.774348253133193 3.88517488527626e-07 0.61523681763198 
10.6599999999993 0 0.141688881371677 78713 50 1066 0 1066 0.475842697392665 0.815000995195717 7.29143359889798e-07 0.597498830859749 
10.6499999999993 0 0.14507457192542 78712 50 1065 0 1065 0.441944769052628 0.841881762159914 7.23131125041194e-07 0.587114170010713 
10.6399999999994 0 0.148452793215185 78711 50 1064 0 1064 0.504462229742279 0.862558479363006 7.1922629730801e-07 0.581088409218921 
10.6299999999994 0 0.151983637474339 78710 50 1063 0 1063 0.557191927942102 0.857041064828244 4.59228536616587e-07 0.603777800349195 
10.6199999999994 0 0.155565665871625 78709 50 1062 0 1062 0.517685040862693 0.89955259221722 6.96519241609732e-07 0.58602134516393 
10.6099999999994 0 0.15934814891656 78708 50 1061 0 1061 0.450759449390046 0.9419468646104 8.63662222698648e-07 0.566392491519902 
10.5999999999994 0 0.163282007931203 78707 50 1060 0 1060 0.47823766483381 0.971304553545489 8.48311343830998e-07 0.554205294129307 
10.5899999999994 0 0.167257956306243 78706 50 1059 0 1059 0.562907115648839 0.95741456804723 7.75187833908238e-07 0.572316335819772 
10.5799999999994 0 0.171403219082436 78705 50 1058 0 1058 0.511277641529149 0.986928449356666 7.23033354454971e-07 0.580769718887643 
10.5699999999994 0 0.175754826553996 78704 50 1057 0 1057 0.437517113485817 1.06022027248042 6.70458000005778e-07 0.526421471130808 
10.5599999999994 0 0.180037242919582 78703 50 1056 0 1056 0.511332351618131 1.07884568810493 5.00434800464033e-07 0.518279432776739 
10.5499999999994 0 0.184348901723011 78702 50 1055 0 1055 0.546179433314705 1.06766108596851 1.34156828068896e-07 0.54602847332862 
10.5399999999995 0 0.188734487328775 78701 50 1054 0 1054 0.470690842457212 1.13625236144677 2.12891616826818e-07 0.498423966553572 
10.5299999999995 0 0.193008578596699 78700 50 1053 0 1053 0.450598977324188 1.17263436071736 1.29978367362496e-07 0.47432353387049 
10.5199999999995 0 0.197211091115513 78699 50 1052 0 1052 0.539872772286492 1.16641770622556 -6.47539298465149e-09 0.480950346057555 
10.5099999999995 0 0.201275370800737 78698 50 1051 0 1051 0.541177891658251 1.20180141782942 -7.16818725241359e-08 0.460443807997254 
12.009999999998 0 -0.0782590959891313 19361 51 1201 0 1201 0.505139593593342 -0.349311824108581 5.31355112502684e-09 -0.080387199588114 
12.4999999999975 0 -0.046819200687005 19410 51 1250 0 1250 0.49831319345503 -0.173925613144354 8.51665623798611e-10 -0.160278124485004 
12.4899999999975 0 -0.0475025201818163 19409 51 1249 0 1249 0.518687956427204 -0.182516082846076 1.97116855773595e-09 -0.1546463826702 
12.4799999999975 0 -0.0481327681235096 19408 51 1248 0 1248 0.533800271488327 -0.18444480267923 4.48973806855391e-09 -0.144782710671905 
12.4699999999975 0 -0.0487659074758081 19407 51 1247 0 1247 0.545934938427293 -0.180984476942944 6.36474164228425e-09 -0.142394682789185 
12.4599999999975 0 -0.0493946760898226 19406 51 1246 0 1246 0.554618515525314 -0.175547720941063 7.72464097420413e-09 -0.142926433514023 
12.4499999999975 0 -0.0500292913721506 19405 51 1245 0 1245 0.560217321252251 -0.170522604286196 8.82169087028023e-09 -0.141534221235314 
12.4399999999976 0 -0.0506614237413543 19404 51 1244 0 1244 0.562481188465102 -0.166339273909653 9.51375585397306e-09 -0.140745380584898 
12.4299999999976 0 -0.0512910212957095 19403 51 1243 0 1243 0.561430174781662 -0.163052458670808 9.72994106594621e-09 -0.140353509332012 
12.4199999999976 0 -0.0519277844254373 19402 51 1242 0 1242 0.557084539696017 -0.160742944033466 9.44000283831401e-09 -0.139932086753383 
12.4099999999976 0 -0.052566239717347 19401 51 1241 0 1241 0.549427038112019 -0.159446760276796 8.52407825463977e-09 -0.139447006468745 
12.3999999999976 0 -0.0532059364055659 19400 51 1240 0 1240 0.538410130651617 -0.159187384623694 6.94415444037048e-09 -0.138901933734663 
12.3899999999976 0 -0.0538426438414854 19399 51 1239 0 1239 0.523834053262185 -0.160005257819217 4.66846672366522e-09 -0.138483298028522 
12.3799999999976 0 -0.0544904764994248 19398 51 1238 0 1238 0.506032327119486 -0.161976127095895 1.48938310123735e-09 -0.138104322070903 
12.3699999999976 0 -0.0551459465656416 19397 51 1237 0 1237 0.48615707250035 -0.164643126441637 3.63673891055085e-10 -0.137403094371381 
12.3599999999976 0 -0.0558020788725299 19396 51 1236 0 1236 0.469339955155424 -0.16751895064558 3.98384848118348e-10 -0.136603202283861 
12.3499999999976 0 -0.0564614743270369 19395 51 1235 0 1235 0.456124745133533 -0.170594504616939 4.35967170772903e-10 -0.135838509625563 
12.3399999999977 0 -0.0571185209814326 19394 51 1234 0 1234 0.446384526472587 -0.174235726500345 4.82051650507023e-10 -0.135268482862722 
12.3299999999977 0 -0.0577774966641291 19393 51 1233 0 1233 0.440187937658367 -0.178373205025529 5.35573503062902e-10 -0.134691236467206 
12.3199999999977 0 -0.0584385294777275 19392 51 1232 0 1232 0.437603145416645 -0.182791862430946 5.93056569423673e-10 -0.134092203365825 
12.3099999999977 0 -0.0590950886942133 19391 51 1231 0 1231 0.438630311250829 -0.188280183128339 6.7122547894117e-10 -0.133730111074756 
12.2999999999977 0 -0.0597454148298967 19390 51 1230 0 1230 0.443016457356414 -0.194544515084819 7.64333447316369e-10 -0.13369302738637 
12.2899999999977 0 -0.0603898515465987 19389 51 1229 0 1229 0.45072081860834 -0.201564867621409 8.72097552731817e-10 -0.13395622045624 
12.2799999999977 0 -0.0610268489427248 19388 51 1228 0 1228 0.46153537939738 -0.212693816916527 1.05655134991236e-09 -0.136190453980259 
12.2699999999977 0 -0.0616777911443356 19387 51 1227 0 1227 0.476534592371198 -0.225627482399597 1.41552211836047e-09 -0.138104899365335 
12.2599999999977 0 -0.0623374716231497 19386 51 1226 0 1226 0.494957500995787 -0.241370016583782 2.05667144633432e-09 -0.139466010775722 
12.2499999999977 0 -0.0629888524312913 19385 51 1225 0 1225 0.514756217902939 -0.249736438552457 1.09732603836863e-08 -0.127665426077193 
12.2399999999978 0 -0.0636069278075185 19384 51 1224 0 1224 0.530513033559596 -0.253290922342605 2.09312166851395e-08 -0.116549324101779 
12.2299999999978 0 -0.0642042001846579 19383 51 1223 0 1223 0.542482148715262 -0.249143190837386 3.03069681749874e-08 -0.114880189312854 
12.2199999999978 0 -0.0648201564090174 19382 51 1222 0 1222 0.551878116742488 -0.243464126245798 3.81218840011465e-08 -0.112574494541586 
12.2099999999978 0 -0.0654553847392198 19381 51 1221 0 1221 0.558798448724302 -0.237520146303922 4.38344925503488e-08 -0.110114698319508 
12.1999999999978 0 -0.0660787102871278 19380 51 1220 0 1220 0.561903462067304 -0.232104988669429 4.81743937502255e-08 -0.107984802687226 
12.1899999999978 0 -0.0667126278943419 19379 51 1219 0 1219 0.561927552489111 -0.227507931947136 5.00291535176651e-08 -0.106206732141049 
12.1799999999978 0 -0.0673573684900262 19378 51 1218 0 1218 0.558785483366835 -0.223898908635488 4.8986406186082e-08 -0.104668142700564 
12.1699999999978 0 -0.0680072770804717 19377 51 1217 0 1217 0.551874150932635 -0.221655780450712 4.54345643453681e-08 -0.103220937174356 
12.1599999999978 0 -0.0686635920638654 19376 51 1216 0 1216 0.541537544869378 -0.220937758639213 3.821514256041e-08 -0.101920154051114 
12.1499999999978 0 -0.0693251772836482 19375 51 1215 0 1215 0.527587934888293 -0.221884348450495 2.69803699201499e-08 -0.100758609276256 
12.1399999999979 0 -0.0699905730673993 19374 51 1214 0 1214 0.510033746201962 -0.224826768139484 1.12272941596301e-08 -0.0996181822218061 
12.1299999999979 0 -0.070650221848873 19373 51 1213 0 1213 0.489721282037442 -0.228696769917224 1.84383867251123e-09 -0.0981651101415334 
12.1199999999979 0 -0.0713071482480025 19372 51 1212 0 1212 0.472327243603781 -0.232610573318106 2.00236590365768e-09 -0.0964447844505717 
12.1099999999979 0 -0.0719571679954008 19371 51 1211 0 1211 0.458703294535172 -0.237080675459159 2.18782639638419e-09 -0.0947669440329308 
12.0999999999979 0 -0.0725957333954544 19370 51 1210 0 1210 0.448337596588059 -0.241854787779037 2.38675935558832e-09 -0.0930950129062056 
12.0899999999979 0 -0.073229179703219 19369 51 1209 0 1209 0.441599346083447 -0.247417857604592 2.62511586070765e-09 -0.0914808227391172 
12.0799999999979 0 -0.0738576294119376 19368 51 1208 0 1208 0.438156879850845 -0.253688246907127 2.8841753064748e-09 -0.0899080139620099 
12.0699999999979 0 -0.0744793264140597 19367 51 1207 0 1207 0.437782566661331 -0.260362908005398 3.15173809840682e-09 -0.0883306545070634 
12.0599999999979 0 -0.0750989140734143 19366 51 1206 0 1206 0.440738643909865 -0.268894216234817 3.47566397519408e-09 -0.0870768100443714 
12.0499999999979 0 -0.0757143426777932 19365 51 1205 0 1205 0.446716450547426 -0.27892057948498 3.89975968586209e-09 -0.0863172652749505 
12.039999999998 0 -0.0763252966242309 19364 51 1204 0 1204 0.455660628716463 -0.29039635202062 4.42072686380125e-09 -0.0859914549023455 
12.029999999998 0 -0.0769366981047286 19363 51 1203 0 1203 0.467416396498143 -0.310274095994154 4.92677757021506e-09 -0.0898011431656977 
12.019999999998 0 -0.0775718888491946 19362 51 1202 0 1202 0.483665866066581 -0.330163025189357 5.25412613358372e-09 -0.0889518583471456 
12.999999999997 0 -0.0163823904910812 19460 51 1300 0 1300 0.521735615273876 -0.0674708070412589 1.02190950834499e-10 -0.154002084857019 
12.989999999997 0 -0.016917408744533 19459 51 1299 0 1299 0.534474242235895 -0.069338188756093 1.73215682205902e-10 -0.149159425805083 
12.979999999997 0 -0.017456818257603 19458 51 1298 0 1298 0.544804113020621 -0.0664486963731492 2.32090851307586e-10 -0.151476713999366 
12.969999999997 0 -0.0180020206570828 19457 51 1297 0 1297 0.552780734208327 -0.0632614073737564 2.81283599903063e-10 -0.151999990291048 
12.959999999997 0 -0.018555888949059 19456 51 1296 0 1296 0.558596139574992 -0.0600379693235279 3.18583861424423e-10 -0.151883382658378 
12.949999999997 0 -0.0191078921641995 19455 51 1295 0 1295 0.56167357863384 -0.0569163276903333 3.48811353005564e-10 -0.152412052068454 
12.9399999999971 0 -0.0196659815254678 19454 51 1294 0 1294 0.562315886535134 -0.0541190160692867 3.65704731773208e-10 -0.153029031386301 
12.9299999999971 0 -0.0202305243353072 19453 51 1293 0 1293 0.56049393272628 -0.0516853572021361 3.66837025044212e-10 -0.153691054424403 
12.9199999999971 0 -0.0207950990996378 19452 51 1292 0 1292 0.555866115735297 -0.0498073613189388 3.53578792892465e-10 -0.154231547303855 
12.9099999999971 0 -0.0213643442603618 19451 51 1291 0 1291 0.548671283263806 -0.0484102210805275 3.20322052523148e-10 -0.154797058784848 
12.8999999999971 0 -0.021937145045896 19450 51 1290 0 1290 0.538761488290273 -0.047543350390349 2.65978472732985e-10 -0.155384899359473 
12.8899999999971 0 -0.0225136689481911 19449 51 1289 0 1289 0.52596860253858 -0.0472702330603098 1.8910016564915e-10 -0.15597561556368 
12.8799999999971 0 -0.0230946027516822 19448 51 1288 0 1288 0.510451164417154 -0.0475398057032309 8.53004854073779e-11 -0.15658194340479 
12.8699999999971 0 -0.0236772671116803 19447 51 1287 0 1287 0.492488776621829 -0.0489036460181535 1.13423083904546e-11 -0.157168739667189 
12.8599999999971 0 -0.0242646534419888 19446 51 1286 0 1286 0.476151248390116 -0.0512693913317436 1.24343736061541e-11 -0.157628534837098 
12.8499999999971 0 -0.0248596195370274 19445 51 1285 0 1285 0.462753373170971 -0.0537568277490016 1.36067866260015e-11 -0.158088220022953 
12.8399999999972 0 -0.0254550357161085 19444 51 1284 0 1284 0.452026331908535 -0.0565407760836132 1.50171642174297e-11 -0.158627289767411 
12.8299999999972 0 -0.0260553471211396 19443 51 1283 0 1283 0.444180410459953 -0.0595808819671132 1.66710340538354e-11 -0.159165595582253 
12.8199999999972 0 -0.0266617417315392 19442 51 1282 0 1282 0.439400418352211 -0.0627675955933723 1.84630985243016e-11 -0.159694144663945 
12.8099999999972 0 -0.0272704993721033 19441 51 1281 0 1281 0.437453238825906 -0.0665246266597694 2.08564766936155e-11 -0.16032862831272 
12.7999999999972 0 -0.027883265052281 19440 51 1280 0 1280 0.438634749094435 -0.0706486287559808 2.3612841382339e-11 -0.161081239309075 
12.7899999999972 0 -0.0284997126454873 19439 51 1279 0 1279 0.442962344616837 -0.0751339870220756 2.67311474504236e-11 -0.161943501567258 
12.7799999999972 0 -0.0291168322156606 19438 51 1278 0 1278 0.450235990189398 -0.0812690549618287 3.13676665303087e-11 -0.163498851653717 
12.7699999999972 0 -0.0297429460022345 19437 51 1277 0 1277 0.461007899353165 -0.0888608540692466 3.7509850401459e-11 -0.165826310765299 
12.7599999999972 0 -0.0303740904495303 19436 51 1276 0 1276 0.47504005340325 -0.0988721288011904 4.61730821464762e-11 -0.169413003138932 
12.7499999999972 0 -0.0310245967009753 19435 51 1275 0 1275 0.49335418415156 -0.11035925025693 1.00121445011079e-10 -0.170038559751582 
12.7399999999973 0 -0.031671890367365 19434 51 1274 0 1274 0.512875976495929 -0.119644367427093 2.63215197367737e-10 -0.167450523343537 
12.7299999999973 0 -0.0322893404816863 19433 51 1273 0 1273 0.528780731376792 -0.123259046076916 7.44467715872286e-10 -0.157303234092441 
12.7199999999973 0 -0.0329127561966403 19432 51 1272 0 1272 0.541872081627023 -0.121650380095684 1.13468864156858e-09 -0.155446140416752 
12.7099999999973 0 -0.033537331030417 19431 51 1271 0 1271 0.551748234472912 -0.117844090743014 1.43649785169743e-09 -0.156851124244765 
12.6999999999973 0 -0.0341700791523761 19430 51 1270 0 1270 0.558513503612501 -0.113638433396127 1.67233352118556e-09 -0.156073904587102 
12.6899999999973 0 -0.0348026407886165 19429 51 1269 0 1269 0.56198423617456 -0.10992769427415 1.83125097443041e-09 -0.155692948855662 
12.6799999999973 0 -0.0354353873522046 19428 51 1268 0 1268 0.562178976631433 -0.106786119569161 1.89951606253553e-09 -0.155570983857963 
12.6699999999973 0 -0.0360712007596639 19427 51 1267 0 1267 0.559107607662983 -0.104321135147238 1.87956961353561e-09 -0.155558593620945 
12.6599999999973 0 -0.036705158336551 19426 51 1266 0 1266 0.552699452209945 -0.102649660547955 1.74372400892537e-09 -0.155445783397583 
12.6499999999973 0 -0.0373379788882031 19425 51 1265 0 1265 0.543033691136423 -0.101808926848247 1.48598253093257e-09 -0.155225871578526 
12.6399999999974 0 -0.0379654642129542 19424 51 1264 0 1264 0.530236261822478 -0.101858205895413 1.10257142244222e-09 -0.154996114318188 
12.6299999999974 0 -0.038589980133291 19423 51 1263 0 1263 0.514230834186735 -0.102752552624744 5.71344448180967e-10 -0.154757148816484 
12.6199999999974 0 -0.0392134759543924 19422 51 1262 0 1262 0.495312540817808 -0.104624845314599 6.44874491244522e-11 -0.154436466890262 
12.6099999999974 0 -0.0398337471822063 19421 51 1261 0 1261 0.477880139345276 -0.107152456934034 7.07005902309966e-11 -0.15392566903992 
12.5999999999974 0 -0.0404486821665867 19420 51 1260 0 1260 0.463540399437329 -0.10976759185852 7.7490324789548e-11 -0.153449350732956 
12.5899999999974 0 -0.0410599419825079 19419 51 1259 0 1259 0.452445464075325 -0.112601112868615 8.58067963698265e-11 -0.153092758077974 
12.5799999999974 0 -0.0416703450214939 19418 51 1258 0 1258 0.444435267501213 -0.115685829587433 9.52788592787813e-11 -0.152924359188467 
12.5699999999974 0 -0.0422793639538686 19417 51 1257 0 1257 0.439440214610667 -0.118919172013981 1.05390275411795e-10 -0.15287724466165 
12.5599999999974 0 -0.0428928969523926 19416 51 1256 0 1256 0.437323763966389 -0.122923083480428 1.1831754781532e-10 -0.153234056915926 
12.5499999999974 0 -0.0435182244100238 19415 51 1255 0 1255 0.438569723083469 -0.127500380370282 1.33062782782902e-10 -0.153844053196456 
12.5399999999975 0 -0.0441540977388894 19414 51 1254 0 1254 0.443216752555012 -0.132646070986888 1.49580544743116e-10 -0.154702149634772 
12.5299999999975 0 -0.0447987605577238 19413 51 1253 0 1253 0.450953428081099 -0.140170306893484 1.74649255639125e-10 -0.156523889175538 
12.5199999999975 0 -0.0454607505943584 19412 51 1252 0 1252 0.462807491664703 -0.149596926050058 2.09699917060106e-10 -0.159153637006067 
12.5099999999975 0 -0.0461344025041342 19411 51 1251 0 1251 0.478488781908252 -0.162104785285552 2.61285121985393e-10 -0.16307259720121 
13.3299999999967 0 -0.000316711876667484 19493 51 1333 0 1333 0.509791756324645 -0.0179803881875628 7.03245988023347e-12 -0.138003438900092 
13.3199999999967 0 -0.000747253374256594 19492 51 1332 0 1332 0.521626643819291 -0.0230544016818856 1.46591141593535e-11 -0.131481310254694 
13.3099999999967 0 -0.00117886928955723 19491 51 1331 0 1331 0.531998277081912 -0.0227064874916473 2.26434312949168e-11 -0.132750176483537 
13.2999999999967 0 -0.00161313138931067 19490 51 1330 0 1330 0.540930918439116 -0.021406797242405 2.97037917006569e-11 -0.133474398162476 
13.2899999999967 0 -0.00204977293879007 19489 51 1329 0 1329 0.548378564399181 -0.0192109373496256 3.58111421617165e-11 -0.133701415859325 
13.2799999999967 0 -0.0024861832735071 19488 51 1328 0 1328 0.554162646705542 -0.0167174104584744 4.16098174048889e-11 -0.133956539589556 
13.2699999999967 0 -0.00292733701878421 19487 51 1327 0 1327 0.558532642513441 -0.0142073137796639 4.64634257040675e-11 -0.134496236066961 
13.2599999999967 0 -0.00337111091080788 19486 51 1326 0 1326 0.561274926855364 -0.0117123781890609 5.04875483218483e-11 -0.135458358129396 
13.2499999999967 0 -0.00382078358524324 19485 51 1325 0 1325 0.562301594247256 -0.00939827086327699 5.35871684015518e-11 -0.136372382585272 
13.2399999999968 0 -0.00427965521025482 19484 51 1324 0 1324 0.561879851707069 -0.00724604811622629 5.5082212561358e-11 -0.137291140080044 
13.2299999999968 0 -0.00474254572397847 19483 51 1323 0 1323 0.559558304648075 -0.00536470296538647 5.5069499049832e-11 -0.138250823669634 
13.2199999999968 0 -0.00521029868001252 19482 51 1322 0 1322 0.55538211579784 -0.00374472963484769 5.33148013572767e-11 -0.139186277040549 
13.2099999999968 0 -0.00568554052807678 19481 51 1321 0 1321 0.54951735364531 -0.00233583796889986 4.9341970472083e-11 -0.1400893741228 
13.1999999999968 0 -0.00616357862637843 19480 51 1320 0 1320 0.541616129334426 -0.00122339002448438 4.32903699383249e-11 -0.140861616185325 
13.1899999999968 0 -0.0066420293620149 19479 51 1319 0 1319 0.531828801186094 -0.000328837206466421 3.46907928355099e-11 -0.141580945118883 
13.1799999999968 0 -0.00712115251743996 19478 51 1318 0 1318 0.520162647129778 0.000356495958756636 2.32755131919578e-11 -0.14225665956244 
13.1699999999968 0 -0.00760164723641728 19477 51 1317 0 1317 0.506486313722484 0.000803337875445278 8.8616649615216e-12 -0.142897924412125 
13.1599999999968 0 -0.00808553995937155 19476 51 1316 0 1316 0.491514334729931 2.98789844340236e-05 1.53871051309771e-12 -0.143513687360099 
13.1499999999968 0 -0.00857186037571357 19475 51 1315 0 1315 0.478030005656492 -0.00161618062827638 1.67884975634934e-12 -0.144119539805825 
13.1399999999969 0 -0.00906069151485412 19474 51 1314 0 1314 0.46623731596488 -0.00338564484687727 1.84365865313834e-12 -0.144798066392398 
13.1299999999969 0 -0.00955825850115966 19473 51 1313 0 1313 0.4565426687473 -0.00523383245285518 2.01905858967397e-12 -0.145514958197961 
13.1199999999969 0 -0.0100605806788376 19472 51 1312 0 1312 0.448687475824345 -0.00724094956901159 2.21688499738707e-12 -0.146303958195235 
13.1099999999969 0 -0.0105677610925827 19471 51 1311 0 1311 0.442742911729758 -0.00947754718852917 2.44473855038687e-12 -0.147105362087642 
13.0999999999969 0 -0.0110838175062828 19470 51 1310 0 1310 0.439123034095233 -0.0118350545107913 2.68842523237519e-12 -0.147909985290912 
13.0899999999969 0 -0.0116028489258803 19469 51 1309 0 1309 0.437521761784754 -0.014524653367344 2.98833743642955e-12 -0.148760984989009 
13.0799999999969 0 -0.0121236976288166 19468 51 1308 0 1308 0.438125201235736 -0.0175193722978034 3.34490722037394e-12 -0.149674183089294 
13.0699999999969 0 -0.0126472615093736 19467 51 1307 0 1307 0.441030263691757 -0.0206857139731499 3.73314661302989e-12 -0.150619200299312 
13.0599999999969 0 -0.0131704889074066 19466 51 1306 0 1306 0.44609746301035 -0.0247204721833763 4.27866977639108e-12 -0.151845733397393 
13.0499999999969 0 -0.013696094839627 19465 51 1305 0 1305 0.453485581261584 -0.0294817022546214 4.95063942271143e-12 -0.153410681815661 
13.039999999997 0 -0.0142235969393237 19464 51 1304 0 1304 0.463183972642136 -0.0349603641010996 5.74770599532993e-12 -0.155299077335372 
13.029999999997 0 -0.0147539663836197 19463 51 1303 0 1303 0.475053296296153 -0.044125833821946 7.40372774316863e-12 -0.159082746651258 
13.019999999997 0 -0.0152976054960347 19462 51 1302 0 1302 0.490080756215103 -0.0533840815090024 1.55269135769436e-11 -0.161128976652981 
13.009999999997 0 -0.0158548647863099 19461 51 1301 0 1301 0.507101946137051 -0.0625922354001544 3.42295409595171e-11 -0.160229637929823 
13.3399999999967 0 0.000128405611207525 90841 52 1334 0 1334 0.496069141295494 -0.0107881758458111 1.7954062418555e-12 -0.141469885597376 
13.4999999999965 0 0.00654175157904616 90857 52 1350 0 1350 0.465894170992235 0.0406112239016791 1.65362579657596e-13 -0.118903384594418 
13.4899999999965 0 0.00616533104522723 90856 52 1349 0 1349 0.458388421702212 0.0393232591059849 1.80172172279763e-13 -0.119688218461157 
13.4799999999965 0 0.00578778948335897 90855 52 1348 0 1348 0.451980141428563 0.0379725092656032 1.97717018826844e-13 -0.120459465027241 
13.4699999999965 0 0.00540907796957305 90854 52 1347 0 1347 0.446712773015211 0.0365642471866067 2.17314008625986e-13 -0.121234055714353 
13.4599999999965 0 0.00502849906938032 90853 52 1346 0 1346 0.442653628271879 0.0351267272234964 2.37969867954717e-13 -0.122015628575775 
13.4499999999965 0 0.00464757566337505 90852 52 1345 0 1345 0.439699875537572 0.0335770085303191 2.61820567389491e-13 -0.122863344551973 
13.4399999999966 0 0.00426360873545505 90851 52 1344 0 1344 0.437966910847602 0.0319334878481702 2.88467362899533e-13 -0.123768458352199 
13.4299999999966 0 0.0038764713353679 90850 52 1343 0 1343 0.43749871687867 0.0302216828721676 3.17190721453378e-13 -0.124719900514606 
13.4199999999966 0 0.00348647660170224 90849 52 1342 0 1342 0.438102464194012 0.0282067280962678 3.53808651299766e-13 -0.125792027693253 
13.4099999999966 0 0.00308946050724139 90848 52 1341 0 1341 0.440153874144701 0.0260271167927616 3.94192862789491e-13 -0.12692183445254 
13.3999999999966 0 0.00268710945842711 90847 52 1340 0 1340 0.443554794387559 0.023614116017919 4.39996906967117e-13 -0.128131390328555 
13.3899999999966 0 0.00228044878917685 90846 52 1339 0 1339 0.448170402276271 0.0205856653243124 4.99783421471607e-13 -0.129571186268773 
13.3799999999966 0 0.00186397931757314 90845 52 1338 0 1338 0.454525257201841 0.0171549801808361 5.68289984823719e-13 -0.131159650188708 
13.3699999999966 0 0.00144222245827603 90844 52 1337 0 1337 0.462313588616568 0.0128643550911367 6.55937821032269e-13 -0.133052498553693 
13.3599999999966 0 0.00101533554067667 90843 52 1336 0 1336 0.471597792902066 0.00652415965478469 7.95623466892896e-13 -0.135940128119976 
13.3499999999966 0 0.000578332739481424 90842 52 1335 0 1335 0.482875155818452 -0.000830919658637845 1.04703634945832e-12 -0.138963640743844 
13.999999999996 0 0.0209344568352646 90907 52 1400 0 1400 0.445465284498551 0.0722254369766421 5.64534595616735e-15 -0.0758628710123395 
13.989999999996 0 0.0207245738959555 90906 52 1399 0 1399 0.44330532535108 0.0716416824234993 6.28622293461543e-15 -0.0767429672743676 
13.979999999996 0 0.0205126196119092 90905 52 1398 0 1398 0.441402025985635 0.0710104024089275 6.97894002647556e-15 -0.0776290481104444 
13.969999999996 0 0.0202979702710114 90904 52 1397 0 1397 0.439827592224546 0.0703359694184051 7.6763836088938e-15 -0.0785205306177913 
13.959999999996 0 0.0200791342963491 90903 52 1396 0 1396 0.438718237765445 0.0696359613046253 8.3842268079359e-15 -0.0794146693097171 
13.949999999996 0 0.0198582039200791 90902 52 1395 0 1395 0.437882173720753 0.068865352352212 9.24289763189706e-15 -0.0803156687579588 
13.9399999999961 0 0.0196339619400716 90901 52 1394 0 1394 0.437481277998824 0.0680524350178298 1.01359416671444e-14 -0.081223121634367 
13.9299999999961 0 0.0194061101415302 90900 52 1393 0 1393 0.437560490143392 0.0672063171561492 1.10532831318977e-14 -0.0821355617251667 
13.9199999999961 0 0.0191761464302417 90899 52 1392 0 1392 0.437945170709528 0.0662555729634241 1.20950475880348e-14 -0.0830587511753822 
13.9099999999961 0 0.0189419923551668 90898 52 1391 0 1391 0.438874433473677 0.0652623201620211 1.32418176303629e-14 -0.0839867901413319 
13.8999999999961 0 0.0187046011028613 90897 52 1390 0 1390 0.440281491872355 0.0642067585048939 1.45434673125528e-14 -0.084922452069471 
13.8899999999961 0 0.0184649832395702 90896 52 1389 0 1389 0.442080634638109 0.0630228141131635 1.61521055560443e-14 -0.0858876192077743 
13.8799999999961 0 0.0182207963608972 90895 52 1388 0 1388 0.444504877213843 0.0617741893587399 1.789269572539e-14 -0.0868667858413504 
13.8699999999961 0 0.0179742465633942 90894 52 1387 0 1387 0.447398525271569 0.0603875221033096 1.98856625833046e-14 -0.0878734195303753 
13.8599999999961 0 0.0177249607579836 90893 52 1386 0 1386 0.450786057467833 0.0588086478464745 2.21650512382819e-14 -0.0889178799907728 
13.8499999999961 0 0.017470681296727 90892 52 1385 0 1385 0.454875300346374 0.0571194861856044 2.45937255192898e-14 -0.0899907521765218 
13.8399999999962 0 0.0172141760134205 90891 52 1384 0 1384 0.459449915697344 0.0550921164188103 2.74838350451374e-14 -0.0911644060065609 
13.8299999999962 0 0.0169544080860409 90890 52 1383 0 1383 0.464639896940465 0.0526817272361514 3.09854076273416e-14 -0.0924623979125674 
13.8199999999962 0 0.0166904015374893 90889 52 1382 0 1382 0.470553524526277 0.0500210523235563 3.48870024371042e-14 -0.0938488379136589 
13.8099999999962 0 0.0164249105827449 90888 52 1381 0 1381 0.476949704035116 0.0460301361339837 4.09647971623901e-14 -0.095828615571652 
13.7999999999962 0 0.016153452520526 90887 52 1380 0 1380 0.484170130986706 0.040689057098418 5.10740092020644e-14 -0.0984866396842136 
13.7899999999962 0 0.0158765477181485 90886 52 1379 0 1379 0.492197969017384 0.0339506447542824 6.53672927252233e-14 -0.101841727396554 
13.7799999999962 0 0.015590423394895 90885 52 1378 0 1378 0.501188028397828 0.0270212203709078 2.16596074790126e-13 -0.100937518013731 
13.7699999999962 0 0.0153128136741955 90884 52 1377 0 1377 0.509652454080864 0.0213933271224292 4.73966389596722e-13 -0.099074586539478 
13.7599999999962 0 0.0150435779313375 90883 52 1376 0 1376 0.517180417815158 0.0178190878166214 9.02401759010727e-13 -0.0961659435946665 
13.7499999999962 0 0.0147636776123821 90882 52 1375 0 1375 0.524454736536787 0.0171650621989756 1.31394355513033e-12 -0.09729235536425 
13.7399999999963 0 0.0144781830122732 90881 52 1374 0 1374 0.531291214737999 0.017464104227183 1.70202977920649e-12 -0.0989325312342607 
13.7299999999963 0 0.0141905284983461 90880 52 1373 0 1373 0.537442011068396 0.0181839383662693 2.08198934314952e-12 -0.0988938403759069 
13.7199999999963 0 0.0139000414008341 90879 52 1372 0 1372 0.542946705894687 0.0192471006393111 2.47056687492746e-12 -0.0993796160294442 
13.7099999999963 0 0.0136051339813326 90878 52 1371 0 1371 0.547914134186438 0.0205125932541784 2.84273820943496e-12 -0.100138215817092 
13.6999999999963 0 0.0133071774466743 90877 52 1370 0 1370 0.552130008428961 0.02190752508839 3.22234584012315e-12 -0.101049187719509 
13.6899999999963 0 0.0130068103975377 90876 52 1369 0 1369 0.555663057273569 0.023327979298214 3.58361085123606e-12 -0.10190211758303 
13.6799999999963 0 0.0127037651467478 90875 52 1368 0 1368 0.558521171183813 0.0247714885561241 3.91426561194198e-12 -0.102714002229943 
13.6699999999963 0 0.0123962200467651 90874 52 1367 0 1367 0.560560155376461 0.0262289232178091 4.22520561331118e-12 -0.10360830013232 
13.6599999999963 0 0.0120850123787749 90873 52 1366 0 1366 0.561908374916048 0.027687921448955 4.48819168379994e-12 -0.104507571698321 
13.6499999999963 0 0.0117711912086875 90872 52 1365 0 1365 0.562463669822509 0.0291343051031395 4.70726943296213e-12 -0.105413998920032 
13.6399999999964 0 0.0114539973335022 90871 52 1364 0 1364 0.562093373604665 0.0305633755772915 4.8864224879923e-12 -0.106326489040473 
13.6299999999964 0 0.0111304560360122 90870 52 1363 0 1363 0.561034384235994 0.0320059641637802 4.98610721874532e-12 -0.107245919732672 
13.6199999999964 0 0.0108035255025239 90869 52 1362 0 1362 0.559019807140222 0.0334261870731034 5.01699135135956e-12 -0.108182459747408 
13.6099999999964 0 0.0104732134246753 90868 52 1361 0 1361 0.556016508096432 0.0348190948290275 4.97382658681314e-12 -0.109126464325558 
13.5999999999964 0 0.0101364528306118 90867 52 1360 0 1360 0.552210444041816 0.036219526448348 4.81691447704836e-12 -0.110071854942995 
13.5899999999964 0 0.00979528442967159 90866 52 1359 0 1359 0.547274574871461 0.0375812708741542 4.55492791527974e-12 -0.111010741038867 
13.5799999999964 0 0.00945032876247772 90865 52 1358 0 1358 0.541316117997192 0.0389172776606796 4.16262041613784e-12 -0.111952812566674 
13.5699999999964 0 0.00910023723858482 90864 52 1357 0 1357 0.534407990476201 0.0402480675807516 3.61187111123299e-12 -0.112897408501852 
13.5599999999964 0 0.00874555250392246 90863 52 1356 0 1356 0.526199210319741 0.0415205465336291 2.90399918853105e-12 -0.113805657670871 
13.5499999999964 0 0.00838656008629473 90862 52 1355 0 1355 0.516936453389016 0.0427740145037432 1.998663824984e-12 -0.114707276317534 
13.5399999999965 0 0.00802359306138319 90861 52 1354 0 1354 0.506554963113119 0.0439995115579101 8.77653867687679e-13 -0.115603902414808 
13.5299999999965 0 0.00765735115260868 90860 52 1353 0 1353 0.495052723774367 0.0441955120201372 1.29351323011816e-13 -0.116454154263654 
13.5199999999965 0 0.00728760156896462 90859 52 1352 0 1352 0.484290303421687 0.0430585109339993 1.39872736011919e-13 -0.117289273145056 
13.5099999999965 0 0.00691561366527497 90858 52 1351 0 1351 0.474571393802462 0.0418690308562056 1.51648613270489e-13 -0.118107302861298 
14.009999999996 0 0.0211395859646989 95047 140 1401 0 1401 0.448066666688789 0.0727861714728106 5.05488228032152e-15 -0.0749855213936773 
14.4999999999955 0 0.0277395345054517 95096 140 1450 0 1450 0.562066566770937 0.00847571557190351 4.05653286136507e-14 -0.0346375095421848 
14.4899999999955 0 0.0276715151426174 95095 140 1449 0 1449 0.56211860908237 0.0102438610252959 4.25264802581312e-14 -0.0348459548548305 
14.4799999999955 0 0.0276141276476719 95094 140 1448 0 1448 0.562030377991961 0.0121533901687365 4.48073826880458e-14 -0.0359559009858653 
14.4699999999955 0 0.0275412959656617 95093 140 1447 0 1447 0.562013185221395 0.0145554038133456 4.68471495238384e-14 -0.0358581752397536 
14.4599999999955 0 0.0274514644746821 95092 140 1446 0 1446 0.562475632243301 0.0174033199467841 4.86343132912579e-14 -0.0353014195202467 
14.4499999999955 0 0.0273805740931075 95091 140 1445 0 1445 0.562416665927098 0.0207810185446954 5.10412629844966e-14 -0.0366391642405632 
14.4399999999956 0 0.0273041035257786 95090 140 1444 0 1444 0.562404834207433 0.0248436637522397 5.22626268120279e-14 -0.0359179179170926 
14.4299999999956 0 0.0272243501021402 95089 140 1443 0 1443 0.562343310003264 0.0294751971014596 5.25037207802513e-14 -0.033316478362081 
14.4199999999956 0 0.0268469282555523 95088 140 1442 0 1442 0.569983474302986 0.0386518260689245 5.03392842407436e-14 -0.0411608313304456 
14.4099999999956 0 0.0269231807980127 95087 140 1441 0 1441 0.567551250440825 0.0444214006827123 5.23071158271755e-14 -0.0459675927192175 
14.3999999999956 0 0.0274355006812335 95086 140 1440 0 1440 0.560847357691618 0.0508498784347696 5.79989795852032e-14 -0.0445995116340831 
14.3899999999956 0 0.0275335737996145 95085 140 1439 0 1439 0.555891084401445 0.066277186200857 7.08055558568273e-14 -0.043630101212208 
14.3799999999956 0 0.0272704735073127 95084 140 1438 0 1438 0.559891963476808 0.0803129400898058 7.83239934546554e-14 -0.0420720938544153 
14.3699999999956 0 0.026732878512445 95083 140 1437 0 1437 0.562516137503741 0.0866125945137876 7.56139204309552e-14 -0.0351189895389769 
14.3599999999956 0 0.0263881571550444 95082 140 1436 0 1436 0.562817424335157 0.0862740929935606 7.31875362852166e-14 -0.0378544187179108 
14.3499999999956 0 0.0262449171162666 95081 140 1435 0 1435 0.558319384787061 0.0844937466808297 7.46295906530148e-14 -0.0442361114150854 
14.3399999999957 0 0.026219542300026 95080 140 1434 0 1434 0.556823139017495 0.0802133709928014 7.99164926136225e-14 -0.047722123363338 
14.3299999999957 0 0.0261466837206637 95079 140 1433 0 1433 0.55589541394348 0.077076703045066 8.16112519364602e-14 -0.0495493238175717 
14.3199999999957 0 0.0260362780339469 95078 140 1432 0 1432 0.555484783274644 0.0748547105015891 8.06840226819728e-14 -0.050268794105145 
14.3099999999957 0 0.0259251943642789 95077 140 1431 0 1431 0.554191494286328 0.0738802704520813 7.9873009143209e-14 -0.0507775878146392 
14.2999999999957 0 0.0258108156568328 95076 140 1430 0 1430 0.552816006821199 0.0731696977112808 7.94762527368013e-14 -0.0514597491996898 
14.2899999999957 0 0.0256932630199692 95075 140 1429 0 1429 0.551329819855588 0.072727643872635 7.94369428739911e-14 -0.0523286482740595 
14.2799999999957 0 0.0255740296007307 95074 140 1428 0 1428 0.549561082291221 0.0724204890605942 7.95374003333139e-14 -0.0529565430634107 
14.2699999999957 0 0.0254495198214474 95073 140 1427 0 1427 0.547744634697402 0.0722144694210703 7.92352108154681e-14 -0.0536498003540851 
14.2599999999957 0 0.0253214844893768 95072 140 1426 0 1426 0.545716866410678 0.0721126370665248 7.86585727694572e-14 -0.0545250067427263 
14.2499999999957 0 0.0251911501532194 95071 140 1425 0 1425 0.543412469050635 0.0720803141880008 7.78701532626737e-14 -0.0552359623997588 
14.2399999999958 0 0.0250559098356124 95070 140 1424 0 1424 0.541030143667294 0.0721339939307298 7.64309682172026e-14 -0.0559415248116941 
14.2299999999958 0 0.024918608559587 95069 140 1423 0 1423 0.538357833408588 0.0722739694173422 7.46890630961217e-14 -0.0568092794633996 
14.2199999999958 0 0.0247783091822912 95068 140 1422 0 1422 0.535441362846933 0.0724835125506662 7.2200136761152e-14 -0.0575870025013659 
14.2099999999958 0 0.0246334885715022 95067 140 1421 0 1421 0.532402704672636 0.0727732940911128 6.86619984475493e-14 -0.0583242449180379 
14.1999999999958 0 0.0244880681123827 95066 140 1420 0 1420 0.529019452631797 0.0731333057697575 6.43807772093906e-14 -0.0591597467594697 
14.1899999999958 0 0.0243387238673753 95065 140 1419 0 1419 0.52542306963893 0.0735660842338474 5.89671363136366e-14 -0.0599520974177838 
14.1799999999958 0 0.0241851707972626 95064 140 1418 0 1418 0.52163213735257 0.074074721188406 5.22209544118999e-14 -0.0607028419035529 
14.1699999999958 0 0.0240309609358433 95063 140 1417 0 1417 0.517445906040905 0.0746407468526586 4.43576057125621e-14 -0.0615211903131714 
14.1599999999958 0 0.023872233986388 95062 140 1416 0 1416 0.513066670634203 0.0752844919025165 3.47211292962652e-14 -0.0623287510384787 
14.1499999999958 0 0.023709872763727 95061 140 1415 0 1415 0.508393254729215 0.0759966487690046 2.32295510256186e-14 -0.0631153051932537 
14.1399999999959 0 0.0235467321033499 95060 140 1414 0 1414 0.503325054663834 0.0767574577726522 9.9967949178767e-15 -0.0639327117809246 
14.1299999999959 0 0.023378720692357 95059 140 1413 0 1413 0.498085515554486 0.0772243954673565 1.72818974168418e-16 -0.0647607125938286 
14.1199999999959 0 0.023207809673542 95058 140 1412 0 1412 0.492833945272735 0.0769899760799978 4.69038632122946e-16 -0.0655942822795979 
14.1099999999959 0 0.0230353306884172 95057 140 1411 0 1411 0.487712057510024 0.0767292998892394 8.1171184587773e-16 -0.0664377637153846 
14.0999999999959 0 0.0228593214061852 95056 140 1410 0 1410 0.482841445264425 0.0764518987359054 1.17855620109547e-15 -0.0672825392378216 
14.0899999999959 0 0.0226801037794435 95055 140 1409 0 1409 0.478057470465138 0.0761421889205643 1.59070169168582e-15 -0.0681161403985652 
14.0799999999959 0 0.0224981538462233 95054 140 1408 0 1408 0.473474968374477 0.075811988790469 1.99869962555944e-15 -0.0689600546589716 
14.0699999999959 0 0.0223125533205207 95053 140 1407 0 1407 0.46918081095717 0.0754668053866791 2.40320427764183e-15 -0.069810792569131 
14.0599999999959 0 0.0221247250239324 95052 140 1406 0 1406 0.464980665880308 0.0750827005612629 2.85238620210067e-15 -0.0706664064704643 
14.0499999999959 0 0.0219335541267466 95051 140 1405 0 1405 0.461077785493105 0.0746794016521757 3.30866933958007e-15 -0.0715235401636184 
14.039999999996 0 0.0217393257782964 95050 140 1404 0 1404 0.457457911441075 0.0742549125224983 3.77335145348307e-15 -0.0723824313497296 
14.029999999996 0 0.0215429693223415 95049 140 1403 0 1403 0.453991319788878 0.073789755485533 4.19424813332362e-15 -0.0732473622656782 
14.019999999996 0 0.0213425672769557 95048 140 1402 0 1402 0.450894440544761 0.0733040843117773 4.61634217787986e-15 -0.0741145331600301 
14.999999999995 0 0.0292434118949801 95146 140 1500 0 1500 0.547686911458438 -0.00668381044019042 3.2891148348761e-15 -0.00794927715229435 
14.989999999995 0 0.0292489516460569 95145 140 1499 0 1499 0.547623470244579 -0.00695177410786213 3.47761422391458e-15 -0.0084244686747455 
14.979999999995 0 0.0292536194646465 95144 140 1498 0 1498 0.547544914767503 -0.00721392115945904 3.70591757142141e-15 -0.00890486639492345 
14.969999999995 0 0.029257096835124 95143 140 1497 0 1497 0.547477278414147 -0.00746471633719238 3.9220561535534e-15 -0.00938989321389011 
14.959999999995 0 0.0292587358516436 95142 140 1496 0 1496 0.547475322425104 -0.00769416659549034 4.14113323890569e-15 -0.00987792482500803 
14.949999999995 0 0.0292594847917455 95141 140 1495 0 1495 0.547446767367047 -0.00791741361503796 4.45157045634127e-15 -0.0103719096931829 
14.9399999999951 0 0.0292587128070252 95140 140 1494 0 1494 0.547456111751003 -0.00812357070199832 4.75063258208359e-15 -0.0108687030839666 
14.9299999999951 0 0.0292562862232704 95139 140 1493 0 1493 0.54751632723276 -0.00831022141760059 5.03935175077904e-15 -0.0113679621106089 
14.9199999999951 0 0.0292529489027374 95138 140 1492 0 1492 0.547543914625712 -0.00848991241037901 5.17312129126482e-15 -0.0118699697898337 
14.9099999999951 0 0.0292478411868818 95137 140 1491 0 1491 0.547631894411833 -0.00864775561024794 5.27589250872242e-15 -0.0123733235932284 
14.8999999999951 0 0.0292413593137241 95136 140 1490 0 1490 0.547744254942543 -0.00878966783814683 5.34107806239177e-15 -0.0128785523627409 
14.8899999999951 0 0.0292340707021972 95135 140 1489 0 1489 0.547832388441147 -0.00892496620423518 5.49870561039019e-15 -0.013388640032185 
14.8799999999951 0 0.0292247630133903 95134 140 1488 0 1488 0.547995223136516 -0.00903441082647582 5.72698028765068e-15 -0.0139016043656845 
14.8699999999951 0 0.0292143676717759 95133 140 1487 0 1487 0.548155156952185 -0.0091320924839237 6.09361796936429e-15 -0.0144197526278921 
14.8599999999951 0 0.0292029128971827 95132 140 1486 0 1486 0.54831133135983 -0.00921814298966524 6.42836662888825e-15 -0.014942877285492 
14.8499999999951 0 0.0291894350323337 95131 140 1485 0 1485 0.548538934425899 -0.00927722115841824 6.74067158530681e-15 -0.0154688468619668 
14.8399999999952 0 0.0291747103217919 95130 140 1484 0 1484 0.548749700351725 -0.00932163195569095 7.00623393368839e-15 -0.015999926662527 
14.8299999999952 0 0.0291585718259792 95129 140 1483 0 1483 0.548981974443588 -0.00934721228510844 7.31724360084976e-15 -0.0165349538405921 
14.8199999999952 0 0.0291405717716424 95128 140 1482 0 1482 0.549274157305253 -0.00934665420895903 7.65964241657041e-15 -0.0170727899270241 
14.8099999999952 0 0.0291212608543801 95127 140 1481 0 1481 0.549535234843652 -0.00932884476950749 8.06892282601496e-15 -0.0176145941452791 
14.7999999999952 0 0.0291003427993906 95126 140 1480 0 1480 0.549840732478893 -0.00928750549933774 8.49800649858111e-15 -0.018158988490006 
14.7899999999952 0 0.0290779660026221 95125 140 1479 0 1479 0.550176303079056 -0.0092246712200624 8.9495321275997e-15 -0.0187063683293617 
14.7799999999952 0 0.0290542119459506 95124 140 1478 0 1478 0.550487567776067 -0.00914218806846757 9.44022961865661e-15 -0.0192550307851576 
14.7699999999952 0 0.0290285607525109 95123 140 1477 0 1477 0.550857997650598 -0.00903065251931373 9.95533357915828e-15 -0.0198060084610278 
14.7599999999952 0 0.029001786222837 95122 140 1476 0 1476 0.551226666284006 -0.00890136139522286 1.05147502418065e-14 -0.0203613404054957 
14.7499999999952 0 0.028973272592498 95121 140 1475 0 1475 0.551590838026418 -0.00874365711368168 1.11372428001842e-14 -0.0209162890458565 
14.7399999999953 0 0.0289426277413788 95120 140 1474 0 1474 0.552019711987459 -0.00855144297166691 1.17804766189086e-14 -0.0214737236643083 
14.7299999999953 0 0.0289112251959834 95119 140 1473 0 1473 0.552416122793639 -0.00834425800953234 1.24565240406775e-14 -0.022040879129107 
14.7199999999953 0 0.0288781563196646 95118 140 1472 0 1472 0.552817881400824 -0.00810814413165546 1.31269252112369e-14 -0.0226055893036082 
14.7099999999953 0 0.0288426755033625 95117 140 1471 0 1471 0.553293700899222 -0.00783193904806527 1.37943426012984e-14 -0.0231700660574293 
14.6999999999953 0 0.0288071342636663 95116 140 1470 0 1470 0.553694855108828 -0.00754813055090121 1.45329460243267e-14 -0.023746456088453 
14.6899999999953 0 0.0287691712046305 95115 140 1469 0 1469 0.554139435551781 -0.0072203194761689 1.53163725502405e-14 -0.0243152673114481 
14.6799999999953 0 0.0287286267858833 95114 140 1468 0 1468 0.55464305183077 -0.00684626220984712 1.61344047214187e-14 -0.0248771323690803 
14.6699999999953 0 0.0286881330215336 95113 140 1467 0 1467 0.55505008497436 -0.00645956307588218 1.70602608120295e-14 -0.0254655038211022 
14.6599999999953 0 0.0286446432147327 95112 140 1466 0 1466 0.555535989382396 -0.00601845716680731 1.7985483011643e-14 -0.0260454426220451 
14.6499999999953 0 0.0285986253024309 95111 140 1465 0 1465 0.556046189217117 -0.00552756058411794 1.89151204566187e-14 -0.0266112485797632 
14.6399999999954 0 0.0285536638194553 95110 140 1464 0 1464 0.556442239436636 -0.00503596024805464 1.98858733075144e-14 -0.0272135572899637 
14.6299999999954 0 0.0285051883370628 95109 140 1463 0 1463 0.556950506223271 -0.00447834998060687 2.08976253061753e-14 -0.0278052969841595 
14.6199999999954 0 0.0284542416135219 95108 140 1462 0 1462 0.557445268390552 -0.00386234503713738 2.20375110287708e-14 -0.0283512371639664 
14.6099999999954 0 0.0284034802350944 95107 140 1461 0 1461 0.557890887233461 -0.00322394737951015 2.32248601963255e-14 -0.0289449268986803 
14.5999999999954 0 0.0283518311914838 95106 140 1460 0 1460 0.558320669794996 -0.00255411093034745 2.44404628987917e-14 -0.0295404304384201 
14.5899999999954 0 0.0282953606438993 95105 140 1459 0 1459 0.5587957699263 -0.00177319526973568 2.57706653362204e-14 -0.0300383811811704 
14.5799999999954 0 0.0282396633729295 95104 140 1458 0 1458 0.559219581197152 -0.000971791280129572 2.71789773690881e-14 -0.030613300694658 
14.5699999999954 0 0.0281843124571514 95103 140 1457 0 1457 0.559601783015547 -0.000152066990380686 2.86323806377671e-14 -0.0312364892390408 
14.5599999999954 0 0.0281219312920804 95102 140 1456 0 1456 0.560056451080406 0.000841833752738122 3.01968532108562e-14 -0.0316535084887613 
14.5499999999954 0 0.0280620147540947 95101 140 1455 0 1455 0.56041954886813 0.00184214450753395 3.17971042183921e-14 -0.0321932734674317 
14.5399999999955 0 0.0280047550475775 95100 140 1454 0 1454 0.56069297999755 0.00284878723659372 3.34424817285601e-14 -0.0328768946754941 
14.5299999999955 0 0.0279363411836713 95099 140 1453 0 1453 0.561164161063117 0.00413406371884849 3.51195458275432e-14 -0.0332129803528594 
14.5199999999955 0 0.0278732220348508 95098 140 1452 0 1452 0.56140573566671 0.00541031273919569 3.68602826307472e-14 -0.0336823561753878 
14.5099999999955 0 0.0278162490063223 95097 140 1451 0 1451 0.561514636001678 0.0067059744308833 3.8729692268515e-14 -0.0344864968244328 
15.4999999999945 0 0.0275864185249174 95196 140 1550 0 1550 0.562235451881434 0.0153592996276036 -5.57789574445366e-16 0.0112823141114691 
15.4899999999945 0 0.0276410092919246 95195 140 1549 0 1549 0.56213155989935 0.0148104963623784 -2.92899082326202e-16 0.0109873664233058 
15.4799999999945 0 0.0276950401198391 95194 140 1548 0 1548 0.561984535412459 0.0142629364482146 -5.90427550269577e-17 0.0106888526403835 
15.4699999999945 0 0.0277483705381483 95193 140 1547 0 1547 0.561810413026257 0.0137183871082355 1.45416667577986e-16 0.0103860710838516 
15.4599999999945 0 0.0278006094838333 95192 140 1546 0 1546 0.561642460587951 0.0131821429504363 3.3610565382197e-16 0.0100803978924335 
15.4499999999945 0 0.0278523187111007 95191 140 1545 0 1545 0.561428115014944 0.0126464729257647 5.23704169611562e-16 0.00976856594159504 
15.4399999999946 0 0.0279032326437309 95190 140 1544 0 1544 0.561203779247765 0.0121156535428361 7.3131650526858e-16 0.0094530892501676 
15.4299999999946 0 0.0279532751027039 95189 140 1543 0 1543 0.560977482716101 0.0115907437468506 9.55218133448488e-16 0.00913439819201445 
15.4199999999946 0 0.0280028742859591 95188 140 1542 0 1542 0.560705631300931 0.0110653053700554 9.65392165192986e-16 0.00880953601560474 
15.4099999999946 0 0.0280515747375875 95187 140 1541 0 1541 0.560437700981713 0.0105461659813255 9.5718588703789e-16 0.0084821722152446 
15.3999999999946 0 0.0280995925267475 95186 140 1540 0 1540 0.56015567777821 0.010030318578623 9.34796852831799e-16 0.00815145629931753 
15.3899999999946 0 0.0281470776612951 95185 140 1539 0 1539 0.559835949213131 0.00951510297079949 9.6416827564053e-16 0.00781653275748754 
15.3799999999946 0 0.0281933571411098 95184 140 1538 0 1538 0.559535286950643 0.00900933796888569 1.02442805154617e-15 0.00747934688400126 
15.3699999999946 0 0.0282389949129261 95183 140 1537 0 1537 0.559208964082347 0.0085050757885083 1.14106738038383e-15 0.00713840193444709 
15.3599999999946 0 0.0282839674681479 95182 140 1536 0 1536 0.558858125219739 0.00800218021614221 1.19795101324046e-15 0.00679398787045537 
15.3499999999946 0 0.0283276979599651 95181 140 1535 0 1535 0.558529782314679 0.00750876965730763 1.22357483953147e-15 0.00644746599507957 
15.3399999999947 0 0.0283708314970746 95180 140 1534 0 1534 0.558166676327514 0.00701527305359773 1.21508346833518e-15 0.00609697770657386 
15.3299999999947 0 0.0284130855198007 95179 140 1533 0 1533 0.557798161790676 0.00652656017092015 1.26246556451618e-15 0.00574356706922819 
15.3199999999947 0 0.0284541999859794 95178 140 1532 0 1532 0.557448241810447 0.00604640704827673 1.35043696461894e-15 0.00538798690948939 
15.3099999999947 0 0.0284946654071789 95177 140 1531 0 1531 0.557057783852269 0.00556637691086227 1.44878575295324e-15 0.00502731251392367 
15.2999999999947 0 0.028534046178858 95176 140 1530 0 1530 0.556682148911311 0.00509395126277191 1.51040197769675e-15 0.00466406208087554 
15.2899999999947 0 0.0285724316389282 95175 140 1529 0 1529 0.55631356880913 0.00462778499529277 1.52824619760407e-15 0.00429789428749021 
15.2799999999947 0 0.0286102055066685 95174 140 1528 0 1528 0.55591008285345 0.00416086310148985 1.51629986596213e-15 0.00392666078207893 
15.2699999999947 0 0.0286467156845692 95173 140 1527 0 1527 0.555535542535481 0.00370365233262298 1.53541879885102e-15 0.00355329510376892 
15.2599999999947 0 0.0286824160522239 95172 140 1526 0 1526 0.555153001911646 0.00324954394637614 1.62257526139308e-15 0.00317687661099441 
15.2499999999947 0 0.0287174655077962 95171 140 1525 0 1525 0.554746094456352 0.00279606811690202 1.67213928696945e-15 0.00279656708491183 
15.2399999999948 0 0.0287510425578405 95170 140 1524 0 1524 0.554381184581064 0.00235499470624144 1.6877760265507e-15 0.00241373134963566 
15.2299999999948 0 0.0287839799406225 95169 140 1523 0 1523 0.553992983619845 0.00191450580223919 1.62158729180355e-15 0.0020257709506133 
15.2199999999948 0 0.0288160720182783 95168 140 1522 0 1522 0.553600342948247 0.00147752366696918 1.62234730066487e-15 0.00163313667814022 
15.2099999999948 0 0.0288468498492523 95167 140 1521 0 1521 0.553242777671327 0.00105103614096769 1.66424520630277e-15 0.00123740352186119 
15.1999999999948 0 0.0288769388663187 95166 140 1520 0 1520 0.552855135702914 0.000624258406282566 1.75790654515078e-15 0.000835398721698994 
15.1899999999948 0 0.0289058604816841 95165 140 1519 0 1519 0.552486306938626 0.000204506811016719 1.87484809043017e-15 0.000429211390041926 
15.1799999999948 0 0.0289335140808324 95164 140 1518 0 1518 0.55214689216077 -0.000206372767901461 2.01253463085186e-15 1.93247612312126e-05 
15.1699999999948 0 0.0289604599860153 95163 140 1517 0 1517 0.551772813176746 -0.000623509867924171 2.10341259809731e-15 -0.000398134531972718 
15.1599999999948 0 0.0289860005121342 95162 140 1516 0 1516 0.551438631393878 -0.00103200608348027 2.13405184707525e-15 -0.000817482587192676 
15.1499999999948 0 0.029010453255111 95161 140 1515 0 1515 0.551116402011971 -0.0014379015649206 2.07781006174698e-15 -0.00123921478249646 
15.1399999999949 0 0.0290341873896115 95160 140 1514 0 1514 0.550771373706923 -0.00184605836204253 2.00878973393778e-15 -0.00166225275894327 
15.1299999999949 0 0.0290563960025971 95159 140 1513 0 1513 0.550476427225391 -0.00224159364118502 1.98621952912765e-15 -0.0020867028359872 
15.1199999999949 0 0.0290777983395107 95158 140 1512 0 1512 0.550174046293587 -0.00263518835340311 2.08981352895035e-15 -0.00251416910875274 
15.1099999999949 0 0.0290983604337986 95157 140 1511 0 1511 0.549865349070214 -0.00302550100756632 2.12344482203541e-15 -0.00294662029630629 
15.0999999999949 0 0.0291173481344886 95156 140 1510 0 1510 0.5496096833087 -0.00340123203151411 2.13723047091742e-15 -0.00338226371265402 
15.0899999999949 0 0.0291355283212439 95155 140 1509 0 1509 0.549333881530748 -0.00377428832451311 2.19607243895044e-15 -0.003824707110101 
15.0799999999949 0 0.0291524841371228 95154 140 1508 0 1508 0.54907646143813 -0.00413757703953518 2.25571604207296e-15 -0.00427117210549402 
15.0699999999949 0 0.0291678616912326 95153 140 1507 0 1507 0.548869775211174 -0.00448547594030269 2.31887058741402e-15 -0.00472052137108997 
15.0599999999949 0 0.0291823256864002 95152 140 1506 0 1506 0.54863368159509 -0.00482953101740204 2.46640935294827e-15 -0.00517447996461676 
15.0499999999949 0 0.029195370603209 95151 140 1505 0 1505 0.548438926303534 -0.00516032474731451 2.6164801964801e-15 -0.00562987758539909 
15.039999999995 0 0.0292071086782106 95150 140 1504 0 1504 0.548274857230207 -0.00547952226320728 2.76917706868909e-15 -0.00608691153556298 
15.029999999995 0 0.0292180930119596 95149 140 1503 0 1503 0.548085965507294 -0.00579713847187702 2.90448691501517e-15 -0.00654766939556431 
15.019999999995 0 0.0292274832276873 95148 140 1502 0 1502 0.547952920864337 -0.0060987776314617 3.02692226256692e-15 -0.00701062898387421 
15.009999999995 0 0.0292358591747216 95147 140 1501 0 1501 0.547827520573268 -0.00639339724083657 3.12841591442945e-15 -0.00747709845113046 
15.999999999994 0 0.0241176055179711 95246 140 1600 0 1600 0.519854373856789 0.0487250708528162 -5.97098834357161e-15 0.0223734026150962 
15.989999999994 0 0.0241984460201819 95245 140 1599 0 1599 0.521974512524973 0.0479118832442072 -6.26579543584187e-15 0.0222277602929409 
15.979999999994 0 0.0242790939328712 95244 140 1598 0 1598 0.524019292338372 0.0471009197288794 -6.53738437618395e-15 0.0220783034506645 
15.969999999994 0 0.0243591237037259 95243 140 1597 0 1597 0.525992734535654 0.0463020415792 -6.82722510508879e-15 0.0219251600634714 
15.959999999994 0 0.0244382819516368 95242 140 1596 0 1596 0.527920918752093 0.0455153501261042 -7.1155717983962e-15 0.0217688121772489 
15.949999999994 0 0.0245173083106812 95241 140 1595 0 1595 0.529769775827195 0.0447235571946999 -7.30264841637898e-15 0.0216013445214954 
15.9399999999941 0 0.0245959311068624 95240 140 1594 0 1594 0.531563860418292 0.0439437023759529 -7.43860305845202e-15 0.0214311977571956 
15.9299999999941 0 0.0246741153395213 95239 140 1593 0 1593 0.533307327579491 0.0431751879475629 -7.5285736524839e-15 0.0212587478077987 
15.9199999999941 0 0.0247518627042751 95238 140 1592 0 1592 0.534974508039874 0.0424195784050156 -7.61383029517382e-15 0.0210861263660817 
15.9099999999941 0 0.0248291836656833 95237 140 1591 0 1591 0.536594649326868 0.0416719644974648 -7.71881671962351e-15 0.0209092424698985 
15.8999999999941 0 0.0249061714989708 95236 140 1590 0 1590 0.538160530382091 0.0409319472553639 -7.85215404633274e-15 0.0207262152256682 
15.8899999999941 0 0.0249830540476758 95235 140 1589 0 1589 0.539661415173076 0.0401897446221487 -7.94747387928326e-15 0.0205419529842466 
15.8799999999941 0 0.0250594042837602 95234 140 1588 0 1588 0.541121419788295 0.039452354464915 -7.99542503143945e-15 0.0203580485944612 
15.8699999999941 0 0.0251354970298051 95233 140 1587 0 1587 0.542519789847797 0.0387157601153706 -7.94426945998857e-15 0.0201756976350925 
15.8599999999941 0 0.0252111482108398 95232 140 1586 0 1586 0.543854776182508 0.0379874951766723 -7.85974800343857e-15 0.0199920486843082 
15.8499999999941 0 0.0252860347123773 95231 140 1585 0 1585 0.545153211354672 0.0372701002937529 -7.77301846214715e-15 0.0198060336343463 
15.8399999999942 0 0.0253605470443467 95230 140 1584 0 1584 0.546382488762926 0.0365616225454621 -7.73716505843331e-15 0.019610367878808 
15.8299999999942 0 0.0254346558832114 95229 140 1583 0 1583 0.547560566049285 0.0358588611221698 -7.67800083342949e-15 0.0194085434113497 
15.8199999999942 0 0.0255082275931879 95228 140 1582 0 1582 0.548699504262351 0.0351627362802096 -7.59949431910265e-15 0.0192024541297571 
15.8099999999942 0 0.0255816020179582 95227 140 1581 0 1581 0.549771939280287 0.0344666096642747 -7.45407559035079e-15 0.0189944962440021 
15.7999999999942 0 0.0256544996300418 95226 140 1580 0 1580 0.550803626380144 0.0337760910707832 -7.33855585096065e-15 0.0187879193631888 
15.7899999999942 0 0.0257269696414215 95225 140 1579 0 1579 0.551791057543885 0.0330906562801813 -7.2596666638693e-15 0.0185828877981538 
15.7799999999942 0 0.0257990849545565 95224 140 1578 0 1578 0.552710078221612 0.0324111934745712 -7.22397257538273e-15 0.0183767201664167 
15.7699999999942 0 0.0258703766868248 95223 140 1577 0 1577 0.553599476653239 0.0317409723391545 -7.14973778685834e-15 0.0181682271969548 
15.7599999999942 0 0.0259411288410838 95222 140 1576 0 1576 0.554436503042373 0.0310766241337515 -6.98762806659709e-15 0.0179555575057646 
15.7499999999942 0 0.026011466681725 95221 140 1575 0 1575 0.55521283067858 0.0304141729643523 -6.71369221319609e-15 0.0177378069133302 
15.7399999999943 0 0.0260809879637118 95220 140 1574 0 1574 0.555963955097962 0.0297596258023414 -6.40853342728414e-15 0.0175173082770407 
15.7299999999943 0 0.026150150301162 95219 140 1573 0 1573 0.556657478017941 0.0291085934304691 -6.10200610086754e-15 0.0172921868216321 
15.7199999999943 0 0.0262188812049845 95218 140 1572 0 1572 0.55730385638756 0.0284629257130513 -5.86373818881388e-15 0.0170641494930662 
15.7099999999943 0 0.0262869351238726 95217 140 1571 0 1571 0.55792344635855 0.0278246935824621 -5.65785669378184e-15 0.016834119409032 
15.6999999999943 0 0.0263546363909075 95216 140 1570 0 1570 0.558483847896939 0.027189986381893 -5.39604420467511e-15 0.0165996949362705 
15.6899999999943 0 0.026421841432983 95215 140 1569 0 1569 0.559008771810762 0.0265578016367743 -5.07933962786826e-15 0.0163599578100924 
15.6799999999943 0 0.0264885030556279 95214 140 1568 0 1568 0.559503380544854 0.0259288992018851 -4.71341908067381e-15 0.0161155381820272 
15.6699999999943 0 0.0265548960012196 95213 140 1567 0 1567 0.559935823714112 0.0253006098539784 -4.41562154483103e-15 0.0158688811326932 
15.6599999999943 0 0.0266204768198383 95212 140 1566 0 1566 0.560346887973825 0.0246812260232379 -4.16508641999358e-15 0.0156228113507643 
15.6499999999943 0 0.026685432431236 95211 140 1565 0 1565 0.56072076564996 0.024069027822394 -3.97936672156882e-15 0.0153777083893568 
15.6399999999944 0 0.0267498284965971 95210 140 1564 0 1564 0.561041445560093 0.0234623571936593 -3.76471517227959e-15 0.0151279416379935 
15.6299999999944 0 0.0268134931070135 95209 140 1563 0 1563 0.56134297697663 0.0228611444959649 -3.52968612206827e-15 0.0148745635181641 
15.6199999999944 0 0.0268767746384088 95208 140 1562 0 1562 0.56160171677747 0.0222591862958236 -3.25729632608173e-15 0.0146142684503383 
15.6099999999944 0 0.0269396985194061 95207 140 1561 0 1561 0.561818369144448 0.0216568891093094 -3.02024923966482e-15 0.0143522258649515 
15.5999999999944 0 0.0270019145862001 95206 140 1560 0 1560 0.56201716580811 0.021059863640978 -2.80192304454341e-15 0.0140897082179728 
15.5899999999944 0 0.0270635788964922 95205 140 1559 0 1559 0.562164773349867 0.0204672988598574 -2.59956557461152e-15 0.0138283605664516 
15.5799999999944 0 0.0271243629911651 95204 140 1558 0 1558 0.562282924035417 0.0198836820279319 -2.37071240051282e-15 0.0135637670729857 
15.5699999999944 0 0.0271840348826359 95203 140 1557 0 1557 0.562394638469624 0.0193111592779307 -2.12386248849047e-15 0.0132965691926741 
15.5599999999944 0 0.0272431802627392 95202 140 1556 0 1556 0.562447947294364 0.0187405654895246 -1.83685547741371e-15 0.0130184637013012 
15.5499999999944 0 0.0273017110970357 95201 140 1555 0 1555 0.562483433000644 0.0181731498043024 -1.59465307336621e-15 0.0127361563854702 
15.5399999999945 0 0.0273596717960199 95200 140 1554 0 1554 0.562497206448871 0.0176081254164398 -1.40337042935807e-15 0.0124491125100447 
15.5299999999945 0 0.0274173566735838 95199 140 1553 0 1553 0.562462941208467 0.0170405037723097 -1.24389278793969e-15 0.0121586979101123 
15.5199999999945 0 0.0274742183016673 95198 140 1552 0 1552 0.562422528580609 0.0164786926808551 -1.06108093213218e-15 0.01186757215368 
15.5099999999945 0 0.0275305686231125 95197 140 1551 0 1551 0.562351050357916 0.0159185763941588 -8.235315803147e-16 0.0115757700184619 
16.009999999994 0 0.0245472851260882 104922 54 1601 0 1601 0.500080908299699 0.0439030479705478 -5.39970558492887e-15 0.0225298520175845 
16.4999999999935 0 0.0183150020374127 104971 54 1650 0 1650 0.501607394834751 0.0514235599923016 -3.573347987855e-16 0.0280396460285549 
16.4899999999935 0 0.018447990995824 104970 54 1649 0 1649 0.499564649495402 0.0515359359803123 -4.36867361931576e-16 0.0279454795949595 
16.4799999999935 0 0.0185151751618318 104969 54 1648 0 1648 0.500674910453982 0.0515706714437427 -5.03088815665299e-16 0.0278421053064354 
16.4699999999935 0 0.0186484469710483 104968 54 1647 0 1647 0.498757303936167 0.0516700542042774 -5.62958908165058e-16 0.0277372061399257 
16.4599999999935 0 0.0187185559279003 104967 54 1646 0 1646 0.499826220854672 0.0516952842366738 -6.40702587122288e-16 0.0276328942658244 
16.4499999999936 0 0.018790178672226 104966 54 1645 0 1645 0.500855707875792 0.0517235331872906 -5.83651085931393e-16 0.0275416173940786 
16.4399999999936 0 0.018925279403108 104965 54 1644 0 1644 0.499064680453059 0.0518236729077581 -4.76991200281344e-16 0.0274556089403659 
16.4299999999936 0 0.0190002124820956 104964 54 1643 0 1643 0.500054105115289 0.0518646447977727 -3.64517857042241e-16 0.027374278853949 
16.4199999999936 0 0.0190767044713145 104963 54 1642 0 1642 0.501003268018929 0.0519171083628358 -1.73658971061529e-16 0.0272839075500068 
16.4099999999936 0 0.0192138710286618 104962 54 1641 0 1641 0.49933820640061 0.0520312533081267 7.91218599554326e-17 0.0271888795329546 
16.3999999999936 0 0.0192939953594545 104961 54 1640 0 1640 0.500249707324529 0.0520882783102663 3.66589871336575e-16 0.0270871055243929 
16.3899999999936 0 0.019375942820219 104960 54 1639 0 1639 0.501118117454727 0.0521438386936976 6.05242353137678e-16 0.0269853906604194 
16.3799999999936 0 0.019515406188613 104959 54 1638 0 1638 0.499579415235725 0.0522525591102985 8.41511129724766e-16 0.0268848856576859 
16.3699999999936 0 0.0196010947762297 104958 54 1637 0 1637 0.500411395967733 0.0523053044748373 1.01410155813236e-15 0.0267871754246207 
16.3599999999936 0 0.019741772059661 104957 54 1636 0 1636 0.498990064728324 0.052415894660323 1.17951751836351e-15 0.0266950439702948 
16.3499999999936 0 0.0198315841962377 104956 54 1635 0 1635 0.499786515220053 0.0524815892532283 1.30377515519717e-15 0.0266049598407202 
16.3399999999937 0 0.0199237484701034 104955 54 1634 0 1634 0.500540873532136 0.0525626693963254 1.38052970495467e-15 0.0265144177630989 
16.3299999999937 0 0.0200670676721088 104954 54 1633 0 1633 0.499248876882634 0.0526949800893678 1.44312911578061e-15 0.0264216257279661 
16.3199999999937 0 0.0201630502490001 104953 54 1632 0 1632 0.499961961553814 0.0527860536672657 1.46386676963105e-15 0.0263264969145483 
16.3099999999937 0 0.020260933116056 104952 54 1631 0 1631 0.500627323207504 0.0528749959761922 1.46462990681302e-15 0.026220318291038 
16.2999999999937 0 0.0204061228183814 104951 54 1630 0 1630 0.499474401723552 0.0530019204541125 1.45384478427812e-15 0.0261097964354759 
16.2899999999937 0 0.0205085194262518 104950 54 1629 0 1629 0.500101568827439 0.0530868637799966 1.39814320653123e-15 0.0259939284913319 
16.2799999999937 0 0.0206136016041315 104949 54 1628 0 1628 0.500682776960133 0.0531700789361948 1.24312333456751e-15 0.0258773649313859 
16.2699999999937 0 0.0207617408624371 104948 54 1627 0 1627 0.499663674526175 0.053289140266302 1.07480040209526e-15 0.0257666451822187 
16.2599999999937 0 0.0208713204841318 104947 54 1626 0 1626 0.500205260381724 0.0533763689543282 8.70111422501907e-16 0.0256667944906562 
16.2499999999938 0 0.02098380978117 104946 54 1625 0 1625 0.500697345772107 0.0534745634285116 6.88628138476538e-16 0.0255713032815311 
16.2399999999938 0 0.0211348361916297 104945 54 1624 0 1624 0.499817097170687 0.0536073371912852 5.24463253354038e-16 0.0254746998958961 
16.2299999999938 0 0.0212526984045075 104944 54 1623 0 1623 0.500272707157195 0.0537192679699738 3.67493474842119e-16 0.0253681989097616 
16.2199999999938 0 0.0214051958104492 104943 54 1622 0 1622 0.49951870124745 0.0538577147048242 1.57156838330342e-16 0.0252561472063243 
16.2099999999938 0 0.0215281528347057 104942 54 1621 0 1621 0.499936136124346 0.0539712939069965 -1.06344168897561e-16 0.0251410541280461 
16.1999999999938 0 0.0216536713165794 104941 54 1620 0 1620 0.500298327654763 0.0540908946877274 -5.02947193912163e-16 0.0250283963484383 
16.1899999999938 0 0.0218081366853939 104940 54 1619 0 1619 0.499693691905048 0.0542344733234907 -8.74075478862775e-16 0.024914476131221 
16.1799999999938 0 0.0219389506939617 104939 54 1618 0 1618 0.500016571531516 0.0543609869435256 -1.22933497395573e-15 0.024798994103087 
16.1699999999938 0 0.02207364438582 104938 54 1617 0 1617 0.500285967721661 0.0544907207896812 -1.43430785068707e-15 0.0246776018920581 
16.1599999999938 0 0.0222319649939881 104937 54 1616 0 1616 0.499827325428539 0.0546342862821088 -1.62563178649803e-15 0.0245533241627041 
16.1499999999938 0 0.0223733036434585 104936 54 1615 0 1615 0.500058626906425 0.0547609307141631 -1.80523395892583e-15 0.0244245950694666 
16.1399999999939 0 0.022518734008899 104935 54 1614 0 1614 0.500231834940551 0.0548878772399913 -2.09274193580328e-15 0.0243022622260072 
16.1299999999939 0 0.0226810560725995 104934 54 1613 0 1613 0.499925808174801 0.0550270303801107 -2.40647901259729e-15 0.0241844453769923 
16.1199999999939 0 0.0228328293884052 104933 54 1612 0 1612 0.500059305937262 0.0551634846612698 -2.72548315381881e-15 0.0240747472894036 
16.1099999999939 0 0.0229961098659019 104932 54 1611 0 1611 0.499890221787719 0.055320171441309 -2.98163865889059e-15 0.0239576441967882 
16.0999999999939 0 0.023154274746818 104931 54 1610 0 1610 0.499984773309131 0.0554773387595224 -3.22900529917817e-15 0.0238344735131168 
16.0899999999939 0 0.02331697461271 104930 54 1609 0 1609 0.500016847110951 0.0556395861202331 -3.55809900585197e-15 0.0236939334943425 
16.0799999999939 0 0.0234841889807438 104929 54 1608 0 1608 0.499990513582439 0.0552487014757849 -3.89688901764666e-15 0.0235542376521938 
16.0699999999939 0 0.0236482690202829 104928 54 1607 0 1607 0.499997764560353 0.0534708466279177 -4.18823391299864e-15 0.0234157490236114 
16.0599999999939 0 0.023805785359912 104927 54 1606 0 1606 0.500066403282844 0.0517706118545563 -4.32800174625085e-15 0.0232819981565653 
16.049999999994 0 0.0239659845574933 104926 54 1605 0 1605 0.499916712370276 0.0500505161525631 -4.4667591558024e-15 0.02314427087985 
16.039999999994 0 0.0241145881741144 104925 54 1604 0 1604 0.500021341425364 0.0484689481258939 -4.61248210765033e-15 0.0230017773042866 
16.029999999994 0 0.024257773603991 104924 54 1603 0 1603 0.50017980601258 0.0469519853628552 -4.84042280388529e-15 0.0228451130100712 
16.019999999994 0 0.0244111394127545 104923 54 1602 0 1602 0.499888455806447 0.0453283889347793 -5.09437996540662e-15 0.0226873532748516 
16.999999999993 0 0.0147703480789977 105021 54 1700 0 1700 0.502704473225242 -0.0274249052194769 3.69679371653566e-14 0.0329732168673145 
16.989999999993 0 0.0149033183927918 105020 54 1699 0 1699 0.499232708225214 -0.0279421620460607 3.67814830721539e-14 0.0329270043735493 
16.979999999993 0 0.0149413249699517 105019 54 1698 0 1698 0.501212206964535 -0.0275629931596596 3.61096456500929e-14 0.0329077953513991 
16.969999999993 0 0.015071143278316 105018 54 1697 0 1697 0.497666324837577 -0.0278777928706116 3.56788042681922e-14 0.0329171636931646 
16.959999999993 0 0.0151060981421926 105017 54 1696 0 1696 0.499666730134787 -0.0273070270125609 3.48274974992902e-14 0.0329313967269749 
16.9499999999931 0 0.015140059084584 105016 54 1695 0 1695 0.501674108278554 -0.0265389970170111 3.41061517634576e-14 0.0329577702253149 
16.9399999999931 0 0.0152654970723214 105015 54 1694 0 1694 0.498071522084626 -0.0263100950301129 3.37560015670597e-14 0.0330453334895768 
16.9299999999931 0 0.0152970403375869 105014 54 1693 0 1693 0.500113919985526 -0.0251253681912916 3.30790497846025e-14 0.0331656084217464 
16.9199999999931 0 0.0153276939471871 105013 54 1692 0 1692 0.502163700427127 -0.0231636389717908 3.22552051106287e-14 0.0339472998704498 
16.9099999999931 0 0.0154491009080526 105012 54 1691 0 1691 0.498507407354503 -0.0212214383403037 3.16184956166305e-14 0.0343538823832047 
16.8999999999931 0 0.015477319723171 105011 54 1690 0 1690 0.500576195413023 -0.0176699961780898 3.04784265117243e-14 0.034092787382215 
16.8899999999931 0 0.015505286384323 105010 54 1689 0 1689 0.502583455843775 -0.00564628411068738 2.79786632232814e-14 0.0446974896820577 
16.8799999999931 0 0.0156008970044791 105009 54 1688 0 1688 0.500232022681397 0.00936210188740517 2.25807726707124e-14 0.0512547501623513 
16.8699999999931 0 0.0156589703527924 105008 54 1687 0 1687 0.500231728723659 0.0287952010529519 9.7709894061519e-15 0.0414397431356438 
16.8599999999931 0 0.0157635076686889 105007 54 1686 0 1686 0.497374345172861 0.0388670240895971 5.36282993370585e-15 0.036119100587921 
16.8499999999932 0 0.0157915367135933 105006 54 1685 0 1685 0.499430921014009 0.0445037392755058 4.39960763710114e-15 0.0329296932625007 
16.8399999999932 0 0.0158199455250718 105005 54 1684 0 1684 0.501474107835631 0.0462033036877409 4.11312211195891e-15 0.0321314320881292 
16.8299999999932 0 0.0159392638338945 105004 54 1683 0 1683 0.497903579984735 0.047422455382482 3.91519624514158e-15 0.0316458996788394 
16.8199999999932 0 0.0159694148612075 105003 54 1682 0 1682 0.49989104564532 0.0480710695045638 3.80621340055486e-15 0.0313692214205838 
16.8099999999932 0 0.0160000526255408 105002 54 1681 0 1681 0.501844625252401 0.0484119172708238 4.22658587611487e-15 0.0311984865147494 
16.7999999999932 0 0.0161201005292707 105001 54 1680 0 1680 0.49841350077783 0.0488317795566268 4.78655956547292e-15 0.0310448060247126 
16.7899999999932 0 0.0161526301976415 105000 54 1679 0 1679 0.500315889277903 0.0490365660777014 5.49310112756765e-15 0.0309078091990812 
16.7799999999932 0 0.0161857565385415 104999 54 1678 0 1678 0.502182240448156 0.0491811811478647 5.69253773800716e-15 0.0307932526773353 
16.7699999999932 0 0.0163067510410952 104998 54 1677 0 1677 0.498884070429602 0.0494472075669639 5.65414980964411e-15 0.0306855115435639 
16.7599999999932 0 0.0163418110573742 104997 54 1676 0 1676 0.500706645439051 0.0495554308803341 5.17408365826005e-15 0.0305852578082843 
16.7499999999932 0 0.0163776619282535 104996 54 1675 0 1675 0.502492428587564 0.0496499982399998 4.57987005516723e-15 0.0304829529536912 
16.7399999999933 0 0.0164998896231104 104995 54 1674 0 1674 0.499320105050324 0.0498669549588084 4.00297014496982e-15 0.0303779294228091 
16.7299999999933 0 0.0165376027026941 104994 54 1673 0 1673 0.50106259845196 0.0499325353116037 3.51298811141662e-15 0.0302643935525559 
16.7199999999933 0 0.0166597116724844 104993 54 1672 0 1672 0.498026542979909 0.0501055918452584 3.07565313482884e-15 0.0301524034244654 
16.7099999999933 0 0.016699384038475 104992 54 1671 0 1671 0.499722109256613 0.0501414100114098 2.64170129111767e-15 0.0300423659620234 
16.6999999999933 0 0.0167397894304687 104991 54 1670 0 1670 0.501381121788275 0.0501661953839596 2.25103366141035e-15 0.0299433200120514 
16.6899999999933 0 0.0168628576731989 104990 54 1669 0 1669 0.498477149022534 0.0503118969254737 2.05573621806852e-15 0.0298492059950573 
16.6799999999933 0 0.0169054220472151 104989 54 1668 0 1668 0.500088999527788 0.0503413671719483 2.00078790717441e-15 0.029759824708006 
16.6699999999933 0 0.0169488457887299 104988 54 1667 0 1667 0.50167122756055 0.0503784113008355 2.3086295608715e-15 0.0296676005384305 
16.6599999999933 0 0.0170735385023374 104987 54 1666 0 1666 0.498884735381111 0.050527296961003 2.59763800164069e-15 0.0295736543395628 
16.6499999999934 0 0.0171193527421368 104986 54 1665 0 1665 0.500425859926302 0.0505640376646481 2.76624753200735e-15 0.0294774322781953 
16.6399999999934 0 0.0171661142420084 104985 54 1664 0 1664 0.501929298396272 0.0505975050463384 2.56132864810622e-15 0.0293784027956682 
16.6299999999934 0 0.0172922257851189 104984 54 1663 0 1663 0.499266877882873 0.0507327425169383 2.33497943301785e-15 0.029277408962884 
16.6199999999934 0 0.0173411861774179 104983 54 1662 0 1662 0.500727281211304 0.0507559921483188 2.11386894426407e-15 0.0291730675091499 
16.6099999999934 0 0.0174670943316236 104982 54 1661 0 1661 0.498199144170587 0.050875134846215 2.04009840683141e-15 0.0290747812088062 
16.5999999999934 0 0.0175182136305149 104981 54 1660 0 1660 0.499614836118926 0.0508927564392849 1.94951343708743e-15 0.0289787720062066 
16.5899999999934 0 0.0175703907923112 104980 54 1659 0 1659 0.500992598742185 0.0509100019232225 1.69114569926514e-15 0.0288809626838973 
16.5799999999934 0 0.0176976879081722 104979 54 1658 0 1658 0.49858925542751 0.0510204410234255 1.42537857688727e-15 0.0287846429569154 
16.5699999999934 0 0.0177525033384849 104978 54 1657 0 1657 0.499926795889017 0.0510378465162767 1.10426913438374e-15 0.0286897019014376 
16.5599999999934 0 0.017808499924921 104977 54 1656 0 1656 0.501232211968566 0.0510576068123461 9.08352322790907e-16 0.0285972363152439 
16.5499999999934 0 0.0179378974190875 104976 54 1655 0 1655 0.498942706373935 0.0511683264820203 7.30604511676971e-16 0.0285041693915385 
16.5399999999935 0 0.0179967797688824 104975 54 1654 0 1654 0.500209194707743 0.0511962208756582 5.08773571665169e-16 0.0284106961822588 
16.5299999999935 0 0.0180568378036529 104974 54 1653 0 1653 0.501436918397045 0.0512320891937587 2.56562904629634e-16 0.0283183616525086 
16.5199999999935 0 0.0181879222763272 104973 54 1652 0 1652 0.499271465183247 0.0513497681491367 3.15441405775296e-17 0.028225601972349 
16.5099999999935 0 0.0182507157099609 104972 54 1651 0 1651 0.500458067501505 0.0513860785600315 -2.14317108721622e-16 0.0281317798303095 
17.4999999999925 0 0.00777391661253901 105071 54 1750 0 1750 0.500014952766727 0.0281220553269032 9.89295199920111e-14 0.0321312520863093 
17.4899999999925 0 0.00801607710712564 105070 54 1749 0 1749 0.499977267257779 0.0267434531126859 1.22265829183537e-13 0.0322530790590038 
17.4799999999925 0 0.00825209436912702 105069 54 1748 0 1748 0.500077138226966 0.0250737435158611 1.49638149184563e-13 0.0323065426433202 
17.4699999999925 0 0.00850219047633673 105068 54 1747 0 1747 0.499755547331232 0.0232628896980581 1.72968221962603e-13 0.0323880045169298 
17.4599999999925 0 0.00873290616630477 105067 54 1746 0 1746 0.49995480935141 0.0215901331326236 1.886644904552e-13 0.0324797528142286 
17.4499999999925 0 0.00894659929419824 105066 54 1745 0 1745 0.500278413400792 0.0200306196132933 1.95377390660899e-13 0.0325614362507801 
17.4399999999926 0 0.00918052922051327 105065 54 1744 0 1744 0.499623718904609 0.0182904564489855 1.96895387395328e-13 0.0326772722479275 
17.4299999999926 0 0.00937680438179414 105064 54 1743 0 1743 0.500025309837401 0.0168240812740392 1.86953055678302e-13 0.0328212799842327 
17.4199999999926 0 0.00956301740478272 105063 54 1742 0 1742 0.500534060833251 0.0154001396362418 1.68941629032009e-13 0.0330243012224081 
17.4099999999926 0 0.00978427662249181 105062 54 1741 0 1741 0.499585752538238 0.0136585291735094 1.49779272361193e-13 0.0331633559076732 
17.3999999999926 0 0.00995871170470631 105061 54 1740 0 1740 0.500173420866215 0.0122620409345848 1.28431211607975e-13 0.0332152374416488 
17.3899999999926 0 0.0101222185069241 105060 54 1739 0 1739 0.500835390723754 0.0108970274152505 1.15461239245471e-13 0.033272771944662 
17.3799999999926 0 0.0103300550322144 105059 54 1738 0 1738 0.499638871025991 0.00909924246550763 1.0607626478827e-13 0.0332934253880092 
17.3699999999926 0 0.0104838471939101 105058 54 1737 0 1737 0.500383189584354 0.00768980589885337 1.00914216460945e-13 0.0332308363921464 
17.3599999999926 0 0.0106958837645675 105057 54 1736 0 1736 0.498896507921925 0.00569167654209064 1.00614712185282e-13 0.0331602091666897 
17.3499999999927 0 0.0108463090830411 105056 54 1735 0 1735 0.499740481630948 0.00418090211333825 1.01608653318676e-13 0.0331110964273638 
17.3399999999927 0 0.0109935925374537 105055 54 1734 0 1734 0.500707504984454 0.00267656776667183 1.06710854160639e-13 0.0331601530174112 
17.3299999999927 0 0.0112026282094949 105054 54 1733 0 1733 0.498918989314585 0.000592707863151007 1.13030927613723e-13 0.0331633143139007 
17.3199999999927 0 0.0113369565879804 105053 54 1732 0 1732 0.499940617313426 -0.000842343476923905 1.1848333553602e-13 0.0331449499347599 
17.3099999999927 0 0.011466408245113 105052 54 1731 0 1731 0.501046584322577 -0.00225412033610813 1.20545126114398e-13 0.0331823557822985 
17.2999999999927 0 0.0116664783623756 105051 54 1730 0 1730 0.499024300017992 -0.00432671197623878 1.2189296785541e-13 0.0332170802263346 
17.2899999999927 0 0.0117871381691594 105050 54 1729 0 1729 0.500201249409854 -0.00566028127735035 1.19579256586784e-13 0.0332580553603927 
17.2799999999927 0 0.0119023641470472 105049 54 1728 0 1728 0.501437664170569 -0.00692623229168289 1.13880159328187e-13 0.0332712078933533 
17.2699999999927 0 0.0120947607052405 105048 54 1727 0 1727 0.499194601571355 -0.00892598600738437 1.08292828183758e-13 0.0332811990796548 
17.2599999999927 0 0.0122041705800093 105047 54 1726 0 1726 0.50052562109037 -0.0101214065002615 9.95879746758007e-14 0.0332985086894339 
17.2499999999927 0 0.0123082695219926 105046 54 1725 0 1725 0.501884610713434 -0.0112339002636041 8.92089047811609e-14 0.0333560661531853 
17.2399999999928 0 0.0124917529730579 105045 54 1724 0 1724 0.499460544507518 -0.0130993475081074 7.89348592170411e-14 0.033421426606165 
17.2299999999928 0 0.0125863068578737 105044 54 1723 0 1723 0.500864845601659 -0.0140645340702799 6.60058577967748e-14 0.0334791072572923 
17.2199999999928 0 0.0127650623502474 105043 54 1722 0 1722 0.498271720191718 -0.0158246340259491 5.35954829709401e-14 0.0334796118616949 
17.2099999999928 0 0.0128540831794645 105042 54 1721 0 1721 0.499746955686598 -0.0166917998916676 4.00159349855658e-14 0.0334579410730405 
17.1999999999928 0 0.0129404853380139 105041 54 1720 0 1720 0.501286904798018 -0.0174780352655241 2.79107755866305e-14 0.0334911441156816 
17.1899999999928 0 0.0131136181170691 105040 54 1719 0 1719 0.498510519431318 -0.0190735475584155 1.75164891491477e-14 0.0335162036435995 
17.1799999999928 0 0.0131931376179667 105039 54 1718 0 1718 0.500088930794493 -0.0197177161843351 8.05492119803316e-15 0.0335321917724601 
17.1699999999928 0 0.0132695050412176 105038 54 1717 0 1717 0.50170136379182 -0.0202753533901282 2.47297071789677e-15 0.0335593868151009 
17.1599999999928 0 0.0134339118119629 105037 54 1716 0 1716 0.498815712086897 -0.0216658138226859 -1.59911293479105e-15 0.0335792490997379 
17.1499999999929 0 0.0135042185706712 105036 54 1715 0 1715 0.500461192209348 -0.0221086465654311 -3.06102657579024e-15 0.0335812570454748 
17.1399999999929 0 0.0135723071238435 105035 54 1714 0 1714 0.502147062696923 -0.0224961416703761 -1.30674174785232e-15 0.0335692885428807 
17.1299999999929 0 0.0137300202944327 105034 54 1713 0 1713 0.499143311587694 -0.0237260405588708 1.58030028611509e-15 0.0335598205901758 
17.1199999999929 0 0.0137930696824152 105033 54 1712 0 1712 0.50086581616381 -0.0240111623325865 6.66305737395629e-15 0.0335501748738291 
17.1099999999929 0 0.0139462651831414 105032 54 1711 0 1711 0.49775610148061 -0.0251280743169473 1.22446411222849e-14 0.0335277088945391 
17.0999999999929 0 0.0140044235509032 105031 54 1710 0 1710 0.499507454409523 -0.0253157923598528 1.81471943351096e-14 0.0334943130205109 
17.0899999999929 0 0.0140608659661396 105030 54 1709 0 1709 0.501292291991941 -0.025458760186064 2.3415645564082e-14 0.033458656728758 
17.0799999999929 0 0.0142090500172737 105029 54 1708 0 1708 0.498067211235467 -0.0264402896659562 2.80059784906333e-14 0.0334066108144676 
17.0699999999929 0 0.0142616438383683 105028 54 1707 0 1707 0.499897793181462 -0.0265019343133517 3.1884924268907e-14 0.0333360877400186 
17.0599999999929 0 0.0143125651398194 105027 54 1706 0 1706 0.501751234993504 -0.0265148183245648 3.4180798038596e-14 0.0332816293606372 
17.0499999999929 0 0.0144559623294796 105026 54 1705 0 1705 0.498420903955236 -0.0273558080999355 3.61973887408827e-14 0.0332322495819583 
17.039999999993 0 0.0145034105504739 105025 54 1704 0 1704 0.500318074815975 -0.0272860593701617 3.72627391834942e-14 0.0331771056859004 
17.029999999993 0 0.0145492442589744 105024 54 1703 0 1703 0.502221601103746 -0.0271754712905696 3.75106560781506e-14 0.0331305400154884 
17.019999999993 0 0.0146870052164498 105023 54 1702 0 1702 0.498822312674221 -0.0278701089367186 3.7841752536485e-14 0.0330878961057982 
17.009999999993 0 0.0147292495562795 105022 54 1701 0 1701 0.500754042732989 -0.0276753906465134 3.74581369617246e-14 0.0330340110453505 
17.999999999992 0 0.00174296291111045 105121 54 1800 0 1800 0.501318939948494 0.0142094886488921 2.49080894074351e-14 0.0205439212489206 
17.989999999992 0 0.00182707049669971 105120 54 1799 0 1799 0.499626223396425 0.0144665388708318 3.9829118820353e-14 0.0208057717615286 
17.979999999992 0 0.0018618251039579 105119 54 1798 0 1798 0.500583952685528 0.0146913142208876 5.34995745842569e-14 0.0210615136827572 
17.969999999992 0 0.00194965804084553 105118 54 1797 0 1797 0.498877242192583 0.0149450759139238 6.59391187958748e-14 0.0213149030842457 
17.959999999992 0 0.00198676486963728 105117 54 1796 0 1796 0.499837410149468 0.0151627430853535 7.78384155112111e-14 0.0215657839368313 
17.949999999992 0 0.00202513472229414 105116 54 1795 0 1795 0.500807594942662 0.0153724009158676 8.82108781304397e-14 0.0218199675177027 
17.9399999999921 0 0.00211816616266467 105115 54 1794 0 1794 0.499078942127488 0.0156151507194882 9.76836333566819e-14 0.0220815807744321 
17.9299999999921 0 0.00215902879347601 105114 54 1793 0 1793 0.500053791077841 0.015823622485454 1.06413527227637e-13 0.0223479028644554 
17.9199999999921 0 0.00220177934437068 105113 54 1792 0 1792 0.501042992593331 0.0160424583566894 1.13764577313951e-13 0.0226263191102294 
17.9099999999921 0 0.00230158825821926 105112 54 1791 0 1791 0.499277036853874 0.0163028798006615 1.20884907191773e-13 0.0229065516967759 
17.8999999999921 0 0.00234768758094379 105111 54 1790 0 1790 0.500275736724162 0.0165387860001983 1.27532464679349e-13 0.0231859997492817 
17.8899999999921 0 0.00239560424293132 105110 54 1789 0 1789 0.501291795405255 0.0167809163608571 1.34002525776869e-13 0.0234557033452682 
17.8799999999921 0 0.002502893923345 105109 54 1788 0 1788 0.499493749240551 0.0170587122244891 1.40542727310143e-13 0.0237236831594304 
17.8699999999921 0 0.00255456194456923 105108 54 1787 0 1787 0.500501324407112 0.0172989739429536 1.467349053214e-13 0.0239873320585116 
17.8599999999921 0 0.00266652925313479 105107 54 1786 0 1786 0.498717452129603 0.0175750760932531 1.52646770712382e-13 0.0242604003081175 
17.8499999999921 0 0.00272238175880599 105106 54 1785 0 1785 0.499715907554883 0.0178187817662902 1.58073956262179e-13 0.0245366017207711 
17.8399999999922 0 0.00278070398328822 105105 54 1784 0 1784 0.500730177062136 0.0180745996076693 1.62849260846865e-13 0.0248189224186907 
17.8299999999922 0 0.00290134104081664 105104 54 1783 0 1783 0.498931057722583 0.0183716200002506 1.67464043291885e-13 0.0250940994776995 
17.8199999999922 0 0.00296422303526262 105103 54 1782 0 1782 0.499943287499706 0.0186372868712898 1.71499545101287e-13 0.0253618110872415 
17.8099999999922 0 0.00302997055356871 105102 54 1781 0 1781 0.500951038142718 0.0189023813118361 1.74406462552592e-13 0.0256260249208123 
17.7999999999922 0 0.0031591068396536 105101 54 1780 0 1780 0.49916284474287 0.0192060120882587 1.76969556520831e-13 0.0258952324287183 
17.7899999999922 0 0.00322999587844933 105100 54 1779 0 1779 0.500164880432241 0.0194783386807065 1.78480487469577e-13 0.0261670667890656 
17.7799999999922 0 0.00330420303580031 105099 54 1778 0 1778 0.501161692825913 0.0197513722661605 1.78734773024195e-13 0.0264223725785007 
17.7699999999922 0 0.00344273094943976 105098 54 1777 0 1777 0.499397540609249 0.020061653471073 1.78765042583053e-13 0.0266843216773729 
17.7599999999922 0 0.00352294189314385 105097 54 1776 0 1776 0.500376345910596 0.0203422817641987 1.77671239600422e-13 0.0269581565183548 
17.7499999999923 0 0.00360664822685562 105096 54 1775 0 1775 0.501347619795023 0.020628193553261 1.76153186785591e-13 0.0272056254783635 
17.7399999999923 0 0.00375518106598863 105095 54 1774 0 1774 0.499628138746615 0.0209479907198333 1.74882968055582e-13 0.0274489973469863 
17.7299999999923 0 0.00384630644018449 105094 54 1773 0 1773 0.500571229107016 0.0212297493789902 1.73505739521309e-13 0.0276974699705366 
17.7199999999923 0 0.00400109569145146 105093 54 1772 0 1772 0.498936944572447 0.0215524014196306 1.72865965785881e-13 0.0279486395439031 
17.7099999999923 0 0.00409915503945354 105092 54 1771 0 1771 0.499849286269702 0.0218478770368329 1.72110093580013e-13 0.0281954752989384 
17.6999999999923 0 0.00420199319964055 105091 54 1770 0 1770 0.500732699154475 0.0221446810884616 1.70828742166601e-13 0.028407930020734 
17.6899999999923 0 0.00436714973695254 105090 54 1769 0 1769 0.499193232475437 0.0224580001689913 1.68657965981417e-13 0.0286093415206256 
17.6799999999923 0 0.00447816377825862 105089 54 1768 0 1768 0.500045927783364 0.0227292739737972 1.65156956953572e-13 0.02879796322194 
17.6699999999923 0 0.00459367510028 105088 54 1767 0 1767 0.500847477578994 0.0229755073758617 1.6064091454643e-13 0.029004818960099 
17.6599999999923 0 0.00476795674100811 105087 54 1766 0 1766 0.499444222683821 0.0232519496019746 1.56962942699303e-13 0.0292310357046335 
17.6499999999923 0 0.00489231749012501 105086 54 1765 0 1765 0.500205029009025 0.0235081759645878 1.54010920138601e-13 0.0294822139800499 
17.6399999999924 0 0.00502404604996425 105085 54 1764 0 1764 0.500925457398143 0.0238004287206536 1.53140172189379e-13 0.0297304569890118 
17.6299999999924 0 0.00521198862992527 105084 54 1763 0 1763 0.499657329518654 0.0241266611742306 1.52544103265356e-13 0.0299599422298917 
17.6199999999924 0 0.00535523387545886 105083 54 1762 0 1762 0.500323794993141 0.0244383820033593 1.50922124365929e-13 0.0301363405478668 
17.6099999999924 0 0.00554850475493886 105082 54 1761 0 1761 0.499239344994705 0.0247604820608313 1.46844923921044e-13 0.0303103597218907 
17.5999999999924 0 0.00570133165168087 105081 54 1760 0 1760 0.499843469285313 0.0250576532560689 1.4146144103816e-13 0.0304837015460971 
17.5899999999924 0 0.00586227152531039 105080 54 1759 0 1759 0.500375954718714 0.0253548009866043 1.35689631962761e-13 0.0306669851341644 
17.5799999999924 0 0.00606955057896625 105079 54 1758 0 1758 0.499495674223623 0.0256406888568828 1.30283716384796e-13 0.0308416097202197 
17.5699999999924 0 0.0062462112409468 105078 54 1757 0 1757 0.499976289084271 0.0258901311965895 1.24944260119312e-13 0.0310075728528753 
17.5599999999924 0 0.00642951589314325 105077 54 1756 0 1756 0.500355911971499 0.0261564024132547 1.21168142847903e-13 0.0311762924603707 
17.5499999999925 0 0.00665058325298527 105076 54 1755 0 1755 0.499726525596197 0.0264524914885222 1.19122057528182e-13 0.0313431216947017 
17.5399999999925 0 0.00685427929431894 105075 54 1754 0 1754 0.500045106301155 0.0267592290196001 1.18926184708482e-13 0.0315043065608228 
17.5299999999925 0 0.00706780791082157 105074 54 1753 0 1753 0.500245661334305 0.0271008977311182 1.16422457612335e-13 0.0317116174445199 
17.5199999999925 0 0.00730438895795855 105073 54 1752 0 1752 0.499911772600411 0.0274521602263638 1.11983471469016e-13 0.0318893749216472 
17.5099999999925 0 0.00753514268009809 105072 54 1751 0 1751 0.500030647131419 0.0277984090225942 1.04179121171775e-13 0.0319959315870081 
18.009999999992 0 0.0017108831352158 107195 55 1801 0 1801 0.500360686067074 0.0139866929092338 8.84519077216056e-15 0.0202810409701579 
18.4999999999915 0 0.000400940125043261 107244 55 1850 0 1850 0.500528191925368 0.00647269972001588 -1.03141375470355e-11 0.00940413324272633 
18.4899999999915 0 0.000424615950549294 107243 55 1849 0 1849 0.499846547087789 0.00657643243665006 -9.63245706511558e-12 0.00957120717773415 
18.4799999999915 0 0.00043101189895023 107242 55 1848 0 1848 0.500240931527631 0.00667203600744423 -8.95186254930676e-12 0.00974096205400831 
18.4699999999915 0 0.000456149280373502 107241 55 1847 0 1847 0.49952301559825 0.00678001654884479 -8.28805175075055e-12 0.00991323829198418 
18.4599999999915 0 0.000462998362590217 107240 55 1846 0 1846 0.499929188287759 0.00687845534673314 -7.60970004448534e-12 0.0100869227725389 
18.4499999999916 0 0.000470059462490264 107239 55 1845 0 1845 0.500353718396264 0.00697910966775872 -6.92793076254708e-12 0.0102639390959815 
18.4399999999916 0 0.000497263546657132 107238 55 1844 0 1844 0.49958470422764 0.00709292486141637 -6.29602802921673e-12 0.0104430710552533 
18.4299999999916 0 0.000504721331440103 107237 55 1843 0 1843 0.500024404257763 0.00719628364636097 -5.68613115024676e-12 0.0106237091838012 
18.4199999999916 0 0.000512482849908569 107236 55 1842 0 1842 0.50048144899668 0.00730216574773071 -5.14210339050766e-12 0.010807948529041 
18.4099999999916 0 0.000541899379377668 107235 55 1841 0 1841 0.499659096266685 0.00742212583822091 -4.63413857148171e-12 0.0109940044742647 
18.3999999999916 0 0.000550136458550415 107234 55 1840 0 1840 0.50013096827384 0.00753096284788729 -4.15450121725255e-12 0.011182011611289 
18.3899999999916 0 0.000558562016498999 107233 55 1839 0 1839 0.500625036397824 0.00764207036061915 -3.76630660828742e-12 0.01137318201001 
18.3799999999916 0 0.000590346397482187 107232 55 1838 0 1838 0.499747154915403 0.00776851720094086 -3.43235383588844e-12 0.0115662172665793 
18.3699999999916 0 0.000599446062213693 107231 55 1837 0 1837 0.500252526507236 0.00788316283660048 -3.17076301785667e-12 0.0117616460997977 
18.3599999999916 0 0.000633098048738241 107230 55 1836 0 1836 0.499333275662799 0.00801478315898383 -2.98589332252155e-12 0.0119600534511157 
18.3499999999916 0 0.00064292195292213 107229 55 1835 0 1835 0.499849810637261 0.00813310310310331 -2.8313039854559e-12 0.012159837803 
18.3399999999917 0 0.000652977785741804 107228 55 1834 0 1834 0.500389944647676 0.00825392908597759 -2.72416427596644e-12 0.0123627187695997 
18.3299999999917 0 0.000689291690505606 107227 55 1833 0 1833 0.499411837650037 0.00839272507510573 -2.62143709524311e-12 0.0125681458474063 
18.3199999999917 0 0.00069997512168034 107226 55 1832 0 1832 0.499967948420174 0.00851699678488115 -2.5110412906995e-12 0.0127749331564324 
18.3099999999917 0 0.00071109263138843 107225 55 1831 0 1831 0.500544025153092 0.00864441883481692 -2.37074867554127e-12 0.0129852693987316 
18.2999999999917 0 0.000750255621164674 107224 55 1830 0 1830 0.49950515573938 0.00879082861040959 -2.22210793446604e-12 0.0131977131465501 
18.2899999999917 0 0.000762027631619356 107223 55 1829 0 1829 0.500098803880721 0.00892180773916201 -2.05254949926435e-12 0.0134118348718939 
18.2799999999917 0 0.000774189864349794 107222 55 1828 0 1828 0.500715486383777 0.00905591136174202 -1.87545467774186e-12 0.0136292504433705 
18.2699999999917 0 0.000816403593658139 107221 55 1827 0 1827 0.499614080828656 0.00921041138173792 -1.70476905560409e-12 0.0138486737304144 
18.2599999999917 0 0.000829435909139518 107220 55 1826 0 1826 0.500245127450874 0.00934870411849414 -1.53518984668614e-12 0.0140701833572392 
18.2499999999918 0 0.000842712655503117 107219 55 1825 0 1825 0.500904929625352 0.00948980714729394 -1.38041325834573e-12 0.0142944804215495 
18.2399999999918 0 0.000888194539279317 107218 55 1824 0 1824 0.499739389698053 0.00965289935170171 -1.23763736060772e-12 0.0145207886425542 
18.2299999999918 0 0.000902633568495361 107217 55 1823 0 1823 0.500408676491884 0.00979901307969201 -1.10769307281433e-12 0.0147495412365179 
18.2199999999918 0 0.000950656871824125 107216 55 1822 0 1822 0.499198118815495 0.00996892903474143 -9.93584449134199e-13 0.0149810250884328 
18.2099999999918 0 0.000966137446695043 107215 55 1821 0 1821 0.499881746049767 0.0101197078304041 -8.84692123356247e-13 0.0152135884312165 
18.1999999999918 0 0.00098214918418797 107214 55 1820 0 1820 0.500589886929901 0.0102741180400194 -7.9133348364436e-13 0.0154493683031142 
18.1899999999918 0 0.00103384733465921 107213 55 1819 0 1819 0.499313747025263 0.0104534624372945 -7.07775399861819e-13 0.0156874411762517 
18.1799999999918 0 0.0010508535782018 107212 55 1818 0 1818 0.500040266546405 0.0106123688308528 -6.28482794495931e-13 0.0159265839336059 
18.1699999999918 0 0.00106857129073208 107211 55 1817 0 1817 0.500788993889286 0.0107754721863852 -5.6064841064733e-13 0.0161690332741689 
18.1599999999918 0 0.00112420857405425 107210 55 1816 0 1816 0.499446581414502 0.0109647920908819 -4.98622748983382e-13 0.0164134433825061 
18.1499999999918 0 0.00114310476902139 107209 55 1815 0 1815 0.500212251933747 0.0111328660443147 -4.4021374397306e-13 0.0166591575434266 
18.1399999999919 0 0.00116255963630607 107208 55 1814 0 1814 0.501005947780911 0.0113047295281762 -3.88203970273061e-13 0.0169075301205771 
18.1299999999919 0 0.00122241951286488 107207 55 1813 0 1813 0.499597043362198 0.0115045393509123 -3.40464307008291e-13 0.017157853818277 
18.1199999999919 0 0.00124343954501017 107206 55 1812 0 1812 0.500401671346117 0.0116823012586437 -2.95864112218807e-13 0.0174096156439541 
18.1099999999919 0 0.00130652867130668 107205 55 1811 0 1811 0.498950200706093 0.0118903476798309 -2.56425566890367e-13 0.0176641446643954 
18.0999999999919 0 0.00132923554674929 107204 55 1810 0 1810 0.499765234856742 0.0120741783464166 -2.18075518936451e-13 0.0179192181144537 
18.0899999999919 0 0.00135264701533145 107203 55 1809 0 1809 0.50060818521473 0.0122622390193276 -1.83998814342521e-13 0.0181764276501658 
18.0799999999919 0 0.00142048016883166 107202 55 1808 0 1808 0.499092375611574 0.0124817519270539 -1.53301239826045e-13 0.0184358979470705 
18.0699999999919 0 0.00144550538323335 107201 55 1807 0 1807 0.499950914495125 0.0126755489209905 -1.2350204218528e-13 0.0186957086724697 
18.0599999999919 0 0.0014716154324826 107200 55 1806 0 1806 0.500831031596599 0.0128747412172188 -9.71271260076822e-14 0.0189575039250913 
18.049999999992 0 0.00154453534336686 107199 55 1805 0 1805 0.49925255850262 0.0131065180623332 -7.27155446895515e-14 0.019221044235595 
18.039999999992 0 0.00157240031589284 107198 55 1804 0 1804 0.500148823730173 0.0133117762626635 -4.92018497698863e-14 0.0194847542499273 
18.029999999992 0 0.00160134663117524 107197 55 1803 0 1803 0.501068941927081 0.0135227420408682 -2.83511052953769e-14 0.0197496682140489 
18.019999999992 0 0.00167972438489935 107196 55 1802 0 1802 0.499430313201675 0.0137680695204448 -9.0779771178208e-15 0.020015749453282 
18.999999999991 0 8.58103242564554e-05 107294 55 1900 0 1900 0.500132908270653 0.00331958118778862 -4.79360175545552e-11 0.00363003897293493 
18.989999999991 0 9.13042605148401e-05 107293 55 1899 0 1899 0.499961042528333 0.00335684965279771 -4.53543190558304e-11 0.00370390668694718 
18.979999999991 0 9.26030249129928e-05 107292 55 1898 0 1898 0.500061208594105 0.00339352812845553 -4.27274502312791e-11 0.00377936293101908 
18.969999999991 0 9.84802723636652e-05 107291 55 1897 0 1897 0.499877681651261 0.00343288599695546 -3.9985415444199e-11 0.00385621778922636 
18.959999999991 0 9.98725460027985e-05 107290 55 1896 0 1896 0.49998169851461 0.00347107926229402 -3.71423030179689e-11 0.00393398144825961 
18.9499999999911 0 0.000101304885900366 107289 55 1895 0 1895 0.500091490447385 0.00351051395385843 -3.41972175669999e-11 0.00401371089059954 
18.9399999999911 0 0.000107724870336242 107288 55 1894 0 1894 0.499891475270224 0.0035526976596525 -3.1401078523293e-11 0.00409464012452693 
18.9299999999911 0 0.000109231395652858 107287 55 1893 0 1893 0.500006382561406 0.00359356119448613 -2.87051015073351e-11 0.00417658893765521 
18.9199999999911 0 0.000110801796480887 107286 55 1892 0 1892 0.500126997699932 0.00363580355574334 -2.65733302829508e-11 0.00426075441674048 
18.9099999999911 0 0.000117814238658225 107285 55 1891 0 1891 0.499909070915551 0.00368092795888877 -2.47298543815098e-11 0.00434596510167366 
18.8999999999911 0 0.000119476662790353 107284 55 1890 0 1890 0.500034965170948 0.0037247014029265 -2.32478561293254e-11 0.00443253962137403 
18.8899999999911 0 0.000121166970313737 107283 55 1889 0 1889 0.500168414798551 0.00376970742284761 -2.21687002772358e-11 0.00452114568734339 
18.8799999999911 0 0.000128825672651934 107282 55 1888 0 1888 0.49993105354871 0.00381789705752079 -2.12667949152106e-11 0.00461084647805 
18.8699999999911 0 0.000130660584601438 107281 55 1887 0 1887 0.500068929988731 0.0038646909837537 -2.05824741997907e-11 0.00470228395357035 
18.8599999999911 0 0.000138850687232326 107280 55 1886 0 1886 0.499815736691447 0.00391531201214233 -2.00855182709193e-11 0.0047955693174888 
18.8499999999912 0 0.000140843059342401 107279 55 1885 0 1885 0.499958069129596 0.00396394099185759 -1.96730549969399e-11 0.00488993763122424 
18.8399999999912 0 0.000142868758294044 107278 55 1884 0 1884 0.500108991480121 0.00401386872935703 -1.94171232766858e-11 0.00498647571040002 
18.8299999999912 0 0.00015181130606982 107277 55 1883 0 1883 0.499833425142061 0.00406779036818691 -1.92431332666564e-11 0.00508462129862818 
18.8199999999912 0 0.000153957312940264 107276 55 1882 0 1882 0.499990825267147 0.00411940703268973 -1.91052747563489e-11 0.00518389180985636 
18.8099999999912 0 0.000156193958735895 107275 55 1881 0 1881 0.500155924925694 0.00417258588277851 -1.90499045469583e-11 0.00528576592939207 
18.7999999999912 0 0.000165955140434982 107274 55 1880 0 1880 0.499856186713663 0.00422994926019175 -1.89965238593579e-11 0.00538897709679972 
18.7899999999912 0 0.000168310441822288 107273 55 1879 0 1879 0.500028753798746 0.00428482546354377 -1.89141569759463e-11 0.0054936173513275 
18.7799999999912 0 0.000170736611625426 107272 55 1878 0 1878 0.500210564440471 0.0043412057054433 -1.89434679931651e-11 0.00560079561151007 
18.7699999999912 0 0.000181387402969004 107271 55 1877 0 1877 0.499884759271232 0.00440215779621059 -1.90527523363471e-11 0.00570927337885536 
18.7599999999912 0 0.000183988758089642 107270 55 1876 0 1876 0.500073310011697 0.00446047033903508 -1.92457863965821e-11 0.0058195949563889 
18.7499999999912 0 0.000186605291230437 107269 55 1875 0 1875 0.500273799250525 0.00452010200945888 -1.90727051028082e-11 0.00593218921003173 
18.7399999999913 0 0.000198221611512533 107268 55 1874 0 1874 0.49991994002689 0.00458479492683147 -1.87015816912953e-11 0.0060461281303068 
18.7299999999913 0 0.000201094773394758 107267 55 1873 0 1873 0.500125761059435 0.00464666803562492 -1.79085803134318e-11 0.00616234993138109 
18.7199999999913 0 0.000213498939020686 107266 55 1872 0 1872 0.499749353014768 0.00471432350685921 -1.70945669141346e-11 0.00628060828879725 
18.7099999999913 0 0.000216580101796177 107265 55 1871 0 1871 0.499962581606013 0.00477824718372228 -1.62568569700653e-11 0.00640013514631829 
18.6999999999913 0 0.000219753351611567 107264 55 1870 0 1870 0.500187013816339 0.00484380711149711 -1.55539961807532e-11 0.00652246558003985 
18.6899999999913 0 0.000233269680483062 107263 55 1869 0 1869 0.499778866998664 0.00491548485253721 -1.49807087647882e-11 0.00664651615656311 
18.6799999999913 0 0.000236613973928748 107262 55 1868 0 1868 0.500013002084784 0.00498297515484118 -1.4491390259619e-11 0.00677195901244536 
18.6699999999913 0 0.000240098956570599 107261 55 1867 0 1867 0.500258017692331 0.00505228592126347 -1.41661752346385e-11 0.00690049413601426 
18.6599999999913 0 0.000254817611890596 107260 55 1866 0 1866 0.499815937597055 0.00512815241912041 -1.39013587180862e-11 0.00703050670522895 
18.6499999999914 0 0.000258511556306633 107259 55 1865 0 1865 0.500070758631381 0.00519952942022583 -1.36777832756276e-11 0.00716234466927453 
18.6399999999914 0 0.000262276299043639 107258 55 1864 0 1864 0.500339755828864 0.00527251594271419 -1.35126384638243e-11 0.0072969526113832 
18.6299999999914 0 0.000278292855587811 107257 55 1863 0 1863 0.499861489284247 0.0053527447131931 -1.34184494892595e-11 0.00743308557122677 
18.6199999999914 0 0.000282372473483058 107256 55 1862 0 1862 0.500138435716393 0.00542814603621883 -1.3418929162764e-11 0.00757149292989235 
18.6099999999914 0 0.00029943737099793 107255 55 1861 0 1861 0.49963158509659 0.00551182182374796 -1.34848846497068e-11 0.00771241666946847 
18.5999999999914 0 0.000303856691256279 107254 55 1860 0 1860 0.499916481673466 0.00558970019649962 -1.35246294874404e-11 0.00785471930827922 
18.5899999999914 0 0.00030836154806183 107253 55 1859 0 1859 0.500217017372075 0.00566927204500221 -1.34152599524332e-11 0.0079998549848392 
18.5799999999914 0 0.000326905909191697 107252 55 1858 0 1858 0.499669977062477 0.00575763990966861 -1.32220527076739e-11 0.00814714458952141 
18.5699999999914 0 0.000331682467064206 107251 55 1857 0 1857 0.499981899576125 0.00583948437507442 -1.29395732595802e-11 0.00829583423666831 
18.5599999999914 0 0.000336656063750319 107250 55 1856 0 1856 0.500307502642677 0.00592338526889122 -1.26528665747232e-11 0.00844784172057867 
18.5499999999914 0 0.000356791124480231 107249 55 1855 0 1855 0.499717938384002 0.00601664875470408 -1.24114691768403e-11 0.00860161965764557 
18.5399999999915 0 0.000362037948608476 107248 55 1854 0 1854 0.500056372625079 0.00610283615051918 -1.21816700584504e-11 0.00875714328189313 
18.5299999999915 0 0.000367446935696757 107247 55 1853 0 1853 0.500410894987685 0.00619100430078815 -1.18884273904298e-11 0.00891582382989495 
18.5199999999915 0 0.000389290230400542 107246 55 1852 0 1852 0.499776462051653 0.00628938292073403 -1.15237788908378e-11 0.00907620043021175 
18.5099999999915 0 0.000395083468393136 107245 55 1851 0 1851 0.50014214040612 0.00638017382070733 -1.09814676563865e-11 0.00923878631409122 
